Age,MonthlySalary,YearsWithCompany,YearsInRole,AppraisalRating,TrainingHours,DoesOvertime,JobSatisfaction,WorkLifeBalance,PreviousCompanies,DistanceFromHome,LeavesTaken,JoiningYear,JoiningMonth,RoleStagnationRatio,TrainingPerYear,AgeGroup_encoded,SalaryLevel_encoded,CommuteCategory_encoded,Gender_Male,Gender_Other,Department_Admin,Department_HR,Department_IT,Department_Sales,Designation_HR Executive,Designation_Office Assistant,Designation_Sales Associate,Designation_Software Engineer,EducationQualification_BA,EducationQualification_Diploma,EducationQualification_M.Com,EducationQualification_MBA,MaritalStatus_Married,MaritalStatus_Single,City_Chennai,City_Delhi,City_Hyderabad,City_Kolkata,City_Mumbai,City_Pune
39,105222,4,3,3,16,0,4,1,2,34.5,28,2021,3,0.75,4.0,1,3,2,0,1,1,0,0,0,0,1,0,0,1,0,0,0,0,0,0,0,0,0,1,0
57,76527,3,0,4,16,0,4,2,1,3.3,30,2022,3,0.0,5.3,3,2,0,0,1,0,0,0,0,0,0,0,0,1,0,0,0,0,1,0,0,0,0,0,0
28,107965,5,3,1,34,1,4,4,4,5.5,6,2020,5,0.6,6.8,0,3,0,1,0,0,1,0,0,0,1,0,0,0,1,0,0,1,0,0,0,0,0,1,0
40,50066,7,3,1,56,1,3,4,4,29.6,6,2018,8,0.43,8.0,1,1,2,1,0,0,1,0,0,0,0,1,0,1,0,0,0,0,1,0,0,1,0,0,0
23,56078,3,3,1,26,1,5,3,0,3.8,7,2022,4,1.0,8.7,0,1,0,1,0,0,0,1,0,0,0,1,0,0,1,0,0,0,1,1,0,0,0,0,0
46,52577,5,1,3,44,1,4,4,5,47.6,14,2020,6,0.2,8.8,2,1,2,1,0,0,0,0,0,0,0,0,1,1,0,0,0,0,1,0,0,0,0,0,1
27,33761,7,0,3,35,0,2,4,4,15.2,5,2018,6,0.0,5.0,0,0,1,1,0,0,0,0,0,1,0,0,0,0,0,0,0,0,0,0,0,0,0,0,1
60,81143,6,2,2,7,1,1,1,0,5.9,19,2019,10,0.33,1.2,3,2,0,1,0,0,0,1,0,0,0,1,0,0,0,0,1,0,0,0,0,0,0,0,0
41,110999,4,2,2,8,1,3,3,4,9.0,12,2021,9,0.5,2.0,2,3,0,0,1,1,0,0,0,0,1,0,0,0,0,1,0,0,1,0,0,1,0,0,0
39,100583,6,1,1,5,0,5,4,4,41.7,16,2019,4,0.17,0.8,1,3,2,1,0,0,0,1,0,0,0,1,0,0,1,0,0,0,0,0,0,0,0,0,1
53,33887,5,0,4,39,0,3,2,0,24.6,25,2020,10,0.0,7.8,3,0,1,1,0,0,0,0,0,0,0,0,1,0,1,0,0,0,1,0,0,0,0,0,1
35,97820,3,1,4,41,0,5,4,3,45.1,7,2022,10,0.33,13.7,1,2,2,1,0,0,0,1,0,0,0,0,0,0,0,0,0,0,1,0,0,0,1,0,0
58,98795,10,10,2,24,1,5,1,2,21.5,16,2015,8,1.0,2.4,3,2,1,1,0,0,0,0,0,0,0,0,0,0,1,0,0,1,0,0,0,0,0,0,0
42,40427,9,8,4,20,0,1,2,0,23.5,11,2016,4,0.89,2.2,2,1,1,0,0,0,0,0,0,1,0,0,0,0,1,0,0,1,0,1,0,0,0,0,0
50,34859,3,2,1,21,0,1,1,0,25.4,23,2022,4,0.67,7.0,2,0,2,0,0,0,0,1,0,0,0,0,0,0,0,1,0,1,0,0,0,0,0,1,0
42,42114,5,0,2,0,1,2,2,5,2.3,2,2020,5,0.0,0.0,2,1,0,0,0,1,0,0,0,0,0,0,1,0,0,0,0,0,0,0,0,0,0,0,0
35,111288,3,3,3,32,0,1,4,0,17.5,22,2022,9,1.0,10.7,1,3,1,0,0,0,0,0,0,1,0,0,0,0,0,1,0,1,0,0,0,1,0,0,0
46,31674,1,1,5,2,0,3,1,0,47.4,5,2024,3,1.0,2.0,2,0,2,1,0,0,0,0,1,0,0,0,1,1,0,0,0,0,0,0,0,0,0,0,0
27,70922,5,0,2,9,0,1,1,4,24.4,3,2020,10,0.0,1.8,0,2,1,0,0,0,0,0,0,0,0,1,0,0,1,0,0,1,0,0,0,0,0,0,1
25,63667,10,5,5,12,1,4,3,5,21.4,16,2015,10,0.5,1.2,0,1,1,0,1,0,0,1,0,0,0,1,0,0,0,0,1,1,0,1,0,0,0,0,0
56,25382,6,2,5,55,1,5,3,2,39.5,3,2019,5,0.33,9.2,3,0,2,1,0,0,0,1,0,0,1,0,0,0,0,1,0,0,0,0,0,0,1,0,0
46,85519,6,0,4,5,1,3,1,2,17.1,14,2019,3,0.0,0.8,2,2,1,0,1,0,0,0,0,0,0,0,0,0,0,1,0,0,0,0,0,0,0,0,0
38,97561,5,2,4,24,0,2,2,5,8.2,29,2020,2,0.4,4.8,1,2,0,1,0,0,0,1,0,0,0,1,0,0,0,0,1,1,0,0,0,1,0,0,0
51,67765,10,8,4,47,0,2,1,5,22.2,18,2015,10,0.8,4.7,3,1,1,0,1,0,0,0,0,0,0,0,1,0,0,1,0,0,0,0,0,1,0,0,0
34,98746,7,7,4,43,1,5,2,2,11.8,23,2018,3,1.0,6.1,1,2,1,0,0,1,0,0,0,1,0,0,0,0,1,0,0,0,1,0,0,0,0,0,1
36,74379,3,2,2,1,1,4,2,5,46.2,5,2022,8,0.67,0.3,1,2,2,1,0,0,1,0,0,0,1,0,0,0,1,0,0,0,1,0,0,1,0,0,0
29,107718,2,1,5,26,0,2,3,2,47.6,16,2023,10,0.5,13.0,0,3,2,1,0,1,0,0,0,0,0,0,1,0,1,0,0,1,0,0,0,1,0,0,0
41,106274,1,1,4,23,1,4,3,5,17.5,18,2024,2,1.0,23.0,2,3,1,0,1,0,1,0,0,1,0,0,0,0,0,0,1,0,1,0,1,0,0,0,0
36,82714,9,2,5,32,0,5,3,3,35.0,9,2016,8,0.22,3.6,1,2,2,1,0,0,1,0,0,0,1,0,0,0,1,0,0,0,0,0,1,0,0,0,0
47,110480,4,0,3,13,0,5,2,5,14.7,27,2021,3,0.0,3.2,2,3,1,1,0,0,0,1,0,0,0,1,0,1,0,0,0,1,0,0,0,0,1,0,0
29,60024,4,1,2,56,0,3,2,2,36.8,9,2021,9,0.25,14.0,0,1,2,0,1,0,0,0,0,1,0,0,0,0,0,0,1,0,1,0,0,0,0,1,0
51,37832,3,3,1,39,1,2,3,4,17.4,28,2022,3,1.0,13.0,3,0,1,0,0,0,1,0,0,0,1,0,0,0,0,0,1,1,0,0,0,1,0,0,0
50,82054,5,5,4,48,1,4,3,2,20.2,13,2020,12,1.0,9.6,2,2,1,1,0,0,1,0,0,0,0,0,0,0,0,1,0,0,1,0,0,0,0,1,0
24,74571,7,1,3,34,1,5,3,1,23.4,1,2018,8,0.14,4.9,0,2,1,1,0,0,0,0,0,0,0,1,0,0,1,0,0,0,1,0,0,0,0,0,1
45,44566,2,0,5,6,0,2,4,3,34.7,30,2023,10,0.0,3.0,2,1,2,0,0,0,0,1,0,0,1,0,0,0,1,0,0,0,0,0,0,0,0,0,1
25,100071,8,0,3,41,0,3,1,0,5.7,30,2017,8,0.0,5.1,0,3,0,1,0,0,0,0,1,0,0,1,0,0,0,1,0,1,0,0,1,0,0,0,0
54,64559,9,9,5,12,0,2,3,3,1.8,17,2016,8,1.0,1.3,3,1,0,1,0,0,0,0,0,1,0,0,0,0,0,0,1,0,0,0,0,0,0,0,0
59,99661,8,5,3,4,0,1,1,4,49.5,24,2017,6,0.62,0.5,3,2,2,0,0,0,0,0,0,0,1,0,0,0,0,0,0,0,1,1,0,0,0,0,0
29,67988,9,5,4,39,0,5,4,0,43.0,22,2016,10,0.56,4.3,0,1,2,0,1,0,0,1,0,0,1,0,0,0,0,0,0,0,0,0,0,0,0,0,1
25,46863,6,3,5,36,1,3,4,2,47.4,16,2019,3,0.5,6.0,0,1,2,1,0,0,0,0,0,0,0,1,0,0,0,0,0,0,1,0,1,0,0,0,0
32,66298,8,4,5,27,1,1,4,5,14.7,25,2017,6,0.5,3.4,1,1,1,0,1,0,0,0,0,0,0,0,1,0,0,1,0,0,0,0,1,0,0,0,0
42,64615,2,1,1,11,0,1,4,2,2.9,9,2023,4,0.5,5.5,2,1,0,0,1,1,0,0,0,0,0,0,1,0,0,0,0,0,0,0,0,0,0,0,1
38,19114,5,3,4,31,0,2,4,0,35.0,22,2020,12,0.6,6.2,1,0,2,0,1,0,0,0,1,1,0,0,0,0,0,1,0,0,1,0,1,0,0,0,0
30,112302,4,1,5,32,1,5,2,3,16.4,11,2021,7,0.25,8.0,0,3,1,0,0,1,0,0,0,0,0,1,0,1,0,0,0,0,1,0,0,0,0,0,1
57,59954,8,4,3,22,0,3,1,5,20.4,10,2017,3,0.5,2.8,3,1,1,1,0,1,0,0,0,0,0,0,0,0,0,0,1,1,0,0,0,1,0,0,0
60,89220,1,0,4,28,0,4,1,0,10.7,12,2024,3,0.0,28.0,3,2,1,1,0,0,0,0,0,1,0,0,0,0,0,0,0,0,0,1,0,0,0,0,0
54,60609,3,1,3,20,0,1,2,0,5.5,7,2022,5,0.33,6.7,3,1,0,0,1,1,0,0,0,1,0,0,0,0,0,1,0,1,0,0,0,0,0,1,0
22,95317,9,8,2,43,1,1,4,2,20.3,1,2016,2,0.89,4.8,0,2,1,0,0,0,0,0,0,0,1,0,0,0,0,1,0,0,1,0,0,0,1,0,0
26,23545,8,6,4,11,1,5,3,2,18.2,11,2017,6,0.75,1.4,0,0,1,0,0,0,1,0,0,0,1,0,0,0,0,0,0,0,1,1,0,0,0,0,0
28,59790,8,0,3,7,1,3,4,5,19.9,15,2017,3,0.0,0.9,0,1,1,1,0,0,0,1,0,0,1,0,0,0,0,0,0,0,1,0,0,0,1,0,0
29,40268,3,2,1,32,0,5,4,2,48.1,2,2022,1,0.67,10.7,0,1,2,1,0,0,1,0,0,1,0,0,0,0,1,0,0,0,1,0,0,0,0,0,0
29,81650,6,3,4,28,0,3,1,2,34.2,25,2019,6,0.5,4.7,0,2,2,0,1,0,0,0,1,0,0,0,1,0,0,1,0,1,0,0,0,0,1,0,0
28,33330,7,2,3,39,1,4,3,1,26.8,18,2018,8,0.29,5.6,0,0,2,0,1,0,0,0,1,0,1,0,0,0,0,0,0,0,0,0,0,0,1,0,0
29,80577,10,0,1,44,1,5,1,5,23.8,20,2015,9,0.0,4.4,0,2,1,0,1,0,0,1,0,0,0,0,1,0,1,0,0,0,0,0,0,0,0,0,0
40,60645,3,0,1,18,1,5,4,3,42.9,9,2022,5,0.0,6.0,1,1,2,0,1,0,1,0,0,1,0,0,0,0,1,0,0,0,1,0,0,0,0,0,1
33,107158,7,3,4,35,1,1,4,0,25.7,12,2018,4,0.43,5.0,1,3,2,1,0,0,0,0,1,1,0,0,0,0,0,1,0,1,0,0,0,1,0,0,0
38,18301,10,7,4,27,1,5,4,3,46.0,27,2015,9,0.7,2.7,1,0,2,1,0,0,0,0,0,0,0,0,1,1,0,0,0,1,0,0,0,0,1,0,0
48,26522,5,4,1,34,0,1,4,4,35.9,11,2020,4,0.8,6.8,2,0,2,1,0,0,0,1,0,0,1,0,0,0,1,0,0,0,1,1,0,0,0,0,0
38,42977,5,0,4,56,1,3,1,5,27.7,6,2020,1,0.0,11.2,1,1,2,1,0,0,0,0,0,0,1,0,0,0,1,0,0,1,0,0,0,0,0,0,0
46,114714,4,2,3,39,1,2,2,5,48.8,10,2021,1,0.5,9.8,2,3,2,1,0,0,0,1,0,0,1,0,0,0,0,0,0,0,1,0,0,0,0,0,0
23,40406,7,7,4,44,0,1,3,0,15.6,3,2018,11,1.0,6.3,0,1,1,0,1,0,0,0,1,0,0,1,0,0,0,1,0,0,0,0,0,0,1,0,0
37,15936,7,3,4,56,1,1,4,0,7.1,12,2018,10,0.43,8.0,1,0,0,0,1,1,0,0,0,0,0,0,1,1,0,0,0,1,0,0,1,0,0,0,0
58,57007,10,8,4,29,0,4,1,5,29.8,11,2015,12,0.8,2.9,3,1,2,0,0,0,0,1,0,0,0,1,0,0,0,0,1,0,1,0,0,0,0,1,0
43,111390,2,0,5,31,1,2,3,3,27.7,14,2023,5,0.0,15.5,2,3,2,0,0,0,1,0,0,0,1,0,0,0,1,0,0,1,0,1,0,0,0,0,0
44,111542,3,2,3,32,0,1,3,3,35.0,19,2022,5,0.67,10.7,2,3,2,1,0,0,0,1,0,0,0,0,0,0,0,0,1,1,0,1,0,0,0,0,0
44,61130,6,0,2,25,1,4,3,2,15.6,4,2019,3,0.0,4.2,2,1,1,0,1,0,0,1,0,0,0,0,1,0,0,0,1,0,0,0,0,1,0,0,0
56,29571,6,3,4,31,0,2,2,3,36.0,17,2019,2,0.5,5.2,3,0,2,0,0,0,0,0,1,0,0,1,0,0,0,0,1,0,1,0,0,0,1,0,0
33,30839,7,1,5,30,1,5,4,3,31.0,15,2018,1,0.14,4.3,1,0,2,1,0,0,1,0,0,0,1,0,0,0,0,1,0,1,0,0,0,0,0,1,0
59,61130,3,1,1,11,0,3,3,3,22.9,3,2022,12,0.33,3.7,3,1,1,0,1,1,0,0,0,0,1,0,0,0,0,1,0,1,0,0,1,0,0,0,0
50,116485,2,0,3,42,0,3,4,1,13.0,12,2023,3,0.0,21.0,2,3,1,1,0,0,0,1,0,1,0,0,0,0,0,0,0,0,0,0,0,0,0,0,0
44,82653,9,5,5,32,1,5,2,3,30.9,8,2016,9,0.56,3.6,2,2,2,1,0,0,0,1,0,0,0,0,1,0,0,0,1,1,0,0,0,0,1,0,0
43,71631,9,6,3,42,0,2,2,3,28.4,27,2016,3,0.67,4.7,2,2,2,0,1,1,0,0,0,0,0,0,0,0,0,0,1,0,0,1,0,0,0,0,0
29,16191,3,0,3,34,0,1,1,0,44.9,1,2022,4,0.0,11.3,0,0,2,1,0,1,0,0,0,0,0,0,0,0,0,0,1,0,0,0,0,0,1,0,0
46,69732,7,6,1,41,0,3,1,1,42.3,7,2018,9,0.86,5.9,2,1,2,0,0,0,0,0,0,1,0,0,0,0,1,0,0,0,1,0,0,0,0,0,0
45,109704,9,1,2,53,0,2,2,0,7.7,7,2016,5,0.11,5.9,2,3,0,0,1,0,1,0,0,0,1,0,0,0,1,0,0,0,0,0,0,0,0,0,0
30,48783,9,3,1,30,0,1,4,5,32.6,21,2016,3,0.33,3.3,0,1,2,0,1,0,0,0,1,0,0,0,0,0,1,0,0,1,0,0,0,0,0,1,0
45,50724,4,0,4,59,0,3,3,0,34.3,9,2021,5,0.0,14.8,2,1,2,0,0,0,0,0,0,0,0,0,0,0,1,0,0,0,1,1,0,0,0,0,0
53,26948,5,1,3,14,1,5,2,0,33.6,6,2020,5,0.2,2.8,3,0,2,0,1,0,0,0,0,0,1,0,0,0,0,0,1,0,0,0,0,0,0,0,1
41,56600,6,6,4,35,0,4,4,3,11.0,3,2019,11,1.0,5.8,2,1,1,1,0,1,0,0,0,0,0,0,1,0,1,0,0,0,0,1,0,0,0,0,0
53,87127,4,4,4,43,0,5,1,3,15.0,12,2021,2,1.0,10.8,3,2,1,0,0,0,0,0,0,0,1,0,0,0,0,0,0,0,1,1,0,0,0,0,0
51,100447,7,5,4,43,0,5,1,2,34.6,8,2018,6,0.71,6.1,3,3,2,0,0,0,0,0,0,0,0,0,1,0,0,0,1,0,1,0,0,0,0,0,1
59,28751,5,5,1,35,1,2,2,3,7.3,19,2020,4,1.0,7.0,3,0,0,0,0,0,0,0,0,0,0,0,1,1,0,0,0,0,1,0,0,0,0,0,0
54,18701,6,5,3,59,1,3,4,3,11.3,6,2019,4,0.83,9.8,3,0,1,0,1,0,0,0,1,0,0,0,1,0,0,0,1,0,1,0,0,1,0,0,0
33,85210,2,2,2,53,1,4,3,4,17.5,10,2023,7,1.0,26.5,1,2,1,0,1,0,0,1,0,0,1,0,0,0,0,0,0,0,0,0,1,0,0,0,0
26,79164,9,3,2,4,1,2,4,3,2.9,2,2016,6,0.33,0.4,0,2,0,0,0,0,0,1,0,0,0,1,0,0,0,0,0,1,0,0,0,0,0,0,1
50,21264,3,1,3,0,0,3,2,5,41.9,16,2022,11,0.33,0.0,2,0,2,1,0,0,0,1,0,0,0,1,0,0,0,1,0,0,1,0,0,0,0,1,0
39,113272,1,0,4,43,0,3,4,3,9.8,2,2024,1,0.0,43.0,1,3,0,0,1,0,0,0,0,0,0,1,0,0,0,0,0,0,0,1,0,0,0,0,0
53,111869,10,9,1,2,1,2,1,3,27.1,1,2015,12,0.9,0.2,3,3,2,0,1,0,1,0,0,0,0,0,0,0,0,0,1,0,1,0,0,1,0,0,0
29,44208,9,4,1,26,0,1,3,3,42.7,4,2016,1,0.44,2.9,0,1,2,0,1,0,0,0,1,0,0,0,1,0,0,0,0,0,0,0,0,0,1,0,0
57,107653,10,6,5,20,1,3,1,2,48.7,29,2015,9,0.6,2.0,3,3,2,0,1,0,0,0,1,0,0,1,0,0,0,1,0,0,0,0,0,1,0,0,0
43,37574,1,1,5,31,1,1,4,0,21.8,6,2024,5,1.0,31.0,2,0,1,0,1,1,0,0,0,0,0,1,0,0,1,0,0,1,0,0,0,0,0,1,0
34,111502,4,1,5,27,1,2,2,1,38.2,29,2021,11,0.25,6.8,1,3,2,1,0,0,0,0,0,0,0,1,0,0,1,0,0,0,1,1,0,0,0,0,0
45,108843,3,0,3,33,1,4,1,5,47.6,27,2022,12,0.0,11.0,2,3,2,1,0,0,0,0,1,0,0,0,0,0,1,0,0,0,1,0,0,0,0,1,0
42,61247,6,2,1,46,0,4,1,4,39.3,21,2019,5,0.33,7.7,2,1,2,0,0,0,0,0,0,0,0,0,1,0,0,0,0,0,1,0,0,0,0,0,1
32,80097,3,1,3,15,1,5,4,1,8.1,5,2022,8,0.33,5.0,1,2,0,0,0,0,1,0,0,0,0,1,0,0,0,1,0,1,0,0,0,0,0,0,0
35,48352,7,1,1,50,1,5,2,2,34.4,24,2018,11,0.14,7.1,1,1,2,0,0,0,0,0,0,0,0,0,1,1,0,0,0,1,0,0,0,0,0,0,1
35,35867,7,6,5,37,1,4,2,4,6.1,24,2018,3,0.86,5.3,1,0,0,0,1,0,1,0,0,1,0,0,0,0,1,0,0,0,1,0,0,0,0,1,0
26,47629,5,4,1,22,1,2,4,4,49.8,26,2020,3,0.8,4.4,0,1,2,0,1,1,0,0,0,0,0,1,0,0,0,0,0,0,0,0,0,1,0,0,0
44,18475,4,1,4,14,0,2,3,1,49.7,1,2021,6,0.25,3.5,2,0,2,0,0,0,0,0,0,0,0,1,0,0,1,0,0,0,1,0,0,0,0,1,0
24,113416,2,1,5,2,1,2,3,3,45.0,7,2023,9,0.5,1.0,0,3,2,1,0,0,0,0,0,0,0,1,0,0,0,0,1,1,0,0,0,0,0,0,0
48,93904,9,9,3,30,1,2,4,1,30.8,25,2016,4,1.0,3.3,2,2,2,0,0,0,0,0,0,0,0,0,0,0,0,1,0,1,0,0,0,0,0,1,0
53,102202,8,4,1,11,1,1,2,1,48.4,11,2017,2,0.5,1.4,3,3,2,0,1,0,0,0,1,0,0,0,1,0,1,0,0,0,0,0,0,1,0,0,0
49,36270,7,6,2,38,0,2,4,5,24.4,28,2018,4,0.86,5.4,2,0,1,0,1,0,0,0,1,0,0,1,0,0,0,0,0,1,0,0,0,0,0,1,0
46,94155,6,5,1,27,1,1,2,5,1.1,16,2019,6,0.83,4.5,2,2,0,0,0,0,0,1,0,0,1,0,0,0,0,0,1,0,0,0,0,0,0,0,0
59,118360,10,0,3,29,1,4,2,3,10.0,21,2015,10,0.0,2.9,3,3,0,0,1,0,1,0,0,0,0,0,1,0,0,0,1,0,0,1,0,0,0,0,0
60,79469,5,2,4,25,0,5,3,2,18.1,20,2020,10,0.4,5.0,3,2,1,1,0,0,0,1,0,0,0,0,1,0,0,0,0,0,0,0,0,0,1,0,0
59,118464,6,4,4,20,0,1,3,3,7.5,6,2019,1,0.67,3.3,3,3,0,0,1,0,0,0,1,0,1,0,0,1,0,0,0,1,0,0,0,0,0,0,1
52,36125,9,3,5,30,1,3,1,2,39.5,3,2016,5,0.33,3.3,3,0,2,0,1,0,0,0,1,0,1,0,0,0,1,0,0,1,0,0,0,0,0,0,1
41,89656,6,6,4,60,0,5,2,5,42.4,9,2019,11,1.0,10.0,2,2,2,0,1,0,0,0,0,0,1,0,0,0,0,1,0,0,1,0,0,0,0,1,0
34,49415,2,2,1,18,0,1,4,2,33.9,29,2023,2,1.0,9.0,1,1,2,0,0,0,0,0,0,0,0,0,0,0,0,0,1,0,0,0,0,1,0,0,0
35,53379,7,2,3,5,1,1,2,3,49.8,26,2018,1,0.29,0.7,1,1,2,0,0,0,0,0,0,0,0,1,0,1,0,0,0,0,0,0,0,0,0,1,0
32,45219,2,0,1,4,0,5,1,2,23.3,22,2023,1,0.0,2.0,1,1,1,0,1,0,1,0,0,0,0,0,1,0,1,0,0,1,0,0,0,0,0,0,1
55,108988,3,0,1,54,0,3,2,5,46.9,29,2022,7,0.0,18.0,3,3,2,0,1,0,0,1,0,0,0,0,0,1,0,0,0,0,0,0,0,1,0,0,0
31,75130,8,2,3,46,0,2,4,1,21.9,8,2017,8,0.25,5.8,1,2,1,0,0,0,1,0,0,1,0,0,0,0,0,1,0,0,0,0,0,0,0,0,1
31,82371,2,2,1,50,0,2,2,0,12.5,20,2023,7,1.0,25.0,1,2,1,0,1,0,0,0,1,1,0,0,0,0,0,0,1,1,0,0,1,0,0,0,0
56,81683,3,3,2,40,0,5,2,2,23.3,8,2022,9,1.0,13.3,3,2,1,1,0,0,0,0,1,0,0,0,1,0,1,0,0,0,0,0,0,0,1,0,0
50,71411,9,0,1,42,1,5,4,5,30.1,2,2016,8,0.0,4.7,2,2,2,1,0,0,0,0,0,0,0,0,1,0,1,0,0,0,1,0,0,0,0,0,0
33,95674,5,1,3,40,0,3,2,2,23.5,18,2020,3,0.2,8.0,1,2,1,0,0,0,0,0,1,0,0,1,0,0,0,1,0,0,0,0,1,0,0,0,0
35,112692,7,6,4,28,1,5,4,3,35.1,3,2018,1,0.86,4.0,1,3,2,0,0,1,0,0,0,0,1,0,0,1,0,0,0,1,0,0,0,0,1,0,0
34,29786,2,2,3,56,1,5,3,1,28.6,13,2023,3,1.0,28.0,1,0,2,0,0,0,0,0,1,1,0,0,0,1,0,0,0,1,0,0,0,1,0,0,0
59,110530,9,4,1,55,0,1,2,5,10.9,25,2016,2,0.44,6.1,3,3,1,0,0,1,0,0,0,0,0,0,0,0,0,0,0,0,1,0,0,0,0,1,0
23,67293,6,4,3,9,1,3,3,0,1.2,23,2019,1,0.67,1.5,0,1,0,0,0,0,0,1,0,1,0,0,0,0,1,0,0,1,0,0,0,0,0,0,1
24,94167,3,0,4,50,0,2,3,3,21.2,6,2022,2,0.0,16.7,0,2,1,1,0,0,0,0,0,1,0,0,0,0,1,0,0,1,0,0,0,0,1,0,0
28,83738,1,0,4,42,1,3,4,2,10.4,15,2024,2,0.0,42.0,0,2,1,0,1,1,0,0,0,1,0,0,0,0,0,0,0,0,0,1,0,0,0,0,0
50,114383,2,2,5,59,1,4,1,2,8.8,28,2023,8,1.0,29.5,2,3,0,1,0,1,0,0,0,1,0,0,0,0,0,1,0,0,1,0,0,0,0,0,0
27,16690,8,3,1,33,0,4,2,0,21.2,16,2017,2,0.38,4.1,0,0,1,0,1,0,0,0,0,1,0,0,0,1,0,0,0,0,0,0,0,0,0,0,0
25,25589,10,8,5,44,0,4,4,2,31.2,26,2015,12,0.8,4.4,0,0,2,1,0,0,0,0,1,0,1,0,0,1,0,0,0,0,1,0,0,1,0,0,0
52,48972,10,1,4,13,0,3,3,5,20.2,5,2015,8,0.1,1.3,3,1,1,1,0,0,0,1,0,1,0,0,0,0,0,0,1,1,0,0,0,1,0,0,0
35,96044,8,8,5,14,0,5,1,2,34.6,13,2017,10,1.0,1.8,1,2,2,0,0,0,0,0,1,0,0,1,0,0,0,0,0,1,0,0,0,0,1,0,0
25,46109,6,2,5,35,0,3,4,3,12.1,25,2019,9,0.33,5.8,0,1,1,0,0,0,0,0,1,0,1,0,0,0,0,0,1,0,1,0,0,1,0,0,0
43,21208,9,3,4,35,0,5,1,5,41.3,0,2016,8,0.33,3.9,2,0,2,0,0,0,0,0,0,0,0,1,0,0,0,0,0,1,0,0,0,0,1,0,0
31,111998,7,6,5,12,0,4,2,4,8.3,20,2018,5,0.86,1.7,1,3,0,0,0,0,0,1,0,0,0,1,0,1,0,0,0,1,0,0,0,0,0,0,1
32,113234,2,2,3,5,0,4,3,3,46.3,1,2023,1,1.0,2.5,1,3,2,1,0,1,0,0,0,0,0,0,1,1,0,0,0,1,0,0,0,0,0,1,0
46,108942,7,0,3,42,0,4,2,1,22.6,11,2018,3,0.0,6.0,2,3,1,0,1,0,0,0,1,1,0,0,0,0,0,1,0,1,0,0,0,0,0,0,0
46,52208,5,2,3,23,1,4,1,4,39.2,7,2020,1,0.4,4.6,2,1,2,0,0,0,0,1,0,0,0,1,0,0,1,0,0,0,0,0,0,0,0,1,0
24,91036,3,1,3,19,0,4,2,2,19.6,7,2022,7,0.33,6.3,0,2,1,1,0,0,0,1,0,0,0,0,0,1,0,0,0,1,0,1,0,0,0,0,0
45,61608,3,2,2,22,1,4,4,1,8.8,21,2022,1,0.67,7.3,2,1,0,1,0,0,0,0,0,0,1,0,0,0,0,0,1,1,0,1,0,0,0,0,0
52,25543,3,0,3,29,1,3,1,3,32.6,3,2022,5,0.0,9.7,3,0,2,0,0,0,1,0,0,1,0,0,0,0,0,0,1,0,1,0,0,0,0,1,0
51,54488,3,2,4,41,0,2,4,5,41.5,28,2022,4,0.67,13.7,3,1,2,1,0,1,0,0,0,0,0,0,0,0,0,1,0,0,0,0,0,0,0,0,1
31,44219,4,1,5,31,1,4,3,3,45.3,12,2021,12,0.25,7.8,1,1,2,0,1,0,0,0,0,0,0,1,0,0,0,0,1,0,1,0,0,0,0,0,1
28,82131,10,1,3,30,0,1,3,1,3.0,9,2015,10,0.1,3.0,0,2,0,1,0,0,1,0,0,0,0,0,1,0,1,0,0,1,0,0,0,0,1,0,0
32,107262,3,3,1,3,1,2,3,2,30.1,5,2022,4,1.0,1.0,1,3,2,1,0,1,0,0,0,0,0,1,0,0,1,0,0,0,1,1,0,0,0,0,0
37,53524,7,3,5,15,0,1,4,1,29.5,2,2018,6,0.43,2.1,1,1,2,0,1,1,0,0,0,1,0,0,0,0,0,0,0,1,0,0,1,0,0,0,0
26,17879,10,10,5,19,1,3,1,5,46.9,12,2015,9,1.0,1.9,0,0,2,0,0,0,0,0,0,0,0,1,0,0,0,0,0,0,1,0,0,0,1,0,0
29,110905,4,3,3,51,0,4,2,5,19.5,10,2021,10,0.75,12.8,0,3,1,0,0,1,0,0,0,0,0,1,0,0,0,0,0,1,0,0,0,0,1,0,0
32,84310,5,0,2,47,1,5,1,3,24.0,2,2020,2,0.0,9.4,1,2,1,0,0,0,0,1,0,1,0,0,0,1,0,0,0,0,1,1,0,0,0,0,0
48,75137,5,4,3,44,0,2,1,5,5.3,15,2020,6,0.8,8.8,2,2,0,0,1,0,1,0,0,0,1,0,0,0,0,0,0,0,0,0,0,1,0,0,0
35,31891,6,1,5,13,0,1,1,2,12.1,10,2019,9,0.17,2.2,1,0,1,0,0,0,1,0,0,0,1,0,0,0,0,0,1,1,0,1,0,0,0,0,0
31,40859,5,1,4,55,1,4,4,3,8.4,8,2020,5,0.2,11.0,1,1,0,0,1,0,0,0,0,0,1,0,0,0,1,0,0,0,0,0,1,0,0,0,0
45,42896,2,0,5,58,1,2,2,3,6.9,7,2023,6,0.0,29.0,2,1,0,1,0,0,0,1,0,0,0,1,0,0,0,0,1,0,0,0,0,0,0,1,0
22,72384,10,7,1,44,0,4,2,1,47.5,20,2015,10,0.7,4.4,0,2,2,1,0,0,0,1,0,0,0,0,1,0,0,0,0,0,1,0,1,0,0,0,0
45,52918,3,3,4,9,0,1,2,5,46.7,29,2022,11,1.0,3.0,2,1,2,0,1,0,0,0,0,0,1,0,0,1,0,0,0,0,0,0,1,0,0,0,0
46,109043,10,2,3,25,0,3,4,5,26.9,0,2015,6,0.2,2.5,2,3,2,0,0,0,0,0,1,1,0,0,0,0,0,0,0,0,0,0,0,1,0,0,0
34,94295,10,2,1,19,0,4,3,0,37.2,30,2015,8,0.2,1.9,1,2,2,0,1,0,1,0,0,1,0,0,0,0,0,0,1,0,0,0,0,1,0,0,0
47,42954,4,4,1,36,1,4,3,1,48.6,12,2021,5,1.0,9.0,2,1,2,0,0,0,1,0,0,0,1,0,0,0,0,1,0,0,1,0,0,0,0,1,0
53,74366,4,3,4,14,1,2,3,0,8.5,10,2021,1,0.75,3.5,3,2,0,0,1,0,0,0,1,0,1,0,0,0,0,0,1,1,0,0,0,0,0,0,1
35,71013,5,5,2,13,0,5,4,5,43.6,12,2020,4,1.0,2.6,1,2,2,0,1,0,0,0,1,0,0,0,1,0,0,1,0,1,0,0,0,0,0,0,1
40,44703,3,1,3,2,0,2,3,5,35.7,23,2022,4,0.33,0.7,1,1,2,0,0,0,0,0,1,0,0,1,0,0,1,0,0,0,0,0,0,0,0,0,1
46,32535,10,1,2,29,0,5,1,4,43.3,6,2015,8,0.1,2.9,2,0,2,1,0,0,0,1,0,0,0,1,0,1,0,0,0,0,0,0,1,0,0,0,0
51,94244,6,2,3,29,0,3,3,0,20.8,25,2019,12,0.33,4.8,3,2,1,0,1,0,1,0,0,0,1,0,0,0,0,0,1,0,1,0,0,1,0,0,0
29,48941,7,6,2,17,1,4,1,5,42.1,25,2018,4,0.86,2.4,0,1,2,0,1,1,0,0,0,0,1,0,0,0,0,1,0,0,1,0,0,0,0,0,0
51,17688,5,4,4,10,0,4,3,0,19.9,18,2020,2,0.8,2.0,3,0,1,0,1,1,0,0,0,0,1,0,0,0,0,0,0,1,0,0,0,0,0,1,0
56,54715,4,1,5,41,1,1,1,3,21.4,20,2021,7,0.25,10.2,3,1,1,1,0,0,0,1,0,0,1,0,0,1,0,0,0,0,1,0,0,0,0,1,0
25,52788,4,3,4,31,0,3,3,5,28.2,25,2021,2,0.75,7.8,0,1,2,0,1,0,0,1,0,0,1,0,0,1,0,0,0,0,1,0,1,0,0,0,0
24,25162,3,1,4,18,1,3,3,4,4.0,5,2022,10,0.33,6.0,0,0,0,0,1,1,0,0,0,0,0,0,1,1,0,0,0,0,0,0,0,1,0,0,0
40,34624,4,2,2,48,1,1,4,5,47.9,20,2021,3,0.5,12.0,1,0,2,0,1,1,0,0,0,0,1,0,0,0,1,0,0,1,0,0,0,0,0,0,0
36,34152,8,1,5,46,0,5,2,5,21.9,14,2017,8,0.12,5.8,1,0,1,0,0,0,1,0,0,0,1,0,0,0,0,0,0,0,1,0,0,1,0,0,0
22,58242,9,2,4,50,0,5,1,1,4.6,13,2016,2,0.22,5.6,0,1,0,0,0,0,0,0,1,0,0,1,0,0,0,0,1,0,0,0,0,0,0,0,1
37,115315,6,6,3,28,0,3,4,4,11.7,12,2019,3,1.0,4.7,1,3,1,1,0,0,0,0,1,0,0,0,0,0,0,1,0,0,0,0,0,0,1,0,0
47,20012,10,2,4,53,1,3,4,4,43.9,6,2015,11,0.2,5.3,2,0,2,1,0,0,1,0,0,0,0,1,0,0,0,1,0,0,0,0,0,0,0,0,1
32,119512,7,6,5,19,0,4,1,3,30.8,23,2018,9,0.86,2.7,1,3,2,0,1,0,0,1,0,0,1,0,0,1,0,0,0,1,0,0,0,0,0,1,0
52,45435,9,4,5,5,1,3,2,0,41.9,2,2016,7,0.44,0.6,3,1,2,1,0,0,0,0,1,1,0,0,0,0,0,0,0,0,1,0,0,0,0,0,0
56,57502,3,2,5,36,0,3,3,0,24.6,10,2022,8,0.67,12.0,3,1,1,1,0,0,0,0,0,0,0,0,1,0,0,0,0,0,1,0,0,0,1,0,0
33,77003,8,7,1,39,1,5,2,3,9.3,19,2017,1,0.88,4.9,1,2,0,0,1,0,1,0,0,0,1,0,0,0,0,0,0,0,0,0,1,0,0,0,0
60,63750,8,7,5,34,1,4,1,1,36.7,26,2017,4,0.88,4.2,3,1,2,0,1,1,0,0,0,0,0,0,1,0,0,0,1,1,0,0,0,1,0,0,0
51,57596,1,1,5,14,0,5,1,3,37.8,24,2024,4,1.0,14.0,3,1,2,0,0,0,1,0,0,0,0,1,0,1,0,0,0,0,1,0,0,0,0,0,0
58,42049,8,1,5,48,0,3,1,1,20.9,24,2017,12,0.12,6.0,3,1,1,0,1,0,0,1,0,0,0,0,0,0,0,0,1,0,1,0,1,0,0,0,0
58,101762,5,3,2,28,0,5,1,3,10.9,13,2020,6,0.6,5.6,3,3,1,0,1,0,0,1,0,1,0,0,0,0,0,0,1,0,0,0,0,0,0,1,0
32,27546,7,4,2,40,0,5,1,5,42.0,20,2018,2,0.57,5.7,1,0,2,0,1,0,0,0,0,1,0,0,0,0,0,1,0,0,1,0,1,0,0,0,0
42,97670,5,0,3,4,0,5,2,0,4.5,8,2020,9,0.0,0.8,2,2,0,0,1,0,0,0,0,0,1,0,0,0,0,1,0,0,0,0,1,0,0,0,0
46,24251,2,2,5,29,1,1,4,0,31.7,0,2023,3,1.0,14.5,2,0,2,1,0,0,0,0,0,0,1,0,0,0,0,0,0,0,0,0,1,0,0,0,0
25,39344,7,4,5,13,0,5,2,4,35.5,29,2018,2,0.57,1.9,0,0,2,1,0,0,0,1,0,0,1,0,0,0,0,0,0,0,1,0,0,0,1,0,0
23,108234,1,0,3,7,0,2,1,5,1.6,9,2024,5,0.0,7.0,0,3,0,0,0,0,0,1,0,0,0,0,1,0,1,0,0,0,1,0,0,0,0,0,1
51,74042,7,5,3,5,1,4,2,5,47.2,23,2018,8,0.71,0.7,3,2,2,1,0,0,0,0,1,1,0,0,0,0,1,0,0,0,0,0,1,0,0,0,0
46,34551,5,2,1,17,1,5,4,4,24.2,22,2020,3,0.4,3.4,2,0,1,1,0,0,1,0,0,0,0,0,0,1,0,0,0,1,0,0,1,0,0,0,0
25,87523,7,2,1,44,1,4,2,0,49.4,20,2018,4,0.29,6.3,0,2,2,1,0,0,0,0,1,1,0,0,0,1,0,0,0,0,0,1,0,0,0,0,0
54,33879,5,2,2,42,1,1,3,4,28.0,14,2020,3,0.4,8.4,3,0,2,0,0,0,1,0,0,1,0,0,0,0,0,0,1,0,0,0,0,1,0,0,0
32,64248,4,0,3,52,1,1,4,1,32.3,2,2021,3,0.0,13.0,1,1,2,0,1,0,0,0,0,0,0,0,1,0,0,1,0,0,0,0,0,0,0,0,0
57,66738,3,1,5,37,0,1,3,3,33.7,19,2022,5,0.33,12.3,3,1,2,0,0,0,0,0,0,0,1,0,0,1,0,0,0,1,0,1,0,0,0,0,0
50,114384,10,2,3,12,0,5,1,5,5.6,11,2015,9,0.2,1.2,2,3,0,0,1,0,0,0,1,0,0,0,1,0,0,1,0,0,1,0,0,1,0,0,0
47,30530,7,1,2,31,1,4,2,4,12.8,16,2018,5,0.14,4.4,2,0,1,0,1,0,1,0,0,0,0,0,1,0,1,0,0,1,0,1,0,0,0,0,0
45,33724,4,4,2,26,1,1,2,5,31.0,23,2021,3,1.0,6.5,2,0,2,0,1,0,1,0,0,0,1,0,0,0,1,0,0,0,1,0,0,0,0,1,0
56,37985,3,0,3,20,0,1,2,5,30.5,6,2022,3,0.0,6.7,3,0,2,0,0,0,0,0,1,0,0,1,0,1,0,0,0,0,0,0,1,0,0,0,0
58,29427,9,0,2,1,0,1,3,0,43.9,30,2016,6,0.0,0.1,3,0,2,1,0,0,0,1,0,1,0,0,0,0,0,1,0,0,1,0,0,1,0,0,0
51,118206,6,3,2,5,1,2,4,0,25.7,13,2019,6,0.5,0.8,3,3,2,1,0,0,0,0,1,0,0,0,1,0,0,0,1,1,0,0,0,0,0,0,0
52,55330,7,5,2,35,0,2,3,4,15.3,6,2018,3,0.71,5.0,3,1,1,1,0,0,0,0,0,0,0,0,0,0,0,0,0,0,1,0,0,1,0,0,0
39,18281,5,2,4,9,0,4,1,1,42.2,8,2020,12,0.4,1.8,1,0,2,0,0,0,0,0,0,0,0,1,0,0,1,0,0,0,0,0,0,0,0,0,0
26,29012,5,5,4,11,1,4,1,0,45.7,8,2020,8,1.0,2.2,0,0,2,0,1,0,0,1,0,0,0,0,0,0,0,1,0,1,0,0,0,0,0,0,1
43,18581,8,3,4,28,1,1,2,4,18.1,28,2017,8,0.38,3.5,2,0,1,0,1,0,0,1,0,1,0,0,0,0,0,0,1,0,0,0,0,0,0,0,1
58,15438,8,6,4,49,1,5,4,4,18.4,14,2017,6,0.75,6.1,3,0,1,1,0,0,0,1,0,1,0,0,0,0,0,0,0,0,1,0,0,0,0,0,1
60,101620,9,6,1,59,1,5,4,4,13.8,3,2016,11,0.67,6.6,3,3,1,0,1,0,0,0,0,0,0,0,1,0,0,1,0,0,1,0,0,0,1,0,0
29,20508,4,4,4,0,1,5,4,5,44.8,19,2021,5,1.0,0.0,0,0,2,0,1,1,0,0,0,0,0,1,0,0,1,0,0,0,1,0,0,0,0,0,1
34,86552,8,2,3,16,1,2,3,1,40.2,0,2017,5,0.25,2.0,1,2,2,0,1,1,0,0,0,0,0,1,0,0,0,1,0,1,0,0,0,0,0,1,0
46,51233,6,5,1,19,0,1,2,0,31.7,4,2019,12,0.83,3.2,2,1,2,0,1,0,1,0,0,0,0,1,0,0,0,0,0,0,1,0,1,0,0,0,0
56,33294,9,3,3,41,1,2,4,0,13.6,28,2016,10,0.33,4.6,3,0,1,1,0,1,0,0,0,0,0,1,0,0,1,0,0,1,0,0,1,0,0,0,0
52,48805,2,0,5,1,1,2,4,3,41.3,30,2023,6,0.0,0.5,3,1,2,0,1,0,1,0,0,0,0,0,0,0,0,1,0,1,0,0,0,0,0,0,0
27,67649,3,3,2,3,0,4,1,0,45.0,28,2022,1,1.0,1.0,0,1,2,0,0,1,0,0,0,0,0,0,1,0,1,0,0,1,0,0,0,0,0,0,0
56,41705,3,1,3,43,0,2,3,5,5.3,4,2022,1,0.33,14.3,3,1,0,0,0,0,1,0,0,1,0,0,0,0,1,0,0,0,0,0,1,0,0,0,0
24,29084,9,3,3,24,0,1,1,3,8.8,22,2016,6,0.33,2.7,0,0,0,0,0,0,0,0,0,0,0,0,0,0,1,0,0,0,1,1,0,0,0,0,0
40,79918,5,3,3,57,1,1,2,2,21.8,15,2020,8,0.6,11.4,1,2,1,0,0,0,0,0,1,1,0,0,0,1,0,0,0,0,1,0,0,0,1,0,0
54,87001,8,3,4,17,1,3,3,4,45.3,6,2017,12,0.38,2.1,3,2,2,1,0,1,0,0,0,0,0,1,0,0,0,0,0,1,0,0,0,0,1,0,0
58,27649,2,0,1,34,0,2,3,4,48.1,16,2023,7,0.0,17.0,3,0,2,0,1,0,0,1,0,0,0,1,0,0,1,0,0,1,0,0,0,0,1,0,0
24,19703,2,1,3,15,1,5,1,1,17.3,3,2023,8,0.5,7.5,0,0,1,0,1,0,0,1,0,0,0,1,0,0,0,0,0,1,0,1,0,0,0,0,0
40,50062,10,10,2,4,1,3,3,0,20.6,20,2015,7,1.0,0.4,1,1,1,1,0,0,1,0,0,1,0,0,0,0,1,0,0,1,0,0,0,1,0,0,0
43,29988,3,0,5,42,0,2,3,4,22.2,25,2022,1,0.0,14.0,2,0,1,0,0,0,1,0,0,0,0,1,0,1,0,0,0,1,0,0,0,0,0,1,0
54,95614,4,4,4,25,0,1,2,2,4.9,0,2021,3,1.0,6.2,3,2,0,1,0,0,0,0,0,0,1,0,0,0,0,0,1,0,0,1,0,0,0,0,0
30,114148,4,3,5,9,1,4,4,5,37.0,7,2021,1,0.75,2.2,0,3,2,0,0,0,1,0,0,1,0,0,0,1,0,0,0,1,0,0,0,0,0,0,1
30,48579,6,2,2,42,1,3,2,1,3.1,20,2019,5,0.33,7.0,0,1,0,1,0,0,0,1,0,0,1,0,0,0,0,1,0,0,1,0,0,0,0,0,0
45,103734,5,4,2,37,1,1,3,1,1.3,9,2020,10,0.8,7.4,2,3,0,1,0,0,0,0,0,0,0,0,0,0,0,0,0,0,0,1,0,0,0,0,0
35,79986,7,2,2,9,1,1,3,2,35.4,7,2018,6,0.29,1.3,1,2,2,0,0,0,0,1,0,1,0,0,0,0,0,1,0,1,0,0,0,1,0,0,0
53,27523,8,6,3,49,0,4,2,4,17.6,13,2017,12,0.75,6.1,3,0,1,0,0,0,0,0,0,1,0,0,0,0,1,0,0,0,0,0,0,0,0,1,0
24,50785,7,0,2,46,1,2,2,0,4.6,10,2018,11,0.0,6.6,0,1,0,1,0,1,0,0,0,0,0,1,0,0,0,0,1,0,1,0,0,0,0,0,1
35,15351,4,1,5,41,0,2,2,1,29.3,3,2021,12,0.25,10.2,1,0,2,0,1,1,0,0,0,0,0,0,1,0,1,0,0,0,1,0,0,0,0,0,0
59,67080,1,0,2,17,1,1,4,1,46.6,16,2024,3,0.0,17.0,3,1,2,1,0,0,0,0,1,0,0,0,0,0,0,1,0,1,0,0,0,0,0,1,0
42,26052,1,1,3,37,0,2,4,1,19.3,12,2024,4,1.0,37.0,2,0,1,1,0,0,0,0,1,0,0,1,0,0,1,0,0,0,0,0,0,0,1,0,0
26,98872,4,3,3,22,1,3,3,0,35.3,26,2021,1,0.75,5.5,0,2,2,0,0,0,0,0,1,0,0,1,0,1,0,0,0,1,0,0,1,0,0,0,0
43,40444,1,1,2,14,0,5,1,0,11.0,26,2024,5,1.0,14.0,2,1,1,1,0,1,0,0,0,0,1,0,0,1,0,0,0,0,1,0,1,0,0,0,0
55,21383,9,8,2,55,0,1,1,5,45.7,0,2016,9,0.89,6.1,3,0,2,1,0,0,0,1,0,0,1,0,0,0,0,1,0,0,0,0,0,0,0,0,1
46,89111,8,7,3,10,0,2,2,5,49.3,28,2017,3,0.88,1.2,2,2,2,0,1,0,0,0,0,0,0,1,0,0,0,0,1,0,1,1,0,0,0,0,0
41,29826,7,3,2,40,0,5,3,3,15.7,21,2018,10,0.43,5.7,2,0,1,0,1,1,0,0,0,0,0,1,0,1,0,0,0,1,0,1,0,0,0,0,0
58,119352,6,3,5,27,0,3,2,2,33.7,30,2019,1,0.5,4.5,3,3,2,1,0,0,0,1,0,0,0,1,0,1,0,0,0,1,0,0,1,0,0,0,0
52,72303,7,5,1,31,0,1,3,5,25.7,7,2018,6,0.71,4.4,3,2,2,0,0,0,1,0,0,0,1,0,0,0,1,0,0,0,0,0,0,0,0,0,1
28,64501,2,0,2,41,0,2,3,1,39.6,25,2023,5,0.0,20.5,0,1,2,1,0,0,0,0,0,0,0,1,0,0,1,0,0,0,1,0,0,1,0,0,0
43,68137,9,2,2,13,1,1,3,2,2.5,28,2016,7,0.22,1.4,2,1,0,1,0,0,1,0,0,0,0,0,1,0,0,1,0,0,1,0,1,0,0,0,0
56,54333,6,6,4,24,0,1,1,3,20.7,5,2019,12,1.0,4.0,3,1,1,0,0,1,0,0,0,0,0,0,1,1,0,0,0,1,0,0,0,0,0,0,0
30,53209,6,4,3,43,1,1,2,4,13.1,24,2019,2,0.67,7.2,0,1,1,1,0,0,0,0,0,0,1,0,0,1,0,0,0,0,1,0,0,0,1,0,0
46,82250,5,4,2,4,1,5,4,3,15.6,29,2020,10,0.8,0.8,2,2,1,1,0,1,0,0,0,1,0,0,0,0,0,1,0,0,0,0,1,0,0,0,0
33,64237,10,6,4,38,0,3,1,1,41.2,21,2015,9,0.6,3.8,1,1,2,0,1,0,1,0,0,0,0,0,1,0,0,1,0,0,1,0,0,1,0,0,0
39,82286,10,0,1,26,1,3,4,1,24.5,14,2015,9,0.0,2.6,1,2,1,0,1,0,1,0,0,1,0,0,0,1,0,0,0,0,0,0,0,0,0,0,0
45,45408,6,4,4,32,0,3,3,4,18.3,16,2019,3,0.67,5.3,2,1,1,0,0,1,0,0,0,0,0,1,0,0,1,0,0,0,1,0,0,0,0,0,1
56,39257,7,3,1,54,0,3,1,0,41.4,16,2018,3,0.43,7.7,3,0,2,0,0,0,0,0,0,1,0,0,0,1,0,0,0,0,1,0,0,0,0,0,0
46,112311,3,2,3,51,0,1,2,4,11.8,4,2022,4,0.67,17.0,2,3,1,0,1,1,0,0,0,0,0,0,0,0,0,1,0,0,1,0,0,0,0,0,0
58,80220,7,6,5,47,0,5,1,2,30.8,5,2018,8,0.86,6.7,3,2,2,1,0,0,0,0,0,0,0,0,0,0,0,0,1,0,1,0,1,0,0,0,0
22,87000,8,4,4,55,1,5,3,3,4.9,23,2017,2,0.5,6.9,0,2,0,0,1,0,0,1,0,0,1,0,0,0,0,1,0,1,0,0,0,0,1,0,0
52,50297,6,0,3,6,1,3,4,1,2.1,1,2019,2,0.0,1.0,3,1,0,0,1,1,0,0,0,0,1,0,0,0,0,0,1,0,1,1,0,0,0,0,0
28,100029,4,3,4,5,1,5,4,5,2.5,24,2021,4,0.75,1.2,0,3,0,1,0,0,0,0,0,0,0,1,0,0,0,0,1,1,0,0,0,0,0,1,0
41,105815,10,2,5,37,1,2,4,2,29.6,25,2015,10,0.2,3.7,2,3,2,0,1,0,0,0,1,0,0,0,0,1,0,0,0,0,1,0,1,0,0,0,0
41,105493,6,5,5,25,1,1,2,0,39.7,3,2019,6,0.83,4.2,2,3,2,1,0,1,0,0,0,0,1,0,0,0,0,0,0,0,0,1,0,0,0,0,0
33,80716,8,0,2,57,1,3,1,4,13.7,5,2017,10,0.0,7.1,1,2,1,0,0,0,0,0,1,0,0,0,0,1,0,0,0,0,1,1,0,0,0,0,0
60,107410,9,0,3,50,1,1,4,0,12.3,30,2016,1,0.0,5.6,3,3,1,0,1,0,0,0,1,0,0,0,1,0,1,0,0,0,0,0,0,1,0,0,0
25,91921,4,1,1,30,1,1,3,1,25.1,27,2021,5,0.25,7.5,0,2,2,0,0,0,0,0,0,0,1,0,0,1,0,0,0,0,0,0,0,0,1,0,0
30,41162,7,6,1,45,0,1,1,1,23.2,8,2018,2,0.86,6.4,0,1,1,1,0,0,0,1,0,0,0,0,0,0,0,0,0,1,0,0,0,0,0,0,1
35,74655,8,1,3,37,1,1,2,5,31.5,25,2017,5,0.12,4.6,1,2,2,1,0,1,0,0,0,0,0,1,0,0,1,0,0,0,0,0,0,1,0,0,0
54,46560,8,6,2,12,0,1,3,1,32.3,8,2017,1,0.75,1.5,3,1,2,1,0,0,0,1,0,0,0,0,0,0,0,0,1,0,1,0,0,0,0,0,1
29,37452,4,2,5,25,0,2,2,1,5.7,10,2021,7,0.5,6.2,0,0,0,1,0,0,1,0,0,1,0,0,0,0,0,0,0,0,1,0,1,0,0,0,0
58,67643,2,0,1,60,0,3,3,2,2.8,20,2023,2,0.0,30.0,3,1,0,1,0,0,1,0,0,0,0,0,1,0,1,0,0,0,1,0,0,0,0,1,0
45,86816,6,6,4,47,1,1,1,4,33.9,14,2019,11,1.0,7.8,2,2,2,0,1,0,0,1,0,0,0,1,0,0,1,0,0,0,1,1,0,0,0,0,0
50,54665,9,9,3,1,1,2,3,5,3.2,21,2016,4,1.0,0.1,2,1,0,1,0,0,1,0,0,0,0,0,1,0,0,1,0,0,1,0,1,0,0,0,0
23,91733,4,3,2,6,0,2,3,3,28.3,30,2021,1,0.75,1.5,0,2,2,0,0,0,0,0,0,1,0,0,0,0,0,1,0,0,1,0,0,0,0,1,0
51,25113,7,1,1,45,0,3,2,5,4.6,3,2018,7,0.14,6.4,3,0,0,0,0,0,0,0,1,0,1,0,0,1,0,0,0,0,1,0,0,0,0,0,1
53,25651,7,4,3,11,0,2,3,2,40.7,13,2018,7,0.57,1.6,3,0,2,1,0,0,1,0,0,1,0,0,0,0,1,0,0,1,0,0,0,0,0,1,0
56,54319,5,4,3,4,1,3,2,5,22.1,17,2020,3,0.8,0.8,3,1,1,0,1,0,0,0,0,0,1,0,0,0,0,1,0,0,1,0,0,1,0,0,0
49,91971,6,4,5,3,0,4,4,0,12.5,3,2019,7,0.67,0.5,2,2,1,1,0,0,1,0,0,0,0,1,0,0,0,0,0,0,0,0,0,0,0,0,0
34,61616,9,1,4,19,0,3,1,4,31.7,18,2016,10,0.11,2.1,1,1,2,1,0,0,0,1,0,1,0,0,0,1,0,0,0,1,0,0,0,0,0,0,1
38,91030,8,1,2,46,1,4,2,0,4.2,5,2017,2,0.12,5.8,1,2,0,0,0,0,0,1,0,1,0,0,0,0,0,0,0,0,0,1,0,0,0,0,0
43,94900,10,2,1,33,1,4,4,2,44.5,0,2015,11,0.2,3.3,2,2,2,1,0,0,0,1,0,0,0,1,0,1,0,0,0,0,1,0,0,0,0,0,1
56,94456,4,3,4,43,1,1,1,0,8.2,26,2021,7,0.75,10.8,3,2,0,0,1,0,1,0,0,1,0,0,0,0,1,0,0,1,0,0,0,1,0,0,0
33,69586,10,1,3,44,1,1,3,2,19.2,30,2015,11,0.1,4.4,1,1,1,0,0,0,0,0,1,0,1,0,0,0,1,0,0,0,0,0,1,0,0,0,0
34,30246,7,6,3,60,1,2,3,5,22.0,25,2018,1,0.86,8.6,1,0,1,0,0,0,0,0,1,0,0,1,0,0,0,1,0,0,0,0,0,1,0,0,0
30,40895,8,1,1,14,0,5,4,2,36.4,6,2017,11,0.12,1.8,0,1,2,1,0,1,0,0,0,0,1,0,0,0,1,0,0,0,0,0,0,0,0,0,1
40,19907,7,7,2,37,1,5,4,5,18.7,25,2018,2,1.0,5.3,1,0,1,1,0,0,1,0,0,0,0,1,0,0,0,0,0,1,0,0,0,1,0,0,0
57,79299,8,3,3,60,0,5,4,0,43.1,6,2017,4,0.38,7.5,3,2,2,1,0,0,1,0,0,0,0,1,0,0,0,0,1,0,1,0,0,0,0,0,1
38,114982,3,3,1,39,0,2,2,4,49.9,30,2022,5,1.0,13.0,1,3,2,0,1,0,0,0,1,0,1,0,0,0,0,0,1,0,1,0,0,1,0,0,0
51,63692,3,0,1,37,1,2,2,0,11.9,29,2022,1,0.0,12.3,3,1,1,0,1,0,0,0,1,0,1,0,0,0,0,0,1,0,0,0,0,0,0,1,0
39,54605,6,3,4,28,0,4,4,3,46.0,8,2019,8,0.5,4.7,1,1,2,1,0,0,0,0,0,0,0,0,0,0,1,0,0,0,1,0,0,0,0,0,1
58,35629,2,1,4,19,0,2,2,5,41.6,19,2023,11,0.5,9.5,3,0,2,0,0,1,0,0,0,0,1,0,0,0,0,0,1,0,1,0,0,0,0,1,0
36,100541,7,2,1,5,0,5,4,5,22.0,14,2018,9,0.29,0.7,1,3,1,1,0,0,1,0,0,1,0,0,0,0,0,0,1,0,1,0,0,1,0,0,0
41,114316,6,6,2,18,1,3,2,4,34.9,1,2019,8,1.0,3.0,2,3,2,0,1,0,0,0,1,0,1,0,0,0,1,0,0,0,1,0,0,0,0,1,0
36,94978,7,2,3,4,0,4,4,1,15.5,30,2018,5,0.29,0.6,1,2,1,0,1,0,0,1,0,0,0,0,0,0,0,0,0,0,0,0,0,0,1,0,0
45,41326,2,0,5,11,0,2,2,1,11.0,20,2023,10,0.0,5.5,2,1,1,0,0,0,0,1,0,0,0,1,0,1,0,0,0,0,0,1,0,0,0,0,0
24,47927,6,2,2,19,1,3,4,4,40.2,6,2019,9,0.33,3.2,0,1,2,0,0,0,0,0,1,0,1,0,0,0,0,0,0,0,0,0,0,1,0,0,0
42,66826,7,3,5,36,0,2,1,4,31.6,28,2018,5,0.43,5.1,2,1,2,0,0,0,1,0,0,1,0,0,0,0,0,0,0,1,0,0,0,0,0,0,0
60,100325,1,1,4,47,0,5,2,1,20.5,11,2024,3,1.0,47.0,3,3,1,0,1,0,0,1,0,0,0,0,0,0,0,1,0,1,0,0,0,0,1,0,0
25,113706,8,8,1,29,0,5,4,1,13.9,29,2017,1,1.0,3.6,0,3,1,1,0,0,0,0,0,0,0,0,0,0,0,1,0,0,0,1,0,0,0,0,0
34,105394,9,6,1,42,0,1,4,5,3.3,16,2016,8,0.67,4.7,1,3,0,1,0,0,0,1,0,0,0,0,1,0,0,0,1,0,0,0,0,0,0,0,0
51,45843,2,1,2,8,0,5,2,0,42.6,1,2023,7,0.5,4.0,3,1,2,0,1,1,0,0,0,0,0,0,1,0,0,1,0,0,0,0,0,1,0,0,0
39,109519,2,1,4,56,1,5,2,1,7.7,13,2023,4,0.5,28.0,1,3,0,0,1,0,0,0,1,0,1,0,0,0,0,1,0,0,0,0,0,1,0,0,0
54,95890,6,3,5,54,1,3,4,2,26.2,16,2019,9,0.5,9.0,3,2,2,1,0,0,0,1,0,0,1,0,0,0,0,0,1,0,0,1,0,0,0,0,0
58,33080,3,0,1,44,0,5,1,5,36.7,16,2022,10,0.0,14.7,3,0,2,0,0,0,0,0,1,1,0,0,0,0,0,0,1,1,0,0,1,0,0,0,0
25,111065,5,4,5,56,0,3,4,3,38.0,3,2020,11,0.8,11.2,0,3,2,1,0,0,0,0,0,0,0,1,0,0,1,0,0,1,0,0,1,0,0,0,0
52,21175,8,6,2,18,0,5,3,2,33.9,21,2017,5,0.75,2.2,3,0,2,0,1,1,0,0,0,0,0,0,0,0,0,0,0,0,1,0,0,0,0,0,1
53,93401,5,1,2,38,0,3,2,3,37.6,22,2020,5,0.2,7.6,3,2,2,0,0,0,1,0,0,0,0,0,0,0,0,0,0,1,0,0,0,1,0,0,0
23,75497,7,7,3,25,1,5,3,3,27.1,4,2018,9,1.0,3.6,0,2,2,1,0,0,0,1,0,1,0,0,0,0,0,0,0,1,0,0,0,0,0,0,0
30,94828,6,0,4,17,1,3,2,0,13.1,23,2019,12,0.0,2.8,0,2,1,0,1,1,0,0,0,0,1,0,0,0,0,0,1,0,1,0,1,0,0,0,0
41,51852,8,1,5,57,0,5,3,3,16.7,28,2017,11,0.12,7.1,2,1,1,0,1,0,0,0,1,0,0,1,0,0,0,1,0,0,0,0,1,0,0,0,0
29,93778,8,5,2,6,0,2,2,1,43.2,29,2017,12,0.62,0.8,0,2,2,0,1,0,1,0,0,0,0,0,0,0,0,0,1,0,1,0,0,1,0,0,0
59,94076,5,3,4,36,1,3,4,2,11.1,15,2020,4,0.6,7.2,3,2,1,0,1,0,0,1,0,0,0,1,0,0,0,0,0,1,0,0,1,0,0,0,0
52,106496,5,5,3,49,0,4,4,4,5.8,5,2020,1,1.0,9.8,3,3,0,0,0,0,0,1,0,0,0,0,0,0,0,0,1,0,0,0,1,0,0,0,0
30,80396,4,4,3,46,0,5,2,4,48.8,26,2021,8,1.0,11.5,0,2,2,1,0,0,1,0,0,1,0,0,0,0,1,0,0,0,1,0,0,1,0,0,0
52,111238,6,4,2,60,1,1,2,3,4.1,10,2019,3,0.67,10.0,3,3,0,1,0,0,0,1,0,0,1,0,0,0,1,0,0,0,0,1,0,0,0,0,0
25,54436,10,9,1,28,1,5,1,0,24.1,13,2015,8,0.9,2.8,0,1,1,0,0,1,0,0,0,0,0,0,0,0,0,1,0,0,1,1,0,0,0,0,0
31,35310,2,2,1,28,1,3,1,4,38.5,25,2023,5,1.0,14.0,1,0,2,0,0,0,0,0,1,1,0,0,0,0,0,1,0,0,1,0,0,0,0,0,0
41,114119,7,0,1,14,0,3,1,3,38.7,8,2018,6,0.0,2.0,2,3,2,0,0,0,0,0,0,0,0,1,0,1,0,0,0,0,1,0,0,1,0,0,0
60,41545,4,3,5,60,0,1,1,3,21.0,23,2021,8,0.75,15.0,3,1,1,1,0,0,1,0,0,0,1,0,0,0,0,1,0,0,1,0,0,0,1,0,0
39,27669,2,2,4,12,1,5,1,4,19.5,22,2023,5,1.0,6.0,1,0,1,1,0,1,0,0,0,0,0,0,1,1,0,0,0,0,0,0,0,0,0,0,0
51,29037,8,2,5,1,0,2,4,2,13.2,14,2017,11,0.25,0.1,3,0,1,0,0,0,1,0,0,0,1,0,0,1,0,0,0,1,0,0,0,0,0,0,1
22,36733,2,1,1,24,0,4,3,5,14.5,20,2023,1,0.5,12.0,0,0,1,0,0,1,0,0,0,0,0,1,0,0,0,1,0,1,0,1,0,0,0,0,0
54,20246,6,6,5,15,1,4,4,4,40.1,2,2019,2,1.0,2.5,3,0,2,1,0,0,0,0,1,0,1,0,0,1,0,0,0,1,0,0,0,1,0,0,0
57,71454,5,0,4,23,1,1,1,4,9.4,10,2020,4,0.0,4.6,3,2,0,0,0,0,0,0,1,1,0,0,0,0,1,0,0,1,0,0,1,0,0,0,0
29,101697,8,4,5,5,1,1,1,4,10.0,23,2017,8,0.5,0.6,0,3,0,0,1,0,0,0,0,0,0,0,1,1,0,0,0,0,1,0,0,0,0,0,1
35,115749,6,5,4,43,0,2,4,1,28.7,8,2019,2,0.83,7.2,1,3,2,1,0,0,0,0,1,0,0,0,1,0,1,0,0,1,0,0,0,0,0,0,1
30,87357,10,5,3,30,0,1,2,1,9.8,19,2015,6,0.5,3.0,0,2,0,1,0,0,0,0,0,0,0,0,1,0,0,0,0,0,1,0,0,0,0,0,0
37,117334,2,2,3,6,1,3,3,4,37.0,15,2023,12,1.0,3.0,1,3,2,0,0,1,0,0,0,0,0,1,0,0,0,1,0,0,0,0,0,0,0,0,1
58,113324,6,6,4,13,0,1,3,0,39.1,17,2019,3,1.0,2.2,3,3,2,0,0,0,0,0,1,0,1,0,0,0,0,0,0,0,0,0,0,0,0,0,0
27,38581,8,0,3,32,0,1,3,2,39.2,24,2017,10,0.0,4.0,0,0,2,0,1,0,0,0,0,0,0,0,0,0,0,1,0,0,1,0,0,0,0,0,0
33,105980,3,1,2,48,1,3,4,5,36.1,18,2022,5,0.33,16.0,1,3,2,1,0,0,0,1,0,0,0,0,1,1,0,0,0,1,0,0,0,1,0,0,0
39,102529,6,0,3,0,0,5,4,0,28.0,0,2019,2,0.0,0.0,1,3,2,0,1,1,0,0,0,0,0,0,0,0,1,0,0,0,0,0,0,1,0,0,0
47,15423,9,8,1,54,0,2,4,4,44.8,15,2016,11,0.89,6.0,2,0,2,0,1,0,0,1,0,1,0,0,0,0,0,0,1,0,1,0,0,0,0,0,0
51,95601,8,3,1,50,1,1,4,3,27.5,27,2017,10,0.38,6.2,3,2,2,1,0,0,0,0,0,0,0,0,1,0,1,0,0,0,1,0,0,0,0,0,0
29,34201,7,2,3,34,1,4,2,0,46.9,20,2018,11,0.29,4.9,0,0,2,0,1,0,1,0,0,1,0,0,0,0,0,0,1,0,0,0,0,0,0,0,1
45,62105,7,1,3,21,0,5,3,0,20.9,10,2018,8,0.14,3.0,2,1,1,0,0,1,0,0,0,0,0,0,0,1,0,0,0,0,1,0,1,0,0,0,0
29,63890,9,1,3,13,0,2,4,2,5.6,1,2016,4,0.11,1.4,0,1,0,0,0,1,0,0,0,0,1,0,0,0,0,0,1,0,1,0,0,0,0,1,0
26,77149,3,2,3,44,1,3,1,1,47.6,15,2022,11,0.67,14.7,0,2,2,0,1,1,0,0,0,0,1,0,0,0,0,1,0,1,0,0,0,0,0,1,0
53,47750,8,3,5,51,0,4,4,3,39.9,26,2017,9,0.38,6.4,3,1,2,0,0,0,1,0,0,1,0,0,0,0,0,1,0,0,0,1,0,0,0,0,0
57,63563,5,0,1,18,0,2,1,3,21.5,0,2020,6,0.0,3.6,3,1,1,0,0,1,0,0,0,0,0,1,0,0,0,1,0,0,0,0,0,0,0,0,0
41,99165,8,1,3,9,1,2,4,3,34.2,16,2017,3,0.12,1.1,2,2,2,0,1,0,0,0,1,0,0,0,0,0,1,0,0,1,0,0,0,0,0,1,0
38,17795,9,3,5,31,0,2,2,2,17.0,21,2016,11,0.33,3.4,1,0,1,1,0,0,0,0,1,0,0,1,0,0,0,1,0,0,1,0,0,1,0,0,0
43,43090,5,3,4,56,0,5,2,3,27.6,20,2020,1,0.6,11.2,2,1,2,1,0,0,0,0,0,0,0,1,0,0,0,0,0,1,0,0,0,0,1,0,0
54,111598,5,0,4,52,1,2,4,3,43.3,26,2020,3,0.0,10.4,3,3,2,0,1,0,0,0,1,0,1,0,0,0,0,0,1,0,0,0,0,0,0,0,1
49,43714,5,5,4,30,0,2,3,1,9.1,21,2020,11,1.0,6.0,2,1,0,0,0,0,0,0,0,0,0,0,0,0,0,0,0,1,0,0,0,0,0,0,1
46,87795,6,4,1,39,0,1,3,5,17.4,14,2019,1,0.67,6.5,2,2,1,0,1,1,0,0,0,0,0,0,0,1,0,0,0,0,1,0,0,0,1,0,0
50,67443,9,5,4,15,0,5,4,4,48.3,2,2016,1,0.56,1.7,2,1,2,0,0,1,0,0,0,0,0,0,1,0,1,0,0,1,0,0,0,0,0,0,0
59,108226,4,2,1,38,0,1,3,2,28.7,11,2021,2,0.5,9.5,3,3,2,0,0,0,1,0,0,0,0,0,0,0,1,0,0,1,0,0,0,0,0,0,1
46,38916,7,4,2,3,0,1,4,0,37.4,5,2018,4,0.57,0.4,2,0,2,1,0,0,0,0,0,1,0,0,0,0,1,0,0,1,0,0,1,0,0,0,0
42,64363,3,2,3,44,0,2,2,0,28.1,2,2022,11,0.67,14.7,2,1,2,0,1,0,0,0,1,0,0,0,1,0,0,1,0,0,0,0,0,0,0,1,0
40,113718,10,5,5,29,1,3,2,3,6.1,7,2015,8,0.5,2.9,1,3,0,1,0,0,0,0,0,1,0,0,0,0,0,1,0,0,1,0,0,0,0,0,0
24,46482,10,1,4,33,1,4,2,1,37.4,18,2015,7,0.1,3.3,0,1,2,0,1,0,0,0,1,0,0,1,0,0,1,0,0,0,1,0,0,0,0,0,0
33,76171,2,0,5,1,1,1,3,0,46.8,29,2023,9,0.0,0.5,1,2,2,0,0,0,1,0,0,0,0,0,1,1,0,0,0,0,1,0,0,0,0,1,0
28,28189,4,0,1,5,1,5,4,3,49.9,17,2021,4,0.0,1.2,0,0,2,0,0,0,0,0,1,1,0,0,0,0,0,0,1,1,0,0,0,0,0,0,1
29,48480,2,0,4,20,1,1,4,2,37.3,22,2023,5,0.0,10.0,0,1,2,0,0,0,0,0,0,0,1,0,0,0,0,1,0,1,0,0,1,0,0,0,0
47,52949,8,2,3,38,0,5,1,4,22.2,25,2017,5,0.25,4.8,2,1,1,1,0,0,0,1,0,0,0,0,1,1,0,0,0,0,0,0,1,0,0,0,0
22,97986,5,4,2,14,0,1,2,5,33.2,21,2020,10,0.8,2.8,0,2,2,0,1,1,0,0,0,0,1,0,0,0,1,0,0,1,0,0,0,0,0,0,0
26,58628,7,7,1,11,0,5,2,5,7.7,17,2018,1,1.0,1.6,0,1,0,0,1,0,0,0,0,0,0,1,0,0,1,0,0,1,0,0,0,0,1,0,0
53,89829,4,4,5,41,1,4,3,0,13.3,8,2021,9,1.0,10.2,3,2,1,0,1,0,1,0,0,0,0,0,1,0,0,0,1,0,1,0,0,0,1,0,0
36,17264,3,2,3,40,1,3,3,3,40.0,26,2022,4,0.67,13.3,1,0,2,1,0,0,1,0,0,0,0,0,0,0,0,0,0,0,0,0,0,0,0,0,0
32,65558,8,3,4,3,0,4,3,3,48.7,14,2017,12,0.38,0.4,1,1,2,1,0,0,0,0,0,0,0,1,0,0,0,1,0,0,0,0,0,0,1,0,0
30,109866,8,7,5,60,0,5,1,5,32.9,13,2017,12,0.88,7.5,0,3,2,1,0,0,0,0,0,0,0,0,0,1,0,0,0,1,0,0,0,1,0,0,0
46,67271,8,4,4,59,1,5,2,3,2.2,1,2017,1,0.5,7.4,2,1,0,0,1,0,0,1,0,0,1,0,0,0,0,0,1,1,0,0,0,1,0,0,0
54,44389,6,4,5,0,1,2,2,1,38.8,25,2019,3,0.67,0.0,3,1,2,0,1,0,1,0,0,0,0,0,1,0,0,0,1,0,0,0,0,0,0,1,0
28,23374,6,0,2,3,1,3,4,1,30.4,8,2019,3,0.0,0.5,0,0,2,1,0,0,0,0,0,0,0,1,0,0,0,1,0,0,0,0,0,1,0,0,0
31,111348,2,0,4,17,0,1,3,3,12.4,25,2023,6,0.0,8.5,1,3,1,1,0,0,0,0,1,0,1,0,0,0,0,1,0,0,0,0,0,0,0,1,0
48,29119,9,7,1,12,1,5,2,3,48.9,9,2016,4,0.78,1.3,2,0,2,0,1,0,1,0,0,0,0,0,1,0,0,0,0,0,1,0,0,1,0,0,0
46,93382,9,7,1,21,1,4,1,3,19.6,1,2016,4,0.78,2.3,2,2,1,0,1,0,0,0,0,0,0,0,1,1,0,0,0,1,0,1,0,0,0,0,0
29,92185,9,0,3,56,0,4,2,3,31.1,19,2016,12,0.0,6.2,0,2,2,1,0,0,0,0,0,0,0,0,1,0,0,0,0,0,0,0,0,0,0,0,0
27,102520,4,4,3,29,0,5,1,0,23.6,12,2021,9,1.0,7.2,0,3,1,1,0,0,0,1,0,0,0,1,0,0,1,0,0,1,0,0,0,0,0,0,0
50,29816,9,9,4,44,1,1,1,3,12.2,25,2016,1,1.0,4.9,2,0,1,0,0,0,0,0,0,1,0,0,0,0,0,1,0,0,1,0,0,0,0,0,1
60,55020,5,3,3,26,0,5,2,0,5.9,6,2020,9,0.6,5.2,3,1,0,0,0,1,0,0,0,0,1,0,0,1,0,0,0,0,0,0,0,0,0,1,0
41,97245,7,6,3,4,1,4,4,0,29.3,7,2018,1,0.86,0.6,2,2,2,0,1,0,0,1,0,0,0,0,0,0,1,0,0,0,0,0,0,0,0,0,1
33,84944,5,5,1,13,0,5,3,0,4.2,3,2020,12,1.0,2.6,1,2,0,1,0,0,0,0,1,0,0,0,1,0,0,0,0,0,0,1,0,0,0,0,0
33,55437,3,2,4,11,1,2,3,4,28.9,16,2022,9,0.67,3.7,1,1,2,1,0,0,0,1,0,0,0,0,0,1,0,0,0,0,1,0,0,0,0,0,1
42,118125,2,2,3,43,1,1,1,5,32.9,5,2023,2,1.0,21.5,2,3,2,0,1,0,0,0,0,0,0,1,0,0,1,0,0,0,0,0,0,0,0,0,0
57,112932,5,2,2,15,1,4,3,5,33.5,29,2020,2,0.4,3.0,3,3,2,0,1,0,1,0,0,0,0,0,1,0,1,0,0,0,0,0,0,0,0,0,0
27,105749,6,2,2,11,1,1,1,1,14.0,2,2019,7,0.33,1.8,0,3,1,0,0,0,0,1,0,0,0,0,1,0,1,0,0,0,1,0,0,0,1,0,0
35,60610,6,1,1,22,0,4,4,3,15.9,20,2019,4,0.17,3.7,1,1,1,1,0,0,0,0,0,1,0,0,0,0,0,1,0,1,0,0,0,0,0,1,0
22,84214,10,3,2,4,0,4,2,2,19.9,17,2015,7,0.3,0.4,0,2,1,0,0,0,0,0,1,0,0,0,0,0,0,0,0,0,0,0,1,0,0,0,0
30,93735,2,2,5,8,0,5,2,2,34.9,21,2023,4,1.0,4.0,0,2,2,0,1,0,0,0,0,0,0,0,0,0,0,0,1,0,0,0,1,0,0,0,0
25,75999,2,2,5,26,1,3,1,1,31.3,23,2023,1,1.0,13.0,0,2,2,0,0,0,0,1,0,0,0,1,0,0,1,0,0,0,1,1,0,0,0,0,0
41,105977,2,2,3,21,1,5,2,1,37.8,10,2023,3,1.0,10.5,2,3,2,1,0,0,0,0,0,0,1,0,0,0,0,0,0,0,1,0,0,0,0,0,1
35,111120,4,2,3,7,1,2,2,2,17.6,3,2021,12,0.5,1.8,1,3,1,0,0,1,0,0,0,0,0,0,1,0,0,0,0,1,0,0,0,0,0,0,0
55,23372,9,2,3,54,0,2,1,4,45.7,24,2016,11,0.22,6.0,3,0,2,0,1,0,1,0,0,0,0,0,0,0,0,0,1,0,1,1,0,0,0,0,0
57,70320,9,1,4,54,0,1,4,1,19.1,30,2016,10,0.11,6.0,3,2,1,1,0,0,0,0,1,0,0,1,0,0,0,0,0,1,0,0,1,0,0,0,0
34,62425,1,0,2,24,0,5,3,1,48.6,0,2024,4,0.0,24.0,1,1,2,0,1,0,1,0,0,0,0,0,0,0,1,0,0,0,0,1,0,0,0,0,0
28,21129,2,2,3,28,0,1,2,5,22.3,4,2023,8,1.0,14.0,0,0,1,0,1,0,1,0,0,0,0,1,0,0,0,0,1,0,1,0,0,0,0,1,0
22,49673,5,2,3,42,0,4,2,1,24.2,0,2020,1,0.4,8.4,0,1,1,0,1,0,0,1,0,0,1,0,0,0,1,0,0,1,0,0,0,0,1,0,0
51,62158,2,0,5,37,0,2,2,3,12.2,28,2023,6,0.0,18.5,3,1,1,1,0,0,0,0,0,0,0,0,1,0,1,0,0,0,0,0,0,0,1,0,0
40,50969,6,2,4,50,0,3,3,1,31.7,15,2019,1,0.33,8.3,1,1,2,0,0,0,1,0,0,0,1,0,0,0,0,0,1,0,0,0,0,0,1,0,0
31,38637,10,4,4,31,1,4,4,2,1.6,18,2015,10,0.4,3.1,1,0,0,0,0,0,0,1,0,0,0,0,0,0,0,0,1,1,0,0,0,0,0,1,0
55,92434,8,8,3,6,0,4,3,2,27.4,14,2017,12,1.0,0.8,3,2,2,0,1,0,0,0,1,0,0,1,0,0,0,0,0,1,0,0,1,0,0,0,0
24,58272,2,2,2,26,0,3,4,3,7.1,10,2023,4,1.0,13.0,0,1,0,0,1,0,1,0,0,0,0,1,0,0,1,0,0,0,1,0,0,0,1,0,0
41,117468,1,0,1,39,0,5,1,2,43.3,23,2024,5,0.0,39.0,2,3,2,1,0,0,1,0,0,0,0,0,1,0,1,0,0,1,0,0,0,1,0,0,0
46,41102,9,5,3,10,1,5,4,0,14.6,14,2016,7,0.56,1.1,2,1,1,0,1,1,0,0,0,0,0,1,0,0,0,1,0,0,1,1,0,0,0,0,0
55,55307,9,2,2,28,0,5,2,4,37.0,3,2016,2,0.22,3.1,3,1,2,0,1,0,0,0,1,0,0,0,1,0,0,1,0,0,0,0,0,0,1,0,0
38,49412,3,2,2,52,0,4,1,5,27.0,10,2022,6,0.67,17.3,1,1,2,0,1,0,1,0,0,0,0,0,1,0,0,0,0,1,0,0,0,1,0,0,0
49,81270,4,3,2,50,0,1,1,5,34.6,2,2021,12,0.75,12.5,2,2,2,1,0,0,1,0,0,0,1,0,0,0,0,0,0,0,1,0,0,0,0,0,0
33,57736,4,2,5,33,1,2,2,0,1.3,23,2021,10,0.5,8.2,1,1,0,0,1,0,0,1,0,1,0,0,0,1,0,0,0,1,0,0,1,0,0,0,0
25,89841,8,4,3,41,1,2,1,0,40.7,30,2017,4,0.5,5.1,0,2,2,0,0,0,0,0,0,0,1,0,0,0,0,0,1,0,1,0,0,1,0,0,0
36,110079,9,2,3,17,0,4,2,2,37.7,14,2016,1,0.22,1.9,1,3,2,1,0,0,0,1,0,0,1,0,0,0,1,0,0,1,0,0,0,1,0,0,0
47,28879,6,0,3,40,1,4,3,4,20.7,24,2019,6,0.0,6.7,2,0,1,1,0,0,1,0,0,1,0,0,0,0,0,0,1,0,1,0,0,0,1,0,0
31,85516,5,5,4,35,1,4,4,2,23.2,4,2020,3,1.0,7.0,1,2,1,0,1,0,1,0,0,1,0,0,0,0,0,0,1,1,0,0,0,0,0,1,0
42,49623,7,5,4,5,1,4,2,2,20.7,17,2018,11,0.71,0.7,2,1,1,0,0,0,1,0,0,0,0,0,1,0,0,0,0,1,0,0,1,0,0,0,0
50,87273,7,4,5,33,1,2,2,5,20.2,21,2018,4,0.57,4.7,2,2,1,0,1,0,0,1,0,0,1,0,0,0,0,1,0,0,0,0,1,0,0,0,0
38,61801,7,2,5,36,0,3,1,1,24.8,5,2018,12,0.29,5.1,1,1,1,0,1,0,0,0,1,1,0,0,0,1,0,0,0,0,1,0,0,0,0,1,0
35,78397,3,3,5,27,0,4,1,3,43.3,3,2022,3,1.0,9.0,1,2,2,0,0,0,0,0,1,0,0,0,0,0,0,0,0,0,1,0,1,0,0,0,0
40,36174,9,7,2,58,1,4,3,4,33.1,4,2016,2,0.78,6.4,1,0,2,1,0,0,1,0,0,0,0,1,0,0,0,1,0,0,1,0,0,1,0,0,0
33,109362,3,2,2,43,0,4,4,3,48.1,10,2022,10,0.67,14.3,1,3,2,0,0,1,0,0,0,0,0,0,0,0,0,1,0,0,1,0,0,0,0,0,1
30,46518,7,2,1,6,1,2,4,3,13.8,26,2018,11,0.29,0.9,0,1,1,0,1,0,0,1,0,1,0,0,0,0,0,0,1,0,0,1,0,0,0,0,0
27,99077,2,1,3,1,1,4,2,3,16.1,26,2023,1,0.5,0.5,0,2,1,0,1,0,1,0,0,0,0,1,0,1,0,0,0,1,0,0,0,0,0,0,1
34,105051,6,5,2,25,0,2,4,4,31.3,6,2019,12,0.83,4.2,1,3,2,0,0,0,1,0,0,1,0,0,0,0,1,0,0,1,0,0,0,0,0,1,0
41,28616,6,3,4,16,0,2,4,0,13.3,4,2019,5,0.5,2.7,2,0,1,0,0,0,0,0,1,0,0,0,1,0,1,0,0,0,0,0,1,0,0,0,0
48,21381,7,0,3,11,0,4,4,2,10.1,28,2018,3,0.0,1.6,2,0,1,0,1,0,0,0,1,0,0,0,0,0,0,0,1,1,0,0,0,0,0,0,1
42,42926,8,2,3,34,1,4,2,3,11.1,20,2017,3,0.25,4.2,2,1,1,0,0,0,0,1,0,0,1,0,0,0,0,0,1,1,0,0,0,1,0,0,0
60,59202,4,4,3,23,0,4,3,0,12.6,11,2021,4,1.0,5.8,3,1,1,0,1,0,0,1,0,0,0,1,0,0,0,1,0,0,1,0,0,0,0,0,1
59,95607,9,5,5,22,0,1,4,0,49.1,11,2016,11,0.56,2.4,3,2,2,0,1,0,0,0,0,0,0,1,0,0,0,0,0,0,1,1,0,0,0,0,0
24,16147,3,2,4,40,0,4,3,2,8.3,22,2022,12,0.67,13.3,0,0,0,0,1,0,0,0,1,0,0,0,0,0,1,0,0,0,1,0,0,0,0,0,1
60,117737,10,10,2,1,0,4,3,3,36.3,0,2015,7,1.0,0.1,3,3,2,1,0,0,0,1,0,0,0,0,0,0,0,1,0,0,0,0,0,0,0,1,0
23,67364,3,0,3,17,0,5,3,2,25.9,4,2022,12,0.0,5.7,0,1,2,1,0,1,0,0,0,1,0,0,0,0,0,0,1,0,1,1,0,0,0,0,0
47,21929,9,8,5,38,1,1,2,5,24.3,6,2016,11,0.89,4.2,2,0,1,1,0,0,1,0,0,1,0,0,0,0,0,0,0,1,0,0,0,1,0,0,0
48,94955,9,1,4,51,1,1,4,1,8.5,25,2016,10,0.11,5.7,2,2,0,1,0,0,0,1,0,0,0,1,0,0,0,0,0,0,0,0,1,0,0,0,0
27,70493,9,6,3,36,1,4,1,5,8.7,21,2016,3,0.67,4.0,0,2,0,1,0,0,0,0,0,0,0,1,0,0,0,0,0,0,0,0,0,1,0,0,0
35,58611,5,0,3,18,0,4,1,5,1.2,5,2020,3,0.0,3.6,1,1,0,0,0,0,0,0,1,0,0,0,1,1,0,0,0,0,1,0,0,0,0,0,0
39,26226,9,1,4,22,0,4,2,2,18.3,16,2016,5,0.11,2.4,1,0,1,0,1,0,0,0,1,0,1,0,0,0,0,0,0,0,1,0,0,0,0,0,0
51,27693,2,2,2,31,1,2,4,3,25.2,10,2023,4,1.0,15.5,3,0,2,0,0,0,1,0,0,0,0,0,1,0,0,1,0,1,0,0,0,0,1,0,0
55,33638,9,1,4,37,1,2,3,4,2.1,28,2016,8,0.11,4.1,3,0,0,0,1,0,1,0,0,1,0,0,0,1,0,0,0,0,0,1,0,0,0,0,0
38,98301,10,4,5,33,1,3,3,4,47.4,17,2015,11,0.4,3.3,1,2,2,1,0,0,0,0,0,0,0,0,0,0,0,1,0,0,0,1,0,0,0,0,0
56,77537,3,2,3,3,0,3,1,3,28.0,23,2022,6,0.67,1.0,3,2,2,1,0,0,0,0,0,1,0,0,0,0,0,0,0,1,0,0,0,0,0,0,0
41,57565,6,4,2,29,1,3,4,4,16.5,19,2019,1,0.67,4.8,2,1,1,0,1,1,0,0,0,0,0,0,0,0,0,0,1,1,0,0,0,0,0,0,0
30,95418,3,1,4,21,1,3,4,0,39.6,16,2022,1,0.33,7.0,0,2,2,0,0,0,1,0,0,0,0,1,0,0,0,0,0,0,0,0,0,1,0,0,0
43,84838,3,2,1,19,1,3,2,4,34.7,13,2022,8,0.67,6.3,2,2,2,0,1,0,0,1,0,0,0,0,1,0,0,0,0,1,0,0,0,0,0,1,0
56,60668,6,5,3,0,1,1,1,1,21.8,19,2019,5,0.83,0.0,3,1,1,0,0,0,0,1,0,0,1,0,0,0,0,0,1,0,0,0,0,1,0,0,0
56,93557,9,6,1,46,0,1,1,5,29.1,12,2016,7,0.67,5.1,3,2,2,1,0,0,1,0,0,1,0,0,0,0,0,0,1,0,0,0,1,0,0,0,0
37,59502,5,3,5,50,0,1,4,0,23.8,25,2020,4,0.6,10.0,1,1,1,1,0,0,1,0,0,0,0,0,1,0,0,1,0,0,1,0,1,0,0,0,0
23,58342,6,0,1,34,0,3,2,0,41.0,15,2019,4,0.0,5.7,0,1,2,0,0,0,1,0,0,0,0,0,0,0,0,0,1,1,0,0,0,0,0,1,0
43,49062,3,2,2,35,0,4,4,1,9.4,12,2022,4,0.67,11.7,2,1,0,0,1,0,1,0,0,0,0,0,0,0,0,0,0,1,0,0,0,0,1,0,0
31,116923,3,0,4,20,0,3,1,5,13.3,4,2022,9,0.0,6.7,1,3,1,0,0,1,0,0,0,0,0,1,0,0,1,0,0,0,0,0,0,0,1,0,0
23,25300,6,1,5,43,1,3,4,2,13.9,24,2019,9,0.17,7.2,0,0,1,0,0,0,1,0,0,0,0,0,1,0,0,0,0,0,1,0,0,0,0,0,0
56,117876,5,3,3,52,0,3,3,4,6.7,26,2020,4,0.6,10.4,3,3,0,0,1,0,1,0,0,1,0,0,0,0,1,0,0,1,0,0,0,0,0,0,0
33,41704,7,3,4,20,0,2,4,0,33.4,25,2018,1,0.43,2.9,1,1,2,1,0,1,0,0,0,1,0,0,0,0,1,0,0,0,0,0,0,0,1,0,0
50,108404,1,1,2,4,0,5,4,4,35.5,13,2024,4,1.0,4.0,2,3,2,0,0,0,1,0,0,1,0,0,0,0,1,0,0,0,0,0,0,1,0,0,0
38,56494,6,1,4,44,1,5,1,4,37.7,23,2019,6,0.17,7.3,1,1,2,0,0,0,0,0,0,0,0,0,0,0,1,0,0,0,1,0,0,0,0,0,1
29,49558,4,3,1,30,1,3,4,5,25.0,4,2021,7,0.75,7.5,0,1,1,1,0,0,0,0,1,1,0,0,0,1,0,0,0,0,0,0,0,0,0,1,0
43,19846,9,5,2,28,0,2,1,3,48.4,1,2016,12,0.56,3.1,2,0,2,0,0,0,0,0,0,0,0,0,1,0,0,0,1,1,0,0,0,0,1,0,0
52,46705,10,0,2,60,0,5,2,4,44.4,4,2015,11,0.0,6.0,3,1,2,0,0,0,0,1,0,0,0,1,0,0,0,1,0,0,1,0,1,0,0,0,0
48,25511,8,0,4,26,1,1,1,5,15.8,17,2017,11,0.0,3.2,2,0,1,0,0,0,0,1,0,0,1,0,0,0,0,1,0,0,1,0,0,0,0,0,0
46,84689,3,1,1,25,0,3,4,1,43.2,8,2022,5,0.33,8.3,2,2,2,0,1,0,0,0,0,0,1,0,0,0,1,0,0,1,0,0,1,0,0,0,0
29,65782,4,1,1,35,0,2,4,1,9.9,9,2021,10,0.25,8.8,0,1,0,0,0,0,0,0,0,0,1,0,0,1,0,0,0,1,0,0,0,0,1,0,0
58,37760,5,1,2,48,1,4,4,4,13.4,0,2020,10,0.2,9.6,3,0,1,0,1,0,0,0,1,0,0,0,1,0,0,1,0,0,0,1,0,0,0,0,0
23,61603,3,0,4,43,1,1,4,2,39.7,24,2022,11,0.0,14.3,0,1,2,0,0,1,0,0,0,0,0,0,0,0,0,0,1,1,0,0,0,0,0,0,0
27,118165,4,1,1,13,1,5,4,2,16.9,8,2021,1,0.25,3.2,0,3,1,1,0,0,0,1,0,0,0,0,0,0,0,0,1,1,0,0,0,0,1,0,0
31,115771,1,1,1,43,0,3,3,2,44.9,28,2024,1,1.0,43.0,1,3,2,0,0,0,0,0,0,0,0,1,0,1,0,0,0,0,0,1,0,0,0,0,0
47,96494,4,3,5,45,0,1,2,5,13.4,24,2021,1,0.75,11.2,2,2,1,1,0,0,1,0,0,0,0,0,1,1,0,0,0,0,0,0,1,0,0,0,0
60,102274,2,1,4,53,0,5,4,1,30.1,27,2023,2,0.5,26.5,3,3,2,0,0,0,0,0,1,0,0,1,0,0,0,0,1,0,1,0,0,0,1,0,0
52,77667,6,4,5,28,0,5,4,4,9.3,0,2019,12,0.67,4.7,3,2,0,0,0,0,0,0,1,1,0,0,0,1,0,0,0,1,0,0,0,1,0,0,0
39,19022,5,3,2,41,1,3,2,2,17.7,20,2020,7,0.6,8.2,1,0,1,0,1,0,0,0,1,0,1,0,0,0,0,0,1,0,0,0,0,0,0,0,1
28,117239,5,0,4,16,0,3,1,1,47.1,30,2020,10,0.0,3.2,0,3,2,0,0,1,0,0,0,0,1,0,0,0,0,1,0,1,0,0,0,1,0,0,0
56,32196,4,1,1,47,0,5,2,3,43.3,4,2021,1,0.25,11.8,3,0,2,1,0,0,1,0,0,0,0,0,1,0,1,0,0,0,1,0,0,0,1,0,0
25,54008,3,3,3,45,0,3,4,4,21.8,1,2022,6,1.0,15.0,0,1,1,0,0,1,0,0,0,0,1,0,0,0,0,1,0,0,1,1,0,0,0,0,0
38,47663,5,5,4,58,1,5,1,5,25.5,13,2020,7,1.0,11.6,1,1,2,0,1,0,0,1,0,0,0,0,1,0,1,0,0,1,0,1,0,0,0,0,0
51,110040,7,0,4,51,1,5,4,0,41.9,5,2018,5,0.0,7.3,3,3,2,0,0,0,0,1,0,0,0,1,0,0,0,1,0,0,1,1,0,0,0,0,0
40,73924,4,2,1,1,0,1,4,1,16.8,21,2021,9,0.5,0.2,1,2,1,0,0,0,1,0,0,0,0,0,1,0,0,0,0,0,1,0,0,0,0,0,1
30,115461,10,3,2,39,1,2,3,5,6.2,15,2015,7,0.3,3.9,0,3,0,0,0,0,1,0,0,1,0,0,0,0,0,0,1,1,0,0,0,0,1,0,0
55,94926,8,8,2,27,1,1,4,4,9.8,7,2017,2,1.0,3.4,3,2,0,0,0,0,1,0,0,0,1,0,0,1,0,0,0,0,0,0,0,1,0,0,0
26,74237,2,2,1,0,0,4,4,1,19.0,26,2023,7,1.0,0.0,0,2,1,1,0,0,0,0,1,0,0,0,0,0,0,1,0,0,1,0,0,0,0,0,1
37,68750,8,2,5,44,0,3,2,0,25.6,20,2017,8,0.25,5.5,1,1,2,0,0,1,0,0,0,0,0,1,0,0,0,0,1,0,0,0,0,0,1,0,0
32,115599,10,0,4,28,1,1,1,2,48.8,28,2015,10,0.0,2.8,1,3,2,0,0,0,0,0,1,0,0,0,1,0,0,1,0,1,0,1,0,0,0,0,0
37,116672,6,3,3,13,1,1,3,5,23.8,30,2019,2,0.5,2.2,1,3,1,0,1,0,1,0,0,0,1,0,0,0,0,1,0,1,0,0,0,0,0,0,1
36,73368,4,0,4,42,1,5,3,5,44.6,28,2021,6,0.0,10.5,1,2,2,0,0,0,0,0,0,0,0,1,0,1,0,0,0,1,0,0,0,0,1,0,0
31,89944,9,4,5,11,0,4,2,2,15.0,28,2016,5,0.44,1.2,1,2,1,0,1,0,0,0,1,0,0,1,0,0,0,0,1,0,0,1,0,0,0,0,0
22,77084,5,5,4,48,0,3,4,2,49.7,24,2020,7,1.0,9.6,0,2,2,0,1,0,1,0,0,0,0,0,1,1,0,0,0,0,1,0,1,0,0,0,0
39,73898,6,3,3,26,1,4,2,5,6.8,28,2019,1,0.5,4.3,1,2,0,1,0,0,0,0,1,1,0,0,0,0,0,1,0,0,0,0,0,0,0,1,0
28,73684,6,2,5,17,0,1,3,4,22.0,24,2019,5,0.33,2.8,0,2,1,0,1,0,0,0,1,0,1,0,0,1,0,0,0,0,1,0,0,0,0,0,1
50,47344,8,0,1,8,0,3,3,0,38.2,28,2017,7,0.0,1.0,2,1,2,0,1,0,0,0,0,1,0,0,0,0,1,0,0,1,0,0,0,0,0,1,0
56,116651,7,3,1,50,0,5,2,0,12.4,16,2018,3,0.43,7.1,3,3,1,0,1,0,0,0,1,0,0,0,0,0,0,1,0,1,0,1,0,0,0,0,0
47,61923,8,4,5,45,1,3,3,1,2.8,17,2017,8,0.5,5.6,2,1,0,0,0,1,0,0,0,1,0,0,0,1,0,0,0,1,0,0,0,0,0,1,0
26,42035,5,0,3,34,1,3,2,1,7.3,8,2020,9,0.0,6.8,0,1,0,0,1,1,0,0,0,0,0,1,0,0,0,1,0,0,0,0,1,0,0,0,0
45,118567,2,0,2,29,0,1,2,5,39.9,15,2023,12,0.0,14.5,2,3,2,1,0,0,0,0,0,1,0,0,0,0,0,0,0,1,0,0,0,0,0,1,0
56,115579,4,0,1,33,1,3,4,0,38.9,1,2021,11,0.0,8.2,3,3,2,1,0,0,1,0,0,0,0,0,1,0,0,0,0,1,0,1,0,0,0,0,0
48,54915,2,2,1,59,0,1,1,5,48.0,17,2023,10,1.0,29.5,2,1,2,1,0,0,0,0,1,0,0,0,0,0,0,0,0,0,1,0,1,0,0,0,0
52,53253,9,5,3,29,0,5,4,5,9.9,4,2016,1,0.56,3.2,3,1,0,1,0,0,0,1,0,0,0,0,0,0,1,0,0,0,0,1,0,0,0,0,0
57,57953,3,2,1,35,0,5,4,0,42.3,24,2022,8,0.67,11.7,3,1,2,0,0,0,0,1,0,0,0,0,0,0,0,0,0,1,0,0,1,0,0,0,0
47,42097,6,4,1,57,1,5,3,2,1.5,13,2019,11,0.67,9.5,2,1,0,0,1,0,1,0,0,0,0,1,0,0,0,0,1,0,0,0,1,0,0,0,0
59,96338,5,3,2,4,1,5,1,1,34.1,21,2020,12,0.6,0.8,3,2,2,0,0,0,1,0,0,0,0,0,1,0,1,0,0,0,1,1,0,0,0,0,0
28,69374,9,6,3,9,1,4,2,5,49.9,3,2016,11,0.67,1.0,0,1,2,0,1,0,1,0,0,0,1,0,0,0,0,0,1,0,1,0,0,1,0,0,0
53,86435,3,3,4,7,0,5,4,1,18.0,0,2022,6,1.0,2.3,3,2,1,0,0,1,0,0,0,0,0,1,0,0,0,0,0,0,1,0,0,0,0,0,0
24,104132,10,7,2,52,1,4,4,1,32.1,22,2015,8,0.7,5.2,0,3,2,1,0,0,1,0,0,1,0,0,0,0,0,0,1,0,1,0,0,0,0,0,1
34,81266,4,4,2,22,0,4,3,3,41.4,17,2021,7,1.0,5.5,1,2,2,1,0,0,0,1,0,0,0,0,0,0,0,1,0,1,0,0,0,0,0,0,0
25,33079,1,1,5,29,1,1,1,0,13.2,22,2024,4,1.0,29.0,0,0,1,0,1,0,1,0,0,0,0,1,0,0,0,0,1,0,1,0,0,0,1,0,0
36,87828,3,0,1,53,1,3,1,5,40.0,19,2022,9,0.0,17.7,1,2,2,0,1,0,1,0,0,0,0,0,0,0,0,1,0,1,0,0,0,1,0,0,0
36,103036,6,4,3,47,1,5,3,4,27.0,10,2019,2,0.67,7.8,1,3,2,1,0,0,0,1,0,0,0,1,0,0,0,1,0,0,0,0,0,0,1,0,0
53,61473,2,1,3,17,1,1,4,0,19.8,8,2023,9,0.5,8.5,3,1,1,1,0,0,1,0,0,0,0,0,0,0,0,1,0,0,1,0,0,0,0,1,0
42,90743,7,4,3,51,1,3,3,3,8.8,28,2018,9,0.57,7.3,2,2,0,0,0,1,0,0,0,0,0,0,1,0,0,0,0,0,1,0,0,1,0,0,0
44,119318,8,3,4,1,1,3,4,5,21.3,30,2017,10,0.38,0.1,2,3,1,0,1,0,1,0,0,0,0,0,0,0,0,0,1,0,1,1,0,0,0,0,0
35,79437,3,3,1,18,1,5,2,3,41.9,22,2022,11,1.0,6.0,1,2,2,1,0,0,0,0,0,0,0,0,1,0,0,0,0,1,0,0,0,1,0,0,0
26,61448,3,3,4,56,0,1,2,3,30.5,1,2022,12,1.0,18.7,0,1,2,0,1,0,0,0,0,0,1,0,0,0,0,0,1,0,0,0,0,1,0,0,0
36,41686,3,0,3,11,0,1,4,3,45.3,0,2022,7,0.0,3.7,1,1,2,0,1,0,0,1,0,0,0,1,0,0,0,0,0,1,0,0,0,0,0,0,0
46,114523,7,1,2,42,0,2,3,2,8.7,17,2018,9,0.14,6.0,2,3,0,1,0,0,0,0,1,0,1,0,0,0,1,0,0,0,0,0,1,0,0,0,0
50,74705,10,10,5,37,1,5,4,4,16.0,23,2015,11,1.0,3.7,2,2,1,0,0,0,0,0,1,0,1,0,0,0,0,0,1,0,0,0,0,0,0,0,1
50,72099,8,6,1,4,0,1,1,1,25.6,18,2017,8,0.75,0.5,2,2,2,0,1,1,0,0,0,0,0,1,0,0,0,0,1,0,0,0,0,0,1,0,0
53,60897,8,6,4,46,0,1,2,1,7.9,30,2017,11,0.75,5.8,3,1,0,0,0,0,0,0,0,0,0,0,0,0,0,1,0,1,0,0,0,0,1,0,0
29,63122,4,0,2,18,0,1,2,0,16.5,19,2021,10,0.0,4.5,0,1,1,0,1,0,0,0,1,0,0,0,0,1,0,0,0,0,1,0,0,0,1,0,0
39,33401,5,4,1,17,0,3,2,2,2.3,12,2020,11,0.8,3.4,1,0,0,0,1,0,0,0,0,1,0,0,0,0,0,1,0,0,0,0,0,0,1,0,0
53,38489,3,2,1,14,0,4,2,4,30.0,17,2022,3,0.67,4.7,3,0,2,1,0,0,0,1,0,1,0,0,0,0,0,1,0,0,1,0,0,0,0,0,0
59,24658,9,0,3,50,0,5,1,0,41.3,19,2016,5,0.0,5.6,3,0,2,0,0,0,0,1,0,1,0,0,0,0,1,0,0,0,0,0,0,0,0,1,0
46,104877,6,5,3,29,1,4,3,3,29.4,7,2019,3,0.83,4.8,2,3,2,0,0,0,0,0,0,0,1,0,0,0,0,1,0,1,0,0,0,1,0,0,0
35,73413,6,4,2,40,0,4,2,2,30.4,30,2019,12,0.67,6.7,1,2,2,0,0,0,1,0,0,1,0,0,0,1,0,0,0,1,0,0,0,0,1,0,0
32,25328,7,2,2,1,0,4,4,4,47.2,15,2018,11,0.29,0.1,1,0,2,0,0,0,1,0,0,0,0,0,1,0,0,1,0,0,0,0,0,0,0,1,0
43,100755,10,0,3,54,0,5,4,5,15.4,5,2015,11,0.0,5.4,2,3,1,1,0,1,0,0,0,0,0,0,0,0,1,0,0,0,1,0,1,0,0,0,0
46,107882,1,1,1,3,0,3,1,0,9.9,16,2024,3,1.0,3.0,2,3,0,0,0,0,0,0,1,0,0,0,0,0,0,0,1,0,1,1,0,0,0,0,0
36,70226,6,0,5,45,0,4,3,1,47.2,30,2019,2,0.0,7.5,1,2,2,0,1,0,0,0,1,0,0,1,0,0,0,0,0,0,0,0,0,0,0,0,0
32,94637,5,3,1,26,1,4,3,1,25.3,28,2020,9,0.6,5.2,1,2,2,0,0,1,0,0,0,0,0,0,1,0,1,0,0,1,0,0,1,0,0,0,0
22,37175,4,0,4,35,0,2,1,5,26.5,30,2021,6,0.0,8.8,0,0,2,0,0,0,0,0,0,1,0,0,0,0,0,0,0,0,0,0,0,0,0,0,0
45,16453,4,1,4,39,0,3,1,0,11.6,23,2021,12,0.25,9.8,2,0,1,1,0,0,0,0,0,0,0,0,1,0,0,0,1,0,1,1,0,0,0,0,0
26,106820,5,5,5,27,1,2,2,2,20.4,22,2020,5,1.0,5.4,0,3,1,1,0,0,0,0,0,0,0,1,0,1,0,0,0,0,1,0,0,0,1,0,0
38,111452,6,0,3,11,1,3,4,4,31.8,6,2019,11,0.0,1.8,1,3,2,0,1,0,1,0,0,1,0,0,0,0,0,1,0,1,0,0,1,0,0,0,0
22,105301,3,1,1,35,1,4,2,1,42.3,12,2022,2,0.33,11.7,0,3,2,0,0,1,0,0,0,0,0,0,1,0,0,1,0,0,0,0,0,0,0,0,0
48,112179,6,1,5,15,1,4,3,4,24.5,26,2019,9,0.17,2.5,2,3,1,0,0,0,0,0,0,0,1,0,0,1,0,0,0,0,1,0,0,0,1,0,0
28,53868,4,4,1,14,0,1,1,5,37.8,21,2021,12,1.0,3.5,0,1,2,1,0,0,0,0,0,0,1,0,0,0,1,0,0,0,1,0,0,0,0,1,0
56,55096,4,4,2,24,1,5,4,4,11.8,15,2021,3,1.0,6.0,3,1,1,0,1,1,0,0,0,0,0,0,0,0,0,1,0,0,1,0,0,0,0,0,0
53,93638,8,3,2,5,1,5,1,3,2.0,11,2017,7,0.38,0.6,3,2,0,0,0,0,0,1,0,0,0,0,1,0,0,0,0,0,1,1,0,0,0,0,0
45,53558,8,4,1,27,0,2,4,1,38.4,16,2017,11,0.5,3.4,2,1,2,0,0,0,1,0,0,0,0,1,0,0,1,0,0,1,0,0,0,0,1,0,0
49,47785,8,6,5,32,0,5,1,1,22.1,0,2017,3,0.75,4.0,2,1,1,0,1,0,1,0,0,0,0,1,0,0,1,0,0,0,1,0,0,0,0,0,1
42,91128,2,1,1,6,1,5,2,0,11.7,6,2023,1,0.5,3.0,2,2,1,1,0,0,0,0,1,0,1,0,0,0,0,1,0,0,1,0,0,0,0,1,0
54,77613,8,6,3,48,1,2,4,5,17.3,21,2017,6,0.75,6.0,3,2,1,0,1,0,0,0,1,0,0,0,0,1,0,0,0,0,1,0,0,1,0,0,0
42,112238,6,4,5,0,1,4,2,1,30.3,18,2019,10,0.67,0.0,2,3,2,0,1,0,1,0,0,0,0,0,1,1,0,0,0,0,1,1,0,0,0,0,0
53,92389,8,2,2,2,1,3,4,4,22.7,27,2017,12,0.25,0.2,3,2,1,0,1,0,0,1,0,0,0,0,0,1,0,0,0,0,0,0,0,0,0,1,0
38,48713,8,8,4,23,1,1,1,0,2.7,28,2017,3,1.0,2.9,1,1,0,1,0,1,0,0,0,1,0,0,0,0,0,1,0,0,0,0,0,0,0,0,0
22,55734,6,5,2,52,1,5,3,5,31.3,15,2019,3,0.83,8.7,0,1,2,0,0,0,0,0,0,0,0,0,0,0,0,1,0,0,0,1,0,0,0,0,0
30,108532,5,1,3,37,0,1,3,0,24.8,7,2020,7,0.2,7.4,0,3,1,0,1,1,0,0,0,0,0,0,0,0,0,0,1,0,0,0,0,0,0,0,0
37,53440,2,2,4,51,1,5,3,1,31.6,13,2023,1,1.0,25.5,1,1,2,0,1,0,0,0,1,0,0,1,0,0,1,0,0,0,1,0,0,1,0,0,0
39,65071,3,0,5,13,1,4,2,3,15.8,15,2022,4,0.0,4.3,1,1,1,0,0,0,0,1,0,0,1,0,0,0,1,0,0,0,1,0,0,0,0,0,0
24,103129,7,2,5,50,0,1,3,2,36.0,22,2018,3,0.29,7.1,0,3,2,0,0,0,0,0,0,1,0,0,0,0,0,0,1,0,0,0,0,1,0,0,0
60,62096,5,1,3,2,0,3,1,2,16.1,4,2020,7,0.2,0.4,3,1,1,0,0,0,1,0,0,0,1,0,0,0,0,0,1,0,0,0,0,0,0,1,0
51,93647,10,8,2,11,0,5,4,1,46.9,7,2015,10,0.8,1.1,3,2,2,0,1,1,0,0,0,0,0,0,0,0,1,0,0,0,1,0,0,0,0,0,0
24,24702,7,2,2,45,0,4,3,0,29.4,10,2018,2,0.29,6.4,0,0,2,1,0,0,1,0,0,1,0,0,0,0,0,0,1,0,1,0,0,0,0,0,1
23,77990,5,3,3,2,0,4,3,4,46.5,24,2020,2,0.6,0.4,0,2,2,0,1,1,0,0,0,0,1,0,0,0,0,1,0,1,0,0,0,0,0,1,0
47,16791,2,2,2,9,0,1,2,0,46.9,5,2023,4,1.0,4.5,2,0,2,0,0,1,0,0,0,0,0,1,0,0,1,0,0,1,0,0,0,0,1,0,0
28,74896,4,4,1,47,0,2,3,2,5.5,5,2021,5,1.0,11.8,0,2,0,1,0,0,0,1,0,0,1,0,0,0,0,1,0,0,0,0,0,0,0,0,0
22,105955,9,9,4,47,1,5,4,3,22.6,3,2016,4,1.0,5.2,0,3,1,0,0,0,0,1,0,0,1,0,0,0,0,0,1,1,0,0,0,0,0,0,0
28,69569,7,6,2,33,0,1,1,4,22.7,14,2018,11,0.86,4.7,0,1,1,0,0,0,0,0,1,0,0,0,0,0,1,0,0,0,0,0,0,0,0,0,0
36,47241,3,0,4,26,0,1,3,1,15.9,7,2022,9,0.0,8.7,1,1,1,0,1,1,0,0,0,0,0,0,1,0,0,0,1,1,0,0,0,0,0,0,0
41,65975,10,6,3,16,0,4,4,3,1.1,0,2015,6,0.6,1.6,2,1,0,0,1,0,0,0,1,0,0,0,1,1,0,0,0,1,0,0,1,0,0,0,0
50,92505,5,0,4,3,0,3,3,0,5.6,27,2020,12,0.0,0.6,2,2,0,1,0,0,0,0,0,0,0,1,0,0,0,0,0,0,1,0,0,0,0,1,0
36,27677,3,3,5,28,0,2,2,4,27.5,19,2022,9,1.0,9.3,1,0,2,0,1,0,1,0,0,1,0,0,0,0,0,0,0,1,0,0,0,1,0,0,0
33,51697,8,5,3,31,1,5,3,2,25.5,23,2017,7,0.62,3.9,1,1,2,0,1,0,0,0,0,0,0,0,0,1,0,0,0,1,0,0,0,0,0,0,0
30,106702,3,3,5,30,0,3,1,5,29.8,8,2022,5,1.0,10.0,0,3,2,1,0,0,0,0,0,0,0,1,0,0,0,1,0,1,0,0,0,0,0,1,0
23,104754,4,4,5,28,0,4,4,3,21.2,16,2021,3,1.0,7.0,0,3,1,1,0,0,0,1,0,0,0,0,1,0,0,0,0,0,1,0,1,0,0,0,0
50,16595,9,0,4,44,0,3,3,3,20.9,17,2016,11,0.0,4.9,2,0,1,0,1,0,0,1,0,0,1,0,0,1,0,0,0,0,1,0,0,0,0,0,1
32,55164,4,0,4,48,0,5,4,4,26.7,6,2021,8,0.0,12.0,1,1,2,0,1,0,1,0,0,0,0,0,1,0,0,1,0,1,0,0,0,0,0,0,0
40,59133,6,6,3,58,0,5,4,5,2.4,20,2019,5,1.0,9.7,1,1,0,1,0,0,1,0,0,0,0,1,0,0,0,0,0,1,0,0,0,0,1,0,0
40,117111,10,2,1,41,1,1,2,1,23.3,15,2015,8,0.2,4.1,1,3,1,0,1,0,1,0,0,0,1,0,0,0,0,1,0,0,1,0,0,1,0,0,0
59,78443,4,4,2,36,0,1,4,5,11.8,10,2021,5,1.0,9.0,3,2,1,0,1,0,0,1,0,0,0,0,0,0,0,0,0,0,0,0,1,0,0,0,0
54,61770,3,0,3,15,0,2,4,1,15.7,27,2022,3,0.0,5.0,3,1,1,0,0,0,0,0,1,1,0,0,0,0,0,0,0,0,1,1,0,0,0,0,0
28,56136,2,2,4,1,0,3,2,4,47.2,2,2023,8,1.0,0.5,0,1,2,0,0,0,1,0,0,0,0,1,0,0,0,0,1,0,1,0,0,1,0,0,0
29,101087,7,4,3,8,1,3,4,5,8.2,23,2018,11,0.57,1.1,0,3,0,1,0,0,1,0,0,0,0,0,0,0,1,0,0,0,0,0,0,1,0,0,0
42,90399,6,3,5,32,0,1,1,3,20.8,13,2019,7,0.5,5.3,2,2,1,1,0,0,0,0,1,0,0,0,0,0,1,0,0,0,1,1,0,0,0,0,0
40,40439,6,1,4,36,0,2,4,5,3.0,15,2019,10,0.17,6.0,1,1,0,0,1,0,0,1,0,1,0,0,0,0,0,0,1,0,1,0,0,0,0,0,0
58,108425,6,5,2,16,0,4,2,3,8.6,26,2019,7,0.83,2.7,3,3,0,0,0,0,0,0,0,1,0,0,0,0,0,1,0,0,1,0,0,1,0,0,0
59,63436,3,0,5,10,1,4,2,0,27.5,30,2022,7,0.0,3.3,3,1,2,0,0,1,0,0,0,0,0,1,0,0,0,1,0,0,0,0,0,0,0,0,1
23,110648,7,7,1,58,1,2,2,3,39.0,21,2018,1,1.0,8.3,0,3,2,1,0,0,0,1,0,1,0,0,0,1,0,0,0,0,0,0,0,0,1,0,0
54,80188,6,2,1,55,1,4,4,4,11.7,22,2019,8,0.33,9.2,3,2,1,1,0,0,1,0,0,1,0,0,0,0,0,0,0,0,0,0,0,1,0,0,0
25,108228,10,1,3,19,0,2,3,2,10.9,15,2015,7,0.1,1.9,0,3,1,0,1,0,1,0,0,0,1,0,0,0,0,0,1,1,0,0,0,0,0,0,1
45,29274,10,6,3,49,0,1,1,1,43.8,22,2015,12,0.6,4.9,2,0,2,0,1,0,1,0,0,0,1,0,0,1,0,0,0,1,0,0,0,0,0,1,0
37,112705,7,7,2,5,0,2,4,2,10.7,0,2018,10,1.0,0.7,1,3,1,1,0,0,0,0,0,0,0,0,0,0,0,0,0,0,0,0,1,0,0,0,0
46,106910,10,3,5,59,1,2,3,3,21.8,26,2015,8,0.3,5.9,2,3,1,1,0,0,0,1,0,0,1,0,0,0,0,0,1,1,0,0,0,1,0,0,0
60,79957,3,0,3,14,1,5,2,5,3.7,29,2022,2,0.0,4.7,3,2,0,0,0,0,0,1,0,1,0,0,0,0,0,1,0,0,1,1,0,0,0,0,0
26,30811,3,0,2,53,0,4,3,3,46.4,10,2022,11,0.0,17.7,0,0,2,0,1,0,0,1,0,0,0,0,0,1,0,0,0,0,0,0,1,0,0,0,0
58,62898,7,3,3,56,0,1,1,5,9.1,0,2018,12,0.43,8.0,3,1,0,1,0,0,0,0,0,0,0,1,0,0,0,1,0,0,0,0,0,0,0,0,0
44,117954,5,2,4,9,1,5,1,4,43.0,14,2020,9,0.4,1.8,2,3,2,1,0,0,0,0,0,1,0,0,0,0,0,0,0,1,0,0,0,0,0,1,0
46,64998,3,3,1,31,0,2,3,2,20.4,12,2022,10,1.0,10.3,2,1,1,0,1,0,0,0,1,0,0,1,0,1,0,0,0,1,0,0,0,0,0,0,1
58,41026,1,1,2,12,0,1,1,1,11.7,29,2024,4,1.0,12.0,3,1,1,0,1,0,0,0,0,0,1,0,0,0,0,0,1,0,1,0,0,0,1,0,0
57,47569,8,3,5,31,0,1,3,0,32.6,28,2017,7,0.38,3.9,3,1,2,0,1,0,0,0,0,0,0,0,1,0,0,0,1,1,0,0,0,0,1,0,0
52,24573,2,2,5,49,0,5,3,0,1.1,21,2023,6,1.0,24.5,3,0,0,0,1,0,0,1,0,1,0,0,0,0,1,0,0,0,0,0,0,0,0,0,1
53,53446,3,0,4,49,1,5,4,2,47.0,25,2022,9,0.0,16.3,3,1,2,1,0,0,0,1,0,1,0,0,0,0,1,0,0,1,0,1,0,0,0,0,0
51,75079,6,6,3,29,0,1,4,4,12.8,27,2019,3,1.0,4.8,3,2,1,1,0,0,0,0,0,0,0,0,1,1,0,0,0,1,0,0,0,0,1,0,0
59,64457,2,0,2,47,0,5,4,4,41.0,29,2023,8,0.0,23.5,3,1,2,0,0,0,0,0,1,1,0,0,0,0,1,0,0,0,1,0,0,0,0,1,0
32,52033,2,1,5,30,1,2,4,5,15.5,9,2023,3,0.5,15.0,1,1,1,0,1,0,0,0,1,0,1,0,0,0,1,0,0,0,1,0,1,0,0,0,0
54,92263,10,8,4,58,1,3,3,0,16.2,1,2015,10,0.8,5.8,3,2,1,0,0,0,0,0,1,0,0,1,0,0,0,1,0,0,1,0,0,0,0,0,1
24,68291,4,0,4,25,1,2,2,1,21.8,23,2021,9,0.0,6.2,0,1,1,0,0,0,0,1,0,0,1,0,0,0,0,0,1,1,0,0,0,0,0,0,1
43,57413,6,6,4,46,1,3,2,5,23.6,29,2019,8,1.0,7.7,2,1,1,0,1,0,0,0,0,0,0,1,0,0,0,1,0,0,1,0,0,0,0,0,1
30,88652,5,4,2,8,1,2,2,2,26.2,11,2020,2,0.8,1.6,0,2,2,1,0,0,0,1,0,0,0,0,0,0,0,0,0,0,0,0,0,0,0,1,0
56,28809,7,7,2,53,1,3,2,3,10.7,8,2018,4,1.0,7.6,3,0,1,0,1,0,0,1,0,0,0,0,0,1,0,0,0,0,0,0,0,0,1,0,0
30,46836,4,1,2,40,0,3,4,5,43.9,16,2021,8,0.25,10.0,0,1,2,0,1,1,0,0,0,0,1,0,0,0,0,1,0,1,0,0,1,0,0,0,0
35,113226,7,3,2,12,1,2,3,5,15.7,7,2018,7,0.43,1.7,1,3,1,0,1,1,0,0,0,0,0,0,1,1,0,0,0,0,1,1,0,0,0,0,0
23,30019,9,9,4,46,1,1,2,5,2.1,27,2016,8,1.0,5.1,0,0,0,1,0,0,0,1,0,0,1,0,0,0,0,0,1,0,0,0,0,0,1,0,0
54,23720,2,2,1,21,1,4,4,0,29.9,27,2023,4,1.0,10.5,3,0,2,0,1,0,1,0,0,0,0,0,0,0,1,0,0,1,0,0,0,0,1,0,0
55,55956,9,5,1,40,1,1,4,5,1.4,8,2016,5,0.56,4.4,3,1,0,0,0,0,0,0,1,0,0,0,0,0,1,0,0,0,1,0,0,0,0,0,1
29,59035,4,3,4,0,1,3,1,4,40.2,5,2021,6,0.75,0.0,0,1,2,0,0,0,0,0,1,0,1,0,0,1,0,0,0,1,0,0,1,0,0,0,0
27,85098,2,2,1,40,0,1,1,5,17.6,16,2023,9,1.0,20.0,0,2,1,1,0,0,0,0,1,0,0,1,0,1,0,0,0,1,0,0,0,0,0,1,0
46,61583,8,0,2,7,0,1,3,2,27.8,24,2017,5,0.0,0.9,2,1,2,0,0,0,0,0,0,1,0,0,0,0,1,0,0,0,0,0,1,0,0,0,0
43,34393,2,1,4,26,1,2,2,0,27.4,2,2023,5,0.5,13.0,2,0,2,1,0,0,0,1,0,1,0,0,0,0,0,0,1,0,1,0,0,0,1,0,0
31,38514,4,3,3,48,0,2,3,1,34.2,12,2021,4,0.75,12.0,1,0,2,1,0,0,0,0,0,0,0,0,1,0,1,0,0,1,0,0,0,0,1,0,0
45,31754,1,0,4,47,0,4,4,1,23.6,27,2024,5,0.0,47.0,2,0,1,0,0,0,0,0,0,0,1,0,0,0,0,1,0,1,0,0,0,0,1,0,0
34,56304,6,5,1,4,0,2,2,1,23.0,10,2019,8,0.83,0.7,1,1,1,1,0,0,0,0,1,1,0,0,0,0,0,0,1,0,1,0,0,1,0,0,0
56,86429,5,0,1,17,0,2,3,3,46.6,0,2020,11,0.0,3.4,3,2,2,0,1,0,0,1,0,0,0,0,1,1,0,0,0,1,0,0,0,0,0,0,1
45,80880,6,0,5,28,0,3,2,4,7.1,2,2019,5,0.0,4.7,2,2,0,0,1,0,0,0,0,0,0,0,1,0,0,1,0,0,0,0,0,0,1,0,0
59,31065,8,2,4,47,0,2,3,2,6.8,28,2017,12,0.25,5.9,3,0,0,0,0,0,0,1,0,1,0,0,0,0,0,0,0,0,0,0,0,0,1,0,0
39,99500,7,6,3,19,1,1,1,1,48.5,10,2018,10,0.86,2.7,1,2,2,0,0,0,0,0,1,0,1,0,0,0,0,0,0,0,0,0,0,0,0,1,0
37,67295,5,5,1,50,0,5,3,1,24.3,13,2020,4,1.0,10.0,1,1,1,0,1,0,0,0,0,0,0,0,0,0,0,0,1,0,1,0,0,0,0,0,1
29,29984,6,1,5,36,0,2,3,4,22.2,30,2019,8,0.17,6.0,0,0,1,1,0,0,0,0,0,1,0,0,0,1,0,0,0,0,0,0,1,0,0,0,0
24,43656,5,1,1,29,0,4,4,5,35.2,21,2020,12,0.2,5.8,0,1,2,0,1,0,1,0,0,0,0,0,1,0,0,1,0,0,0,0,0,0,0,1,0
36,32758,6,6,2,36,0,3,4,3,33.8,16,2019,12,1.0,6.0,1,0,2,0,0,0,0,0,1,0,0,0,0,0,0,0,1,1,0,0,0,0,0,0,0
53,59439,10,4,5,59,0,1,1,3,48.3,6,2015,10,0.4,5.9,3,1,2,1,0,0,0,1,0,0,1,0,0,0,0,1,0,1,0,0,0,0,0,0,0
23,114086,5,1,5,9,0,4,4,5,32.6,8,2020,2,0.2,1.8,0,3,2,1,0,0,0,0,0,0,1,0,0,0,0,0,0,0,1,0,0,0,1,0,0
46,106605,7,7,2,50,1,3,3,0,34.2,9,2018,7,1.0,7.1,2,3,2,0,0,0,0,1,0,0,0,1,0,0,0,1,0,0,1,0,0,0,1,0,0
43,108672,8,8,2,8,1,5,3,2,18.2,20,2017,2,1.0,1.0,2,3,1,0,1,0,0,0,1,0,0,0,0,0,0,1,0,0,0,0,0,0,0,1,0
26,35354,9,5,1,15,0,2,3,5,34.6,9,2016,3,0.56,1.7,0,0,2,1,0,0,0,0,1,0,0,0,1,0,0,0,0,0,1,0,0,0,0,0,0
43,48640,2,0,2,2,1,3,4,5,10.1,10,2023,11,0.0,1.0,2,1,1,0,1,0,0,0,1,0,0,0,0,0,0,0,0,0,1,1,0,0,0,0,0
54,18715,10,9,2,29,1,1,4,3,48.6,3,2015,11,0.9,2.9,3,0,2,1,0,0,0,0,1,0,0,0,1,0,0,0,0,1,0,1,0,0,0,0,0
30,83990,6,3,4,10,1,4,4,3,6.1,16,2019,6,0.5,1.7,0,2,0,1,0,0,1,0,0,1,0,0,0,0,0,0,0,1,0,0,0,0,0,0,0
49,82902,3,1,1,40,0,1,2,1,32.6,6,2022,2,0.33,13.3,2,2,2,0,1,0,0,0,0,0,0,0,0,0,1,0,0,1,0,0,0,0,1,0,0
33,92565,6,2,5,14,0,3,2,3,32.7,7,2019,6,0.33,2.3,1,2,2,0,0,0,0,0,1,0,0,0,1,0,0,0,0,0,1,0,0,1,0,0,0
36,50041,9,1,2,44,0,2,4,3,45.0,21,2016,4,0.11,4.9,1,1,2,0,0,0,0,0,1,0,0,1,0,1,0,0,0,0,0,0,0,0,1,0,0
27,45153,5,0,1,1,0,1,4,4,25.4,28,2020,8,0.0,0.2,0,1,2,1,0,0,0,1,0,0,0,0,0,1,0,0,0,0,0,0,0,0,1,0,0
39,97716,10,3,5,22,1,5,2,3,7.6,19,2015,10,0.3,2.2,1,2,0,0,1,0,0,0,0,0,0,0,0,1,0,0,0,0,1,0,1,0,0,0,0
31,19076,5,5,1,56,1,5,3,1,25.7,13,2020,9,1.0,11.2,1,0,2,1,0,1,0,0,0,0,0,1,0,0,0,1,0,0,1,0,0,0,1,0,0
44,25513,10,5,5,46,1,2,4,2,29.9,19,2015,7,0.5,4.6,2,0,2,0,0,0,0,1,0,1,0,0,0,0,0,0,0,0,1,0,1,0,0,0,0
30,48420,10,7,1,51,1,4,3,4,27.4,29,2015,10,0.7,5.1,0,1,2,0,0,0,0,1,0,0,0,0,0,0,0,0,0,0,1,0,0,0,1,0,0
31,104445,5,3,3,41,0,2,4,4,9.8,28,2020,12,0.6,8.2,1,3,0,0,0,0,0,1,0,1,0,0,0,0,1,0,0,0,0,1,0,0,0,0,0
49,92457,10,2,2,31,0,4,2,0,42.7,30,2015,10,0.2,3.1,2,2,2,1,0,0,0,1,0,0,0,0,1,1,0,0,0,0,0,0,0,0,0,1,0
55,56446,5,5,2,30,0,1,1,2,24.3,22,2020,7,1.0,6.0,3,1,1,1,0,0,0,0,0,0,0,0,1,0,0,0,0,1,0,0,0,0,0,1,0
56,66127,2,2,1,37,0,4,2,4,7.4,24,2023,2,1.0,18.5,3,1,0,0,0,0,1,0,0,0,1,0,0,1,0,0,0,1,0,0,0,1,0,0,0
53,69687,3,3,2,55,0,1,1,0,40.5,22,2022,8,1.0,18.3,3,1,2,0,1,0,0,0,0,0,1,0,0,1,0,0,0,0,1,0,0,0,0,1,0
45,103263,3,3,5,40,0,4,3,4,15.2,7,2022,9,1.0,13.3,2,3,1,0,0,0,0,0,1,0,1,0,0,0,0,0,1,0,0,1,0,0,0,0,0
28,99692,10,3,2,17,0,2,3,4,43.6,13,2015,8,0.3,1.7,0,2,2,1,0,0,1,0,0,0,1,0,0,1,0,0,0,1,0,0,0,1,0,0,0
46,44547,4,4,4,17,1,3,4,1,49.1,11,2021,10,1.0,4.2,2,1,2,0,0,1,0,0,0,1,0,0,0,1,0,0,0,1,0,0,0,0,0,0,0
42,35968,1,0,5,27,0,3,2,5,19.0,24,2024,2,0.0,27.0,2,0,1,1,0,0,0,0,0,0,0,0,1,0,0,0,0,1,0,1,0,0,0,0,0
56,106717,5,5,4,14,1,5,1,5,11.4,30,2020,7,1.0,2.8,3,3,1,0,1,0,0,0,0,0,0,0,1,0,0,0,0,1,0,0,0,1,0,0,0
29,98473,6,4,4,54,1,5,4,3,8.9,28,2019,1,0.67,9.0,0,2,0,1,0,1,0,0,0,1,0,0,0,0,0,0,1,0,0,0,0,0,0,0,0
51,54181,10,5,3,10,0,4,1,2,29.4,24,2015,8,0.5,1.0,3,1,2,0,1,0,0,0,1,0,0,0,0,0,0,0,1,1,0,0,0,0,0,0,0
52,116305,9,4,5,45,0,4,1,1,15.1,24,2016,5,0.44,5.0,3,3,1,0,0,0,0,1,0,1,0,0,0,0,0,1,0,0,1,0,0,0,0,0,1
33,68624,8,1,2,47,0,4,3,3,21.6,8,2017,2,0.12,5.9,1,1,1,1,0,0,0,0,1,0,0,0,1,0,0,1,0,1,0,0,0,0,1,0,0
36,62137,4,3,1,59,1,2,3,3,13.8,10,2021,8,0.75,14.8,1,1,1,0,0,0,0,0,0,0,0,0,1,0,1,0,0,0,1,0,0,1,0,0,0
30,100974,1,0,1,26,1,4,1,4,1.7,0,2024,2,0.0,26.0,0,3,0,0,0,1,0,0,0,0,0,1,0,0,0,0,1,0,0,0,0,0,0,1,0
45,32549,4,2,3,54,1,5,1,4,8.4,16,2021,6,0.5,13.5,2,0,0,1,0,1,0,0,0,0,0,1,0,0,0,0,1,0,1,0,0,0,1,0,0
40,92275,9,0,3,18,0,2,1,5,11.6,23,2016,4,0.0,2.0,1,2,1,0,1,0,1,0,0,0,0,1,0,1,0,0,0,0,0,0,0,0,0,0,1
50,37371,2,2,2,14,0,5,1,4,45.9,10,2023,4,1.0,7.0,2,0,2,0,1,0,1,0,0,0,0,0,1,0,1,0,0,0,0,0,0,0,0,0,1
44,15052,6,5,3,6,1,1,3,1,7.3,8,2019,2,0.83,1.0,2,0,0,1,0,0,0,0,1,1,0,0,0,0,0,0,0,0,0,0,0,0,0,0,1
22,44442,4,0,1,58,0,1,4,4,11.4,21,2021,9,0.0,14.5,0,1,1,0,0,0,0,0,1,0,0,1,0,0,0,0,0,1,0,0,1,0,0,0,0
23,16185,2,0,5,44,1,3,3,1,47.5,16,2023,5,0.0,22.0,0,0,2,1,0,0,1,0,0,0,0,0,0,0,0,1,0,0,0,0,0,0,0,0,0
22,116127,6,2,4,40,1,4,1,3,15.2,7,2019,12,0.33,6.7,0,3,1,0,1,0,0,1,0,0,0,0,0,0,1,0,0,0,1,0,1,0,0,0,0
45,88044,4,4,1,11,0,2,2,0,3.4,28,2021,6,1.0,2.8,2,2,0,1,0,0,0,0,0,1,0,0,0,0,0,0,0,0,0,0,0,0,0,1,0
52,100274,6,2,1,56,0,3,2,4,22.9,8,2019,6,0.33,9.3,3,3,1,1,0,1,0,0,0,0,0,0,0,0,0,0,0,0,1,0,0,0,0,0,1
60,56026,2,0,2,48,0,5,4,3,14.5,23,2023,8,0.0,24.0,3,1,1,0,1,0,0,0,1,0,0,0,0,0,0,1,0,1,0,0,0,0,1,0,0
45,114692,9,8,5,16,0,1,4,1,27.1,23,2016,1,0.89,1.8,2,3,2,0,0,0,1,0,0,0,0,1,0,0,0,0,0,1,0,0,0,0,0,1,0
23,84334,5,2,3,42,1,3,1,4,28.7,9,2020,3,0.4,8.4,0,2,2,1,0,0,0,0,0,0,0,0,1,1,0,0,0,0,0,0,0,0,0,0,0
51,72690,7,6,5,57,0,5,2,2,26.5,14,2018,7,0.86,8.1,3,2,2,0,1,0,0,0,1,0,0,1,0,0,1,0,0,0,1,1,0,0,0,0,0
44,116290,8,2,4,28,0,4,3,2,35.7,29,2017,2,0.25,3.5,2,3,2,0,0,0,0,1,0,0,0,1,0,0,1,0,0,1,0,1,0,0,0,0,0
41,99106,9,9,3,5,0,5,3,1,45.8,18,2016,10,1.0,0.6,2,2,2,0,0,0,0,0,1,0,0,0,1,1,0,0,0,0,1,0,1,0,0,0,0
39,69262,4,1,3,52,1,5,4,0,25.0,11,2021,2,0.25,13.0,1,1,1,0,0,0,0,0,1,0,0,1,0,0,0,0,1,1,0,0,0,0,1,0,0
35,78022,8,3,4,7,0,5,2,5,16.6,29,2017,2,0.38,0.9,1,2,1,0,0,0,1,0,0,0,0,0,0,0,1,0,0,1,0,0,0,0,0,0,0
22,81721,2,2,3,57,1,2,3,0,38.9,19,2023,8,1.0,28.5,0,2,2,1,0,1,0,0,0,1,0,0,0,0,1,0,0,0,1,1,0,0,0,0,0
34,117368,7,1,3,39,1,4,2,2,49.4,8,2018,11,0.14,5.6,1,3,2,0,0,0,1,0,0,1,0,0,0,0,0,0,1,0,1,0,0,0,1,0,0
23,32457,9,3,5,48,1,3,2,2,18.5,30,2016,3,0.33,5.3,0,0,1,0,0,1,0,0,0,0,0,0,1,0,0,0,1,1,0,1,0,0,0,0,0
45,90886,5,0,3,57,1,2,1,4,1.1,18,2020,3,0.0,11.4,2,2,0,0,1,1,0,0,0,0,0,0,0,0,0,0,1,0,1,0,0,1,0,0,0
51,25549,4,2,4,22,0,1,4,5,19.7,19,2021,1,0.5,5.5,3,0,1,0,0,1,0,0,0,0,0,0,1,0,0,0,0,1,0,0,0,0,0,1,0
52,84022,5,5,4,42,0,5,1,2,24.8,11,2020,10,1.0,8.4,3,2,1,0,0,0,0,0,1,1,0,0,0,0,0,0,1,0,1,0,0,1,0,0,0
26,68944,7,0,1,44,1,1,2,0,9.6,19,2018,5,0.0,6.3,0,1,0,0,0,0,0,0,1,0,0,0,1,0,0,0,0,0,0,0,0,0,0,0,1
47,109314,10,9,5,45,0,1,3,0,32.8,10,2015,9,0.9,4.5,2,3,2,0,1,0,0,1,0,0,1,0,0,0,0,1,0,1,0,0,0,0,1,0,0
45,114303,10,10,1,2,0,4,2,0,3.0,16,2015,10,1.0,0.2,2,3,0,0,0,1,0,0,0,0,1,0,0,0,1,0,0,0,1,0,0,1,0,0,0
47,52819,3,1,3,60,0,4,1,1,17.0,30,2022,8,0.33,20.0,2,1,1,0,0,0,0,0,0,1,0,0,0,0,0,1,0,0,1,0,0,0,0,1,0
53,19860,9,3,1,9,0,2,1,5,19.9,22,2016,7,0.33,1.0,3,0,1,1,0,0,0,1,0,0,1,0,0,0,0,1,0,0,0,0,0,0,1,0,0
39,19451,3,2,3,56,1,3,3,5,21.2,29,2022,7,0.67,18.7,1,0,1,0,0,0,0,0,1,0,0,0,1,1,0,0,0,0,0,0,0,0,1,0,0
41,119255,5,4,2,3,1,1,2,1,41.4,5,2020,7,0.8,0.6,2,3,2,0,0,1,0,0,0,0,1,0,0,1,0,0,0,1,0,1,0,0,0,0,0
53,61124,1,0,3,13,1,1,3,1,5.1,19,2024,1,0.0,13.0,3,1,0,0,0,1,0,0,0,0,0,0,0,0,0,0,0,0,0,0,0,1,0,0,0
44,74972,8,8,4,39,0,2,3,1,14.6,28,2017,12,1.0,4.9,2,2,1,1,0,0,0,0,0,0,0,0,1,0,1,0,0,0,0,0,0,1,0,0,0
30,38614,5,1,1,5,1,1,1,1,27.7,8,2020,4,0.2,1.0,0,0,2,1,0,0,0,1,0,0,0,0,0,1,0,0,0,0,0,1,0,0,0,0,0
25,30018,7,1,1,58,1,1,4,3,46.4,19,2018,4,0.14,8.3,0,0,2,0,0,0,0,0,0,1,0,0,0,1,0,0,0,0,1,0,1,0,0,0,0
60,73992,7,4,4,0,1,1,1,0,34.1,17,2018,1,0.57,0.0,3,2,2,0,1,0,0,1,0,0,1,0,0,0,0,0,0,0,1,0,0,0,0,1,0
42,42414,4,2,4,22,1,2,3,4,25.4,30,2021,10,0.5,5.5,2,1,2,1,0,0,0,1,0,1,0,0,0,0,0,0,1,0,0,0,0,0,0,0,0
41,94974,6,3,4,9,0,2,4,5,40.5,14,2019,11,0.5,1.5,2,2,2,0,0,0,0,1,0,0,0,0,0,0,0,0,0,0,1,0,0,0,0,1,0
24,91524,2,2,2,41,1,5,1,0,49.6,2,2023,2,1.0,20.5,0,2,2,0,0,1,0,0,0,0,1,0,0,0,0,1,0,1,0,0,1,0,0,0,0
23,98617,7,7,2,57,1,5,4,2,27.9,16,2018,8,1.0,8.1,0,2,2,0,0,0,0,1,0,0,1,0,0,0,0,0,1,0,1,0,0,1,0,0,0
34,84329,2,2,3,40,0,1,2,5,41.7,26,2023,4,1.0,20.0,1,2,2,0,0,1,0,0,0,0,0,1,0,0,0,0,1,0,0,0,0,0,1,0,0
43,96557,8,7,4,30,1,2,3,1,30.2,19,2017,7,0.88,3.8,2,2,2,0,1,1,0,0,0,0,0,0,1,0,0,0,0,0,1,0,0,0,0,1,0
31,112151,6,2,5,24,1,1,3,3,17.7,30,2019,3,0.33,4.0,1,3,1,0,0,0,0,0,0,0,0,0,0,0,0,1,0,1,0,0,0,0,0,1,0
57,114736,7,1,4,18,1,3,4,1,9.7,14,2018,12,0.14,2.6,3,3,0,0,1,0,0,0,0,0,1,0,0,0,0,0,0,1,0,0,0,0,0,0,0
33,119860,7,0,4,32,1,1,2,3,3.6,19,2018,9,0.0,4.6,1,3,0,1,0,0,1,0,0,0,0,0,1,1,0,0,0,1,0,1,0,0,0,0,0
23,101514,8,8,4,47,1,5,2,1,10.1,2,2017,4,1.0,5.9,0,3,1,1,0,0,0,1,0,0,0,0,1,0,0,0,0,0,1,1,0,0,0,0,0
42,67375,7,7,3,37,0,4,1,2,44.2,11,2018,4,1.0,5.3,2,1,2,0,1,1,0,0,0,0,0,0,0,0,1,0,0,0,0,0,0,1,0,0,0
53,64323,5,3,1,52,0,3,1,4,14.2,4,2020,4,0.6,10.4,3,1,1,1,0,0,0,0,1,0,0,1,0,0,0,1,0,1,0,0,0,1,0,0,0
35,101770,7,4,2,11,1,3,2,0,26.6,18,2018,3,0.57,1.6,1,3,2,0,1,0,0,0,1,1,0,0,0,0,1,0,0,1,0,0,0,1,0,0,0
27,81256,3,3,1,53,0,3,4,5,39.4,0,2022,7,1.0,17.7,0,2,2,1,0,1,0,0,0,1,0,0,0,1,0,0,0,1,0,0,0,1,0,0,0
54,108367,10,7,5,46,0,3,1,3,5.6,9,2015,9,0.7,4.6,3,3,0,0,0,1,0,0,0,1,0,0,0,0,0,1,0,0,0,0,0,0,0,0,1
36,116710,3,0,5,27,1,2,2,5,17.8,4,2022,9,0.0,9.0,1,3,1,0,1,0,0,0,0,1,0,0,0,0,0,0,0,0,1,1,0,0,0,0,0
50,36477,3,1,5,23,1,2,1,4,28.9,27,2022,7,0.33,7.7,2,0,2,1,0,0,0,0,1,0,1,0,0,0,0,0,1,0,0,0,1,0,0,0,0
46,97361,9,9,3,36,1,3,4,4,10.9,16,2016,12,1.0,4.0,2,2,1,0,1,0,0,0,0,0,0,1,0,1,0,0,0,0,1,0,0,0,0,0,1
44,46920,8,4,2,30,1,4,3,2,41.4,7,2017,12,0.5,3.8,2,1,2,0,0,0,1,0,0,1,0,0,0,0,0,1,0,1,0,1,0,0,0,0,0
29,23088,8,1,2,1,0,2,3,2,26.7,5,2017,11,0.12,0.1,0,0,2,1,0,0,0,0,1,1,0,0,0,1,0,0,0,0,0,0,1,0,0,0,0
56,95761,8,5,1,12,0,3,1,5,31.9,8,2017,3,0.62,1.5,3,2,2,0,0,1,0,0,0,0,0,0,0,0,0,0,0,0,1,0,0,0,1,0,0
57,86885,1,0,1,22,1,5,2,1,16.1,5,2024,2,0.0,22.0,3,2,1,1,0,1,0,0,0,0,0,0,0,0,0,0,0,0,1,1,0,0,0,0,0
52,101774,3,3,3,38,1,1,3,1,41.8,19,2022,9,1.0,12.7,3,3,2,0,0,1,0,0,0,0,0,0,0,0,0,0,1,0,0,0,0,0,0,0,0
49,71344,3,3,1,40,1,3,1,4,45.0,9,2022,11,1.0,13.3,2,2,2,0,1,0,0,0,1,1,0,0,0,0,0,0,1,0,0,0,0,0,0,0,0
23,34362,2,1,2,50,1,4,2,4,4.7,5,2023,9,0.5,25.0,0,0,0,0,1,0,0,0,1,0,0,0,0,1,0,0,0,1,0,0,1,0,0,0,0
42,51991,4,2,4,12,0,4,4,1,10.3,11,2021,4,0.5,3.0,2,1,1,0,1,0,0,0,0,0,0,1,0,1,0,0,0,0,1,0,0,0,0,0,1
43,108268,6,3,4,47,1,5,2,3,21.7,17,2019,3,0.5,7.8,2,3,1,0,1,0,0,1,0,0,1,0,0,0,1,0,0,0,1,0,0,0,0,0,1
42,33705,9,6,4,48,0,4,4,5,44.9,6,2016,8,0.67,5.3,2,0,2,1,0,0,0,0,1,0,1,0,0,0,0,1,0,0,0,0,0,1,0,0,0
42,59586,6,2,1,49,0,5,1,2,3.1,16,2019,11,0.33,8.2,2,1,0,0,0,1,0,0,0,0,0,1,0,0,1,0,0,0,0,0,0,0,0,1,0
40,108234,6,6,4,31,0,5,3,4,16.4,26,2019,9,1.0,5.2,1,3,1,1,0,0,0,1,0,0,0,1,0,0,0,1,0,1,0,0,0,0,0,0,0
26,111888,8,7,3,44,1,4,4,3,36.1,15,2017,9,0.88,5.5,0,3,2,1,0,1,0,0,0,1,0,0,0,0,1,0,0,0,0,0,0,0,1,0,0
47,53272,10,4,4,0,1,5,2,1,5.6,14,2015,10,0.4,0.0,2,1,0,0,1,0,1,0,0,0,0,1,0,1,0,0,0,0,0,0,0,0,0,0,0
31,89158,8,5,3,54,1,5,2,3,15.2,24,2017,1,0.62,6.8,1,2,1,0,0,0,0,0,0,0,1,0,0,0,0,0,0,0,0,1,0,0,0,0,0
56,90479,4,0,3,18,1,1,2,1,29.0,2,2021,12,0.0,4.5,3,2,2,0,1,0,0,0,0,0,0,0,1,0,0,0,0,1,0,0,0,0,0,0,1
55,72026,7,7,3,19,0,1,4,0,19.9,27,2018,10,1.0,2.7,3,2,1,0,1,0,0,1,0,0,0,1,0,0,0,1,0,0,1,0,0,0,0,0,1
22,114237,5,1,2,6,0,5,1,3,27.0,2,2020,12,0.2,1.2,0,3,2,0,0,1,0,0,0,0,1,0,0,1,0,0,0,1,0,0,0,0,1,0,0
50,92944,4,0,4,32,1,4,2,3,12.1,2,2021,4,0.0,8.0,2,2,1,0,0,0,0,0,1,0,0,1,0,0,1,0,0,0,0,0,1,0,0,0,0
57,69787,8,7,1,28,0,2,1,5,11.9,17,2017,10,0.88,3.5,3,1,1,0,1,0,0,1,0,0,1,0,0,0,0,0,1,1,0,0,0,0,0,0,0
35,96303,5,3,5,10,0,3,1,0,45.3,3,2020,12,0.6,2.0,1,2,2,0,0,0,0,0,1,1,0,0,0,0,0,1,0,0,0,0,0,1,0,0,0
59,109927,7,2,5,2,0,3,4,0,30.3,29,2018,1,0.29,0.3,3,3,2,0,0,0,0,0,1,0,0,0,1,0,1,0,0,0,1,0,0,0,0,0,1
44,19001,3,0,4,18,1,4,4,4,27.6,15,2022,3,0.0,6.0,2,0,2,0,0,0,0,0,1,0,0,0,1,0,0,0,0,1,0,0,1,0,0,0,0
44,55112,5,5,4,57,0,2,1,1,9.2,16,2020,7,1.0,11.4,2,1,0,0,0,0,1,0,0,0,0,0,0,0,1,0,0,0,1,0,0,0,0,0,0
45,35864,8,1,3,46,0,3,2,2,48.8,20,2017,4,0.12,5.8,2,0,2,0,1,0,0,0,0,1,0,0,0,0,0,0,0,0,1,0,0,1,0,0,0
53,58048,5,2,1,13,0,2,1,2,36.3,27,2020,10,0.4,2.6,3,1,2,1,0,0,0,0,0,0,1,0,0,0,0,0,0,0,1,0,0,1,0,0,0
50,48325,2,1,4,13,1,3,4,4,16.7,6,2023,1,0.5,6.5,2,1,1,1,0,0,0,0,0,0,0,0,1,0,0,0,1,0,0,0,0,0,0,1,0
42,111609,9,9,2,8,0,3,4,3,24.5,9,2016,10,1.0,0.9,2,3,1,0,0,0,0,0,1,1,0,0,0,1,0,0,0,0,0,1,0,0,0,0,0
22,109416,10,9,3,51,0,2,3,2,19.7,27,2015,9,0.9,5.1,0,3,1,0,1,1,0,0,0,0,0,0,0,0,0,0,1,0,1,0,0,0,1,0,0
22,44622,2,0,1,11,1,4,3,0,45.7,2,2023,1,0.0,5.5,0,1,2,0,1,0,0,0,1,1,0,0,0,0,0,0,0,0,1,0,0,0,0,0,0
23,33200,4,0,2,60,1,4,3,3,12.8,19,2021,4,0.0,15.0,0,0,1,1,0,0,0,0,1,0,0,1,0,0,0,0,0,0,1,0,1,0,0,0,0
46,71296,7,6,3,28,1,4,4,1,44.8,14,2018,8,0.86,4.0,2,2,2,1,0,0,0,0,1,1,0,0,0,0,0,1,0,0,0,0,0,0,0,0,1
48,67997,2,0,1,35,1,4,3,0,45.0,27,2023,10,0.0,17.5,2,1,2,0,0,1,0,0,0,0,1,0,0,0,1,0,0,0,1,0,0,1,0,0,0
29,106181,5,1,3,27,1,1,1,5,22.5,2,2020,3,0.2,5.4,0,3,1,0,1,1,0,0,0,0,0,1,0,0,0,1,0,1,0,0,0,0,0,0,0
44,105011,7,7,4,42,1,5,1,5,32.3,3,2018,11,1.0,6.0,2,3,2,0,0,0,0,0,0,0,1,0,0,0,0,0,1,0,0,0,0,0,1,0,0
33,85690,10,6,5,12,0,1,1,0,48.2,27,2015,10,0.6,1.2,1,2,2,0,1,0,0,0,1,0,0,0,1,0,0,0,0,1,0,0,0,0,0,0,1
51,105469,4,0,3,30,0,4,4,3,10.8,7,2021,11,0.0,7.5,3,3,1,0,0,0,0,0,0,0,0,0,1,0,0,0,1,1,0,0,0,0,1,0,0
45,17888,4,3,3,44,1,1,1,0,49.0,1,2021,4,0.75,11.0,2,0,2,1,0,0,1,0,0,0,0,0,0,1,0,0,0,1,0,0,1,0,0,0,0
24,83004,5,5,1,56,0,5,1,3,25.5,4,2020,4,1.0,11.2,0,2,2,1,0,0,0,0,0,0,0,1,0,0,0,0,0,0,1,1,0,0,0,0,0
25,74645,9,7,5,8,1,3,4,5,6.0,7,2016,3,0.78,0.9,0,2,0,0,0,0,0,0,1,0,0,0,1,0,1,0,0,0,1,0,1,0,0,0,0
26,34392,1,1,2,0,1,2,1,5,27.4,19,2024,2,1.0,0.0,0,0,2,0,1,0,0,1,0,0,1,0,0,0,0,0,0,1,0,0,0,0,0,1,0
35,42223,5,0,2,0,0,1,1,4,45.8,30,2020,2,0.0,0.0,1,1,2,0,1,0,0,1,0,0,0,0,1,0,0,0,1,1,0,0,0,0,1,0,0
57,62338,1,1,4,37,1,1,1,2,5.2,26,2024,5,1.0,37.0,3,1,0,0,0,0,0,1,0,0,1,0,0,0,0,0,0,1,0,0,1,0,0,0,0
30,114614,2,0,5,33,0,2,3,5,33.7,26,2023,11,0.0,16.5,0,3,2,1,0,1,0,0,0,0,1,0,0,0,0,0,1,0,1,0,0,0,1,0,0
57,115775,6,5,4,55,1,2,4,3,27.1,29,2019,7,0.83,9.2,3,3,2,1,0,1,0,0,0,0,0,0,1,0,0,0,1,0,1,0,0,0,0,0,1
44,34316,2,1,1,14,0,1,2,4,47.6,2,2023,12,0.5,7.0,2,0,2,0,1,0,0,0,1,1,0,0,0,0,0,0,1,0,0,0,0,1,0,0,0
40,100392,5,5,2,18,0,4,2,0,39.8,28,2020,7,1.0,3.6,1,3,2,1,0,0,0,0,1,0,0,1,0,0,0,0,0,1,0,0,0,0,0,0,1
57,89132,8,7,4,11,1,1,1,0,47.4,20,2017,1,0.88,1.4,3,2,2,1,0,0,1,0,0,0,0,1,0,0,0,0,0,0,1,0,1,0,0,0,0
30,66478,2,1,5,53,1,1,3,1,11.6,0,2023,7,0.5,26.5,0,1,1,1,0,0,0,1,0,0,0,0,0,0,1,0,0,1,0,0,1,0,0,0,0
39,113127,7,5,1,11,1,5,2,0,43.1,26,2018,8,0.71,1.6,1,3,2,0,1,0,0,1,0,1,0,0,0,1,0,0,0,1,0,1,0,0,0,0,0
48,15524,4,0,3,44,1,5,2,2,17.1,29,2021,11,0.0,11.0,2,0,1,1,0,0,0,0,1,0,1,0,0,0,0,1,0,0,0,1,0,0,0,0,0
43,22601,5,1,5,19,0,5,2,4,43.7,10,2020,3,0.2,3.8,2,0,2,0,0,1,0,0,0,0,0,0,1,0,0,0,1,1,0,0,0,0,1,0,0
45,118352,8,6,4,26,0,2,1,5,9.7,26,2017,3,0.75,3.2,2,3,0,1,0,0,0,0,0,0,0,1,0,0,0,0,1,1,0,0,0,0,1,0,0
35,110672,2,1,4,35,1,3,3,2,19.9,14,2023,9,0.5,17.5,1,3,1,0,1,1,0,0,0,1,0,0,0,0,1,0,0,1,0,0,0,1,0,0,0
41,28592,4,3,5,54,0,3,2,4,36.0,24,2021,2,0.75,13.5,2,0,2,0,1,0,0,0,1,1,0,0,0,0,0,1,0,1,0,0,0,0,0,0,0
33,50225,9,7,3,34,0,3,3,4,1.6,20,2016,2,0.78,3.8,1,1,0,0,0,0,0,0,0,1,0,0,0,0,1,0,0,0,0,0,0,0,0,0,1
40,118874,5,4,4,18,0,2,3,5,40.1,9,2020,8,0.8,3.6,1,3,2,0,0,0,1,0,0,0,1,0,0,0,1,0,0,0,0,0,0,0,0,0,0
47,118555,2,2,4,31,0,3,4,3,12.5,20,2023,4,1.0,15.5,2,3,1,1,0,0,1,0,0,0,0,1,0,0,1,0,0,0,0,0,0,0,1,0,0
34,99411,7,4,5,60,0,4,1,4,23.9,20,2018,1,0.57,8.6,1,2,1,0,0,0,0,0,1,0,0,1,0,0,0,0,1,0,1,0,1,0,0,0,0
26,48554,8,7,4,37,1,4,2,3,27.1,19,2017,5,0.88,4.6,0,1,2,1,0,0,0,1,0,0,1,0,0,0,0,0,1,0,1,0,0,0,0,0,1
50,32011,10,8,3,2,1,4,4,0,13.7,29,2015,8,0.8,0.2,2,0,1,1,0,0,0,0,0,0,1,0,0,0,0,1,0,0,0,0,0,1,0,0,0
49,15484,7,3,2,44,1,4,4,3,38.9,28,2018,6,0.43,6.3,2,0,2,0,1,0,0,0,0,0,1,0,0,1,0,0,0,1,0,0,0,0,0,1,0
30,68389,8,2,1,1,0,5,3,2,6.1,4,2017,2,0.25,0.1,0,1,0,0,0,0,0,0,0,0,0,0,1,0,0,0,0,0,1,0,0,1,0,0,0
28,29652,3,0,4,19,0,5,3,0,8.9,6,2022,7,0.0,6.3,0,0,0,1,0,0,0,0,1,0,0,1,0,0,0,0,0,0,1,0,0,0,0,1,0
60,104293,7,0,4,43,0,4,1,0,1.5,13,2018,4,0.0,6.1,3,3,0,0,1,1,0,0,0,0,0,0,0,0,0,0,1,0,0,0,0,0,0,0,0
44,38216,7,3,2,39,1,3,4,2,7.6,3,2018,9,0.43,5.6,2,0,0,1,0,0,0,1,0,0,0,0,1,0,0,0,0,1,0,1,0,0,0,0,0
34,40938,6,3,3,2,0,2,4,4,38.8,4,2019,8,0.5,0.3,1,1,2,0,0,0,1,0,0,0,0,0,1,0,1,0,0,0,1,0,0,0,0,1,0
25,49235,3,0,4,60,1,4,1,0,46.4,15,2022,7,0.0,20.0,0,1,2,0,1,0,0,0,1,0,0,0,1,0,0,0,1,1,0,0,1,0,0,0,0
56,44480,8,7,4,57,1,3,3,0,38.2,12,2017,7,0.88,7.1,3,1,2,0,0,0,0,1,0,1,0,0,0,0,0,1,0,0,1,0,0,0,0,0,0
30,87780,5,2,2,2,1,4,2,1,45.3,28,2020,10,0.4,0.4,0,2,2,0,0,0,0,0,0,0,0,0,0,0,0,0,0,0,0,0,0,0,0,0,0
35,94394,7,3,3,54,0,1,2,1,28.7,2,2018,8,0.43,7.7,1,2,2,1,0,1,0,0,0,0,0,1,0,0,0,0,0,0,1,1,0,0,0,0,0
56,22852,6,6,2,33,0,4,1,2,13.9,15,2019,5,1.0,5.5,3,0,1,0,1,0,0,1,0,0,1,0,0,0,0,0,1,0,0,0,0,0,0,0,1
56,108894,6,3,2,56,1,5,2,1,15.1,20,2019,10,0.5,9.3,3,3,1,0,0,0,0,0,0,1,0,0,0,0,0,1,0,0,0,0,0,1,0,0,0
51,57078,8,1,4,30,0,4,2,5,27.1,27,2017,6,0.12,3.8,3,1,2,1,0,0,1,0,0,0,0,0,0,0,0,0,1,0,1,0,0,0,0,0,1
54,98048,7,2,1,2,1,5,3,3,18.1,22,2018,2,0.29,0.3,3,2,1,1,0,0,1,0,0,0,0,0,0,1,0,0,0,1,0,0,0,0,0,1,0
32,116437,9,1,4,58,1,4,4,1,21.7,27,2016,1,0.11,6.4,1,3,1,1,0,0,0,1,0,0,0,0,0,0,0,1,0,1,0,1,0,0,0,0,0
26,104505,6,0,1,27,1,4,2,0,10.4,23,2019,5,0.0,4.5,0,3,1,0,1,0,0,0,1,1,0,0,0,0,0,1,0,0,1,1,0,0,0,0,0
25,72395,2,1,4,19,1,5,1,3,49.4,4,2023,6,0.5,9.5,0,2,2,0,1,0,0,1,0,0,0,0,1,0,1,0,0,0,1,0,0,0,0,0,1
25,58886,1,1,4,45,1,2,4,5,21.4,21,2024,2,1.0,45.0,0,1,1,1,0,0,0,0,1,0,0,0,1,0,1,0,0,1,0,0,1,0,0,0,0
45,41824,6,0,1,34,1,5,2,1,11.0,25,2019,3,0.0,5.7,2,1,1,0,0,1,0,0,0,1,0,0,0,1,0,0,0,0,1,0,0,0,1,0,0
27,115384,3,0,1,1,1,3,4,0,41.5,14,2022,12,0.0,0.3,0,3,2,0,1,0,0,1,0,0,0,0,0,1,0,0,0,0,0,0,0,0,0,0,1
23,23964,5,2,3,17,1,2,4,1,34.7,14,2020,7,0.4,3.4,0,0,2,0,0,1,0,0,0,0,0,0,1,1,0,0,0,0,0,0,0,0,0,0,1
42,89787,7,3,4,19,1,1,4,4,17.8,30,2018,8,0.43,2.7,2,2,1,1,0,1,0,0,0,0,0,0,1,0,0,0,1,1,0,0,1,0,0,0,0
26,110102,9,3,3,52,1,2,4,3,17.6,29,2016,1,0.33,5.8,0,3,1,1,0,0,1,0,0,0,1,0,0,0,0,0,1,0,1,0,0,0,0,0,1
43,110746,1,1,2,32,0,1,2,5,22.6,29,2024,4,1.0,32.0,2,3,1,1,0,0,0,1,0,1,0,0,0,0,0,0,0,1,0,0,1,0,0,0,0
40,49803,2,0,1,12,0,5,3,5,45.9,22,2023,8,0.0,6.0,1,1,2,0,0,0,1,0,0,0,1,0,0,0,1,0,0,1,0,0,1,0,0,0,0
44,78550,7,5,3,9,1,4,2,5,42.0,4,2018,8,0.71,1.3,2,2,2,1,0,0,0,0,0,1,0,0,0,0,0,1,0,1,0,0,0,1,0,0,0
54,112892,6,5,4,44,0,4,4,3,20.5,22,2019,1,0.83,7.3,3,3,1,1,0,0,0,1,0,0,0,1,0,0,0,1,0,1,0,0,1,0,0,0,0
48,92193,8,5,3,59,1,1,3,0,22.8,23,2017,12,0.62,7.4,2,2,1,0,1,0,0,0,0,0,0,1,0,0,0,0,1,0,1,0,0,0,1,0,0
33,21494,9,3,1,26,1,2,2,5,4.8,6,2016,3,0.33,2.9,1,0,0,0,1,1,0,0,0,0,0,0,0,0,0,1,0,1,0,0,0,0,0,1,0
30,85247,6,5,1,36,1,5,2,1,35.0,27,2019,10,0.83,6.0,0,2,2,0,0,0,0,0,0,0,1,0,0,0,1,0,0,1,0,0,0,0,0,0,1
33,67383,4,4,2,50,0,4,2,4,39.9,6,2021,5,1.0,12.5,1,1,2,0,0,0,0,0,1,0,0,0,1,0,0,0,0,0,1,1,0,0,0,0,0
44,113369,7,3,5,57,1,4,4,3,39.2,14,2018,7,0.43,8.1,2,3,2,0,1,1,0,0,0,0,0,0,1,0,0,0,0,0,1,0,0,1,0,0,0
53,116681,7,5,2,12,0,4,4,5,11.1,15,2018,2,0.71,1.7,3,3,1,0,0,1,0,0,0,0,0,0,0,0,0,0,1,0,0,1,0,0,0,0,0
60,41692,7,6,2,31,0,2,1,3,27.0,17,2018,12,0.86,4.4,3,1,2,1,0,0,0,1,0,0,0,0,0,0,0,0,0,0,1,0,1,0,0,0,0
32,48992,3,3,1,21,0,5,3,3,35.3,2,2022,4,1.0,7.0,1,1,2,1,0,0,1,0,0,0,1,0,0,1,0,0,0,0,0,0,1,0,0,0,0
33,16250,2,1,4,33,1,3,1,0,44.3,27,2023,7,0.5,16.5,1,0,2,1,0,0,0,1,0,0,0,1,0,0,0,0,1,0,1,0,0,0,0,0,0
47,114270,6,0,2,20,1,1,2,1,23.6,21,2019,3,0.0,3.3,2,3,1,0,1,0,0,1,0,0,1,0,0,0,1,0,0,0,0,1,0,0,0,0,0
40,82468,9,7,4,30,1,1,3,5,49.4,14,2016,11,0.78,3.3,1,2,2,0,0,1,0,0,0,0,0,0,1,0,0,0,0,1,0,1,0,0,0,0,0
28,101350,4,4,5,32,1,1,4,3,39.6,14,2021,9,1.0,8.0,0,3,2,0,0,1,0,0,0,1,0,0,0,0,0,0,0,0,0,0,0,0,0,0,1
49,102024,9,7,3,49,0,4,2,5,12.7,12,2016,2,0.78,5.4,2,3,1,0,0,0,0,0,0,0,0,0,1,0,1,0,0,0,1,0,1,0,0,0,0
35,31026,9,2,1,19,0,2,3,5,20.0,0,2016,2,0.22,2.1,1,0,1,1,0,0,0,0,0,1,0,0,0,0,0,1,0,1,0,0,0,0,0,0,0
49,75042,8,6,5,55,0,2,4,0,2.6,3,2017,2,0.75,6.9,2,2,0,1,0,0,0,0,0,0,0,1,0,0,0,0,1,1,0,0,0,1,0,0,0
30,58772,2,0,5,58,0,3,4,4,30.1,6,2023,11,0.0,29.0,0,1,2,1,0,0,0,1,0,0,0,0,0,0,0,0,0,0,0,0,0,0,1,0,0
31,57474,5,0,1,56,0,5,4,3,47.0,15,2020,4,0.0,11.2,1,1,2,0,0,0,1,0,0,1,0,0,0,0,0,0,1,0,0,0,0,0,0,0,1
51,116002,7,6,3,49,0,5,1,0,22.2,16,2018,6,0.86,7.0,3,3,1,0,0,0,0,1,0,0,0,0,0,0,0,0,1,1,0,0,0,0,0,0,1
25,23191,5,3,3,13,1,3,2,2,38.8,5,2020,10,0.6,2.6,0,0,2,0,0,0,0,0,0,0,1,0,0,0,0,1,0,0,1,0,0,1,0,0,0
55,100932,9,8,5,57,0,4,1,5,47.7,1,2016,10,0.89,6.3,3,3,2,0,1,0,0,0,1,0,0,1,0,0,0,1,0,0,1,0,0,1,0,0,0
37,116488,8,8,2,23,0,1,4,3,10.1,24,2017,11,1.0,2.9,1,3,1,1,0,0,1,0,0,1,0,0,0,0,0,0,1,0,0,0,0,0,0,0,1
24,107606,5,5,1,51,1,2,4,0,39.7,0,2020,12,1.0,10.2,0,3,2,1,0,0,0,0,0,0,1,0,0,0,0,0,1,1,0,1,0,0,0,0,0
35,70216,8,4,5,30,0,1,4,3,49.3,18,2017,7,0.5,3.8,1,2,2,1,0,0,1,0,0,0,0,1,0,1,0,0,0,1,0,0,1,0,0,0,0
58,80638,2,2,2,0,0,2,1,1,1.5,10,2023,11,1.0,0.0,3,2,0,0,0,0,0,0,0,1,0,0,0,0,0,1,0,0,0,0,1,0,0,0,0
55,49527,5,5,1,27,0,5,2,0,15.0,19,2020,3,1.0,5.4,3,1,1,0,1,0,0,0,0,0,0,1,0,1,0,0,0,1,0,0,0,0,0,0,0
36,36266,2,2,3,32,0,4,4,2,19.2,4,2023,7,1.0,16.0,1,0,1,0,1,0,0,0,0,0,0,0,0,0,1,0,0,0,0,0,0,0,1,0,0
23,88905,9,8,3,37,0,4,3,3,45.3,13,2016,3,0.89,4.1,0,2,2,0,1,0,0,0,0,0,0,0,1,0,1,0,0,1,0,0,0,0,0,1,0
50,116356,10,9,4,55,0,2,4,1,23.0,4,2015,8,0.9,5.5,2,3,1,0,0,0,1,0,0,0,0,0,0,0,1,0,0,0,0,0,0,1,0,0,0
59,104395,9,3,3,48,1,4,3,2,26.3,25,2016,10,0.33,5.3,3,3,2,0,0,1,0,0,0,0,0,0,0,0,0,0,0,0,1,0,1,0,0,0,0
38,70690,6,1,4,56,0,2,3,1,41.6,20,2019,7,0.17,9.3,1,2,2,0,0,1,0,0,0,0,1,0,0,0,1,0,0,1,0,0,0,0,0,0,1
57,27412,3,0,4,12,1,4,3,3,34.7,18,2022,10,0.0,4.0,3,0,2,0,1,0,1,0,0,0,0,1,0,0,0,0,1,0,1,0,0,0,0,1,0
57,118002,9,3,3,53,0,3,1,3,15.8,2,2016,11,0.33,5.9,3,3,1,0,1,0,0,1,0,0,0,0,1,1,0,0,0,0,1,0,0,0,0,1,0
27,89167,6,0,4,44,1,5,4,0,10.1,9,2019,6,0.0,7.3,0,2,1,0,0,0,0,0,1,1,0,0,0,0,1,0,0,0,1,0,1,0,0,0,0
44,87074,5,0,4,31,1,4,3,3,19.1,8,2020,3,0.0,6.2,2,2,1,1,0,1,0,0,0,0,0,1,0,0,1,0,0,0,0,0,0,0,0,1,0
51,35674,7,6,4,12,0,1,1,4,39.9,20,2018,4,0.86,1.7,3,0,2,0,1,0,1,0,0,0,1,0,0,0,0,1,0,1,0,0,0,0,0,1,0
48,19323,10,10,1,35,0,3,1,0,45.7,21,2015,11,1.0,3.5,2,0,2,1,0,0,0,1,0,0,0,0,1,0,0,1,0,1,0,0,0,1,0,0,0
25,73565,4,1,4,44,0,3,3,0,19.0,22,2021,7,0.25,11.0,0,2,1,1,0,0,0,0,1,1,0,0,0,0,0,0,1,0,0,0,0,0,0,1,0
35,18290,1,0,4,58,0,3,1,1,10.1,5,2024,5,0.0,58.0,1,0,1,0,1,0,0,1,0,0,0,1,0,0,0,0,1,1,0,0,1,0,0,0,0
31,59717,10,6,1,54,1,5,1,0,49.5,13,2015,10,0.6,5.4,1,1,2,0,0,0,1,0,0,1,0,0,0,0,0,0,0,1,0,0,0,0,0,0,1
52,115811,9,3,2,32,1,2,3,5,1.9,3,2016,1,0.33,3.6,3,3,0,1,0,0,0,1,0,0,1,0,0,0,0,0,0,1,0,0,0,1,0,0,0
56,20563,5,4,4,54,1,4,4,0,25.3,16,2020,12,0.8,10.8,3,0,2,0,0,0,0,0,1,0,1,0,0,1,0,0,0,0,1,0,0,1,0,0,0
34,51884,7,7,1,46,1,4,3,2,4.0,24,2018,11,1.0,6.6,1,1,0,1,0,0,0,0,0,0,0,0,0,0,0,0,1,0,0,0,0,1,0,0,0
54,78358,3,3,5,32,1,4,1,0,16.6,7,2022,1,1.0,10.7,3,2,1,0,1,0,0,0,1,0,1,0,0,0,1,0,0,0,1,0,1,0,0,0,0
53,67964,9,0,3,15,0,4,4,4,47.6,28,2016,9,0.0,1.7,3,1,2,1,0,1,0,0,0,0,0,1,0,0,1,0,0,0,0,0,0,0,0,1,0
24,53203,8,7,3,12,0,2,3,5,42.2,20,2017,5,0.88,1.5,0,1,2,1,0,0,0,1,0,0,0,0,1,0,0,0,1,1,0,0,1,0,0,0,0
23,118932,1,1,2,20,0,2,3,4,24.0,2,2024,3,1.0,20.0,0,3,1,0,1,0,0,0,1,0,1,0,0,0,1,0,0,1,0,1,0,0,0,0,0
23,80209,7,4,5,21,1,5,3,3,25.9,16,2018,5,0.57,3.0,0,2,2,0,0,0,0,1,0,0,0,0,0,0,0,0,1,0,1,0,0,0,0,1,0
53,30493,4,3,4,19,1,3,1,4,15.7,4,2021,2,0.75,4.8,3,0,1,0,0,0,1,0,0,0,1,0,0,1,0,0,0,1,0,0,0,0,0,0,1
54,76609,7,5,4,35,0,5,3,1,2.5,8,2018,5,0.71,5.0,3,2,0,1,0,1,0,0,0,0,0,0,1,0,1,0,0,0,0,0,0,0,0,0,0
29,49640,7,7,1,26,0,1,3,2,38.3,13,2018,12,1.0,3.7,0,1,2,1,0,0,0,1,0,0,0,0,0,0,1,0,0,0,0,0,0,0,0,0,0
28,50492,4,1,2,43,1,4,4,5,30.2,17,2021,10,0.25,10.8,0,1,2,0,0,0,0,0,0,0,0,1,0,0,0,0,1,1,0,0,0,0,0,1,0
58,60573,1,1,5,17,0,4,4,2,3.5,23,2024,2,1.0,17.0,3,1,0,0,0,0,0,1,0,0,0,1,0,0,0,0,1,1,0,1,0,0,0,0,0
38,72364,8,2,4,16,1,2,4,2,8.9,19,2017,1,0.25,2.0,1,2,0,0,0,0,0,0,1,0,1,0,0,0,0,0,1,0,0,0,0,0,0,1,0
53,55876,3,1,4,35,1,1,1,4,16.4,11,2022,6,0.33,11.7,3,1,1,0,0,0,1,0,0,0,0,0,0,0,0,0,1,0,0,0,0,0,0,1,0
28,67323,9,8,4,55,1,4,3,2,21.6,23,2016,9,0.89,6.1,0,1,1,1,0,0,1,0,0,0,1,0,0,1,0,0,0,1,0,1,0,0,0,0,0
55,23085,7,0,3,40,1,5,4,3,20.7,30,2018,3,0.0,5.7,3,0,1,0,1,0,1,0,0,1,0,0,0,0,0,0,0,1,0,0,0,1,0,0,0
36,103210,9,9,5,42,1,5,3,1,25.8,21,2016,7,1.0,4.7,1,3,2,1,0,0,0,0,1,0,1,0,0,0,0,1,0,0,1,0,0,0,1,0,0
24,50596,7,1,1,55,1,2,4,5,18.9,25,2018,8,0.14,7.9,0,1,1,1,0,0,0,0,1,0,0,0,0,0,0,0,0,1,0,0,0,1,0,0,0
51,113890,2,2,3,57,1,3,4,1,21.4,10,2023,10,1.0,28.5,3,3,1,0,0,1,0,0,0,0,0,1,0,0,0,0,0,0,1,0,1,0,0,0,0
25,52752,6,6,1,24,0,2,4,5,40.3,4,2019,8,1.0,4.0,0,1,2,0,0,0,0,0,0,1,0,0,0,0,0,0,0,0,0,0,0,0,1,0,0
31,82769,3,1,5,27,1,3,2,0,30.9,3,2022,6,0.33,9.0,1,2,2,1,0,0,1,0,0,0,0,1,0,0,1,0,0,0,1,0,0,1,0,0,0
54,44102,6,1,1,46,0,5,4,5,34.0,12,2019,12,0.17,7.7,3,1,2,0,1,0,0,1,0,0,1,0,0,0,0,0,1,0,1,0,0,0,0,0,1
27,112715,6,5,1,54,1,1,2,4,37.4,29,2019,5,0.83,9.0,0,3,2,0,1,0,0,0,1,0,1,0,0,0,0,0,0,0,1,0,0,1,0,0,0
38,48515,1,1,4,34,0,1,1,4,16.2,11,2024,5,1.0,34.0,1,1,1,0,1,0,1,0,0,0,1,0,0,0,1,0,0,0,1,0,1,0,0,0,0
27,92196,7,2,3,13,0,2,3,5,42.7,16,2018,6,0.29,1.9,0,2,2,1,0,0,0,0,0,0,0,1,0,0,0,0,0,0,1,0,0,1,0,0,0
60,46645,4,4,3,43,0,4,3,5,10.4,8,2021,6,1.0,10.8,3,1,1,0,1,0,0,0,0,0,0,0,1,0,0,1,0,0,0,1,0,0,0,0,0
23,59162,2,1,1,29,0,3,3,3,29.6,25,2023,9,0.5,14.5,0,1,2,0,0,0,0,1,0,0,0,1,0,0,0,0,0,0,1,0,0,1,0,0,0
46,38740,5,4,1,25,1,2,1,2,35.1,25,2020,12,0.8,5.0,2,0,2,0,0,0,0,0,1,1,0,0,0,0,0,1,0,1,0,0,0,1,0,0,0
56,26829,6,4,1,46,1,4,3,2,29.2,18,2019,10,0.67,7.7,3,0,2,0,1,0,0,0,1,0,0,1,0,0,0,0,0,0,0,1,0,0,0,0,0
45,65217,9,5,5,32,0,2,1,5,47.8,25,2016,3,0.56,3.6,2,1,2,0,1,1,0,0,0,0,0,0,1,1,0,0,0,0,1,0,1,0,0,0,0
25,38924,4,1,1,7,1,4,3,0,18.2,0,2021,1,0.25,1.8,0,0,1,0,1,0,1,0,0,1,0,0,0,0,0,1,0,0,0,0,0,0,1,0,0
30,85089,3,2,3,51,0,3,3,2,7.3,1,2022,7,0.67,17.0,0,2,0,0,0,0,0,0,0,1,0,0,0,1,0,0,0,0,1,0,0,0,0,1,0
23,64121,8,8,4,0,1,3,3,3,31.1,17,2017,8,1.0,0.0,0,1,2,0,0,0,1,0,0,0,0,0,1,0,0,0,0,0,0,0,0,0,0,0,0
25,104668,2,1,2,39,1,3,3,0,5.3,24,2023,11,0.5,19.5,0,3,0,1,0,0,0,1,0,0,1,0,0,1,0,0,0,0,1,0,1,0,0,0,0
52,33965,9,2,2,55,1,2,4,5,49.2,15,2016,2,0.22,6.1,3,0,2,1,0,0,1,0,0,0,0,1,0,0,0,1,0,0,0,0,1,0,0,0,0
35,107932,8,8,4,40,1,1,4,1,46.7,0,2017,7,1.0,5.0,1,3,2,0,1,0,0,0,0,0,0,0,1,0,0,0,0,0,0,1,0,0,0,0,0
34,23997,6,1,3,53,1,5,1,3,12.4,11,2019,11,0.17,8.8,1,0,1,1,0,0,0,1,0,0,0,1,0,0,0,1,0,1,0,0,1,0,0,0,0
51,105084,10,4,1,41,0,4,3,0,40.1,21,2015,9,0.4,4.1,3,3,2,1,0,0,0,0,0,0,0,0,1,0,1,0,0,0,1,1,0,0,0,0,0
26,40465,9,3,1,56,1,5,3,2,5.4,19,2016,4,0.33,6.2,0,1,0,0,1,0,1,0,0,0,0,1,0,0,0,1,0,1,0,0,0,0,0,0,1
26,74816,8,0,3,17,1,4,2,5,48.9,9,2017,1,0.0,2.1,0,2,2,1,0,1,0,0,0,1,0,0,0,0,0,0,0,0,1,0,1,0,0,0,0
25,48065,6,0,5,59,1,3,1,2,43.3,10,2019,1,0.0,9.8,0,1,2,0,0,0,1,0,0,0,1,0,0,0,1,0,0,0,1,0,0,0,0,0,0
49,34800,9,8,2,52,0,2,4,3,18.7,18,2016,6,0.89,5.8,2,0,1,1,0,0,0,0,1,1,0,0,0,0,0,0,0,1,0,0,0,0,1,0,0
37,25912,5,5,2,37,1,3,4,2,43.4,29,2020,3,1.0,7.4,1,0,2,1,0,0,1,0,0,1,0,0,0,0,1,0,0,0,0,0,1,0,0,0,0
43,116607,10,10,2,12,0,3,2,0,3.7,12,2015,9,1.0,1.2,2,3,0,0,0,0,1,0,0,0,0,0,1,0,1,0,0,0,0,0,0,0,0,1,0
60,101789,6,6,4,14,0,2,2,4,27.0,10,2019,10,1.0,2.3,3,3,2,0,1,0,0,0,0,0,0,1,0,1,0,0,0,1,0,0,0,0,0,0,0
35,96038,6,0,3,26,0,4,3,2,47.7,24,2019,6,0.0,4.3,1,2,2,1,0,0,1,0,0,0,1,0,0,0,0,0,0,1,0,0,1,0,0,0,0
40,92286,8,5,5,32,1,2,3,0,30.1,28,2017,11,0.62,4.0,1,2,2,0,1,0,0,0,0,0,0,1,0,0,1,0,0,1,0,0,0,0,1,0,0
55,96252,6,4,5,10,1,4,3,1,9.0,26,2019,3,0.67,1.7,3,2,0,0,0,0,0,0,0,0,1,0,0,0,1,0,0,1,0,0,0,0,1,0,0
53,105439,3,2,1,3,1,3,2,3,32.1,2,2022,6,0.67,1.0,3,3,2,0,0,1,0,0,0,0,1,0,0,0,0,1,0,0,1,0,0,0,1,0,0
38,81124,8,0,3,26,0,2,4,3,28.1,11,2017,12,0.0,3.2,1,2,2,1,0,0,0,0,1,0,0,0,1,1,0,0,0,1,0,1,0,0,0,0,0
56,107780,1,0,2,52,1,5,4,4,19.8,25,2024,4,0.0,52.0,3,3,1,0,1,0,0,0,0,0,0,0,1,0,0,0,1,0,0,0,0,0,0,1,0
35,21630,6,3,2,7,1,4,1,2,39.2,30,2019,10,0.5,1.2,1,0,2,1,0,0,1,0,0,1,0,0,0,1,0,0,0,0,1,0,0,0,0,0,1
51,58693,8,8,2,13,0,3,2,0,30.5,5,2017,1,1.0,1.6,3,1,2,0,1,1,0,0,0,0,1,0,0,0,1,0,0,0,0,1,0,0,0,0,0
24,119073,5,3,3,26,0,5,2,4,45.2,24,2020,1,0.6,5.2,0,3,2,1,0,0,0,0,0,0,0,0,1,0,0,0,1,1,0,0,0,0,1,0,0
32,90928,4,4,1,39,1,2,4,2,15.5,27,2021,10,1.0,9.8,1,2,1,0,1,0,0,0,1,0,0,1,0,0,0,1,0,0,0,0,1,0,0,0,0
46,100371,7,0,1,17,1,2,2,4,15.0,28,2018,12,0.0,2.4,2,3,1,0,1,0,0,1,0,0,0,0,1,0,0,0,0,0,1,0,0,0,0,1,0
54,101134,6,6,1,29,0,3,1,4,3.4,8,2019,3,1.0,4.8,3,3,0,0,0,0,0,0,1,0,0,0,1,0,0,0,1,1,0,0,0,0,0,0,1
57,70720,4,0,3,34,0,2,3,5,30.0,30,2021,9,0.0,8.5,3,2,2,0,1,0,0,1,0,0,0,0,0,0,0,0,0,1,0,0,0,1,0,0,0
30,72190,7,5,1,42,0,4,3,3,31.1,2,2018,9,0.71,6.0,0,2,2,0,1,0,0,0,1,0,0,1,0,0,1,0,0,1,0,0,0,0,0,1,0
52,53467,2,2,5,19,0,1,1,0,12.6,23,2023,12,1.0,9.5,3,1,1,0,1,0,1,0,0,1,0,0,0,1,0,0,0,0,0,0,0,1,0,0,0
56,89513,2,2,2,42,0,1,3,2,26.9,10,2023,2,1.0,21.0,3,2,2,0,0,0,1,0,0,0,0,1,0,1,0,0,0,0,1,0,0,0,1,0,0
56,27378,2,0,1,8,1,5,3,0,7.0,27,2023,8,0.0,4.0,3,0,0,0,1,1,0,0,0,0,0,1,0,0,0,0,0,0,1,0,1,0,0,0,0
36,85853,7,4,1,31,0,5,1,2,45.6,7,2018,11,0.57,4.4,1,2,2,0,0,0,0,1,0,1,0,0,0,1,0,0,0,0,0,0,0,1,0,0,0
57,105357,5,3,3,38,1,3,3,4,11.4,18,2020,3,0.6,7.6,3,3,1,0,0,0,1,0,0,0,1,0,0,0,0,0,0,0,0,0,1,0,0,0,0
29,47612,9,0,1,48,0,2,1,1,20.9,29,2016,6,0.0,5.3,0,1,1,0,0,0,0,1,0,0,0,0,0,0,1,0,0,1,0,1,0,0,0,0,0
56,29193,6,5,1,43,1,5,4,5,5.5,24,2019,9,0.83,7.2,3,0,0,1,0,0,1,0,0,0,0,0,1,0,0,1,0,1,0,0,0,0,0,1,0
26,73857,2,1,5,53,1,3,3,4,45.6,25,2023,2,0.5,26.5,0,2,2,0,0,1,0,0,0,0,1,0,0,0,0,1,0,0,0,1,0,0,0,0,0
41,70856,8,4,4,22,0,2,4,0,1.3,12,2017,2,0.5,2.8,2,2,0,1,0,0,0,1,0,0,0,1,0,0,0,0,1,0,1,0,1,0,0,0,0
35,33170,8,6,2,28,1,1,1,1,5.0,13,2017,2,0.75,3.5,1,0,0,0,0,0,0,1,0,0,1,0,0,0,1,0,0,0,0,0,0,1,0,0,0
43,20779,10,6,4,26,1,1,2,4,45.6,18,2015,9,0.6,2.6,2,0,2,0,1,0,0,0,0,0,0,0,0,0,1,0,0,1,0,0,0,0,0,0,1
47,65187,7,4,4,55,1,4,2,1,11.3,8,2018,12,0.57,7.9,2,1,1,1,0,0,1,0,0,0,0,1,0,0,0,1,0,0,1,0,0,0,1,0,0
48,103604,7,2,3,22,1,2,4,0,32.9,14,2018,3,0.29,3.1,2,3,2,1,0,0,0,1,0,1,0,0,0,0,1,0,0,1,0,0,1,0,0,0,0
36,15250,9,2,1,60,0,4,2,5,8.8,21,2016,5,0.22,6.7,1,0,0,0,1,0,0,1,0,0,0,0,0,1,0,0,0,1,0,0,0,1,0,0,0
57,91312,3,0,5,49,1,4,3,0,49.1,0,2022,1,0.0,16.3,3,2,2,0,1,0,1,0,0,0,0,0,1,0,0,0,1,0,0,0,0,0,0,0,0
46,66286,9,4,3,16,1,2,4,1,20.5,17,2016,2,0.44,1.8,2,1,1,0,1,1,0,0,0,0,0,0,0,0,0,1,0,0,1,1,0,0,0,0,0
22,88766,6,3,4,57,1,1,4,3,23.1,4,2019,9,0.5,9.5,0,2,1,0,0,0,0,0,1,1,0,0,0,1,0,0,0,1,0,1,0,0,0,0,0
23,72029,4,0,3,29,1,3,2,5,6.0,27,2021,12,0.0,7.2,0,2,0,1,0,0,0,1,0,1,0,0,0,0,0,0,0,0,0,0,0,0,0,1,0
57,50350,7,5,2,5,0,2,3,4,9.3,17,2018,11,0.71,0.7,3,1,0,0,1,0,0,0,1,0,0,0,1,0,0,0,1,1,0,0,0,0,1,0,0
34,99974,7,1,1,27,0,3,4,5,7.2,3,2018,8,0.14,3.9,1,2,0,0,1,0,0,0,0,0,0,1,0,0,0,0,1,1,0,0,0,1,0,0,0
30,35413,2,1,1,7,1,3,4,3,21.8,10,2023,5,0.5,3.5,0,0,1,0,1,0,0,1,0,0,1,0,0,0,0,0,0,1,0,0,0,0,0,0,0
26,19122,10,1,3,33,1,5,3,4,24.0,18,2015,7,0.1,3.3,0,0,1,0,0,1,0,0,0,0,0,0,1,0,0,0,0,0,0,0,0,0,0,0,0
47,50825,3,2,3,54,0,5,1,5,23.7,0,2022,6,0.67,18.0,2,1,1,0,1,0,0,0,1,0,0,1,0,0,0,0,0,0,0,0,0,0,0,1,0
48,58536,6,0,3,6,1,4,1,3,26.8,14,2019,10,0.0,1.0,2,1,2,0,0,0,0,1,0,0,1,0,0,0,0,1,0,1,0,0,0,1,0,0,0
53,77829,8,0,2,53,0,2,3,0,8.9,2,2017,6,0.0,6.6,3,2,0,1,0,1,0,0,0,0,1,0,0,0,0,1,0,0,0,0,0,0,0,0,0
43,108290,4,3,5,12,0,2,4,2,11.2,14,2021,2,0.75,3.0,2,3,1,1,0,1,0,0,0,0,0,0,1,0,1,0,0,1,0,0,0,0,0,1,0
51,110100,7,7,3,14,1,1,4,2,36.3,26,2018,2,1.0,2.0,3,3,2,1,0,0,0,1,0,1,0,0,0,0,0,1,0,1,0,0,1,0,0,0,0
53,49835,6,4,3,59,1,5,3,4,6.6,6,2019,6,0.67,9.8,3,1,0,1,0,1,0,0,0,1,0,0,0,0,1,0,0,0,1,0,0,1,0,0,0
53,48017,4,1,4,25,0,3,2,2,11.2,28,2021,7,0.25,6.2,3,1,1,0,0,0,1,0,0,1,0,0,0,0,1,0,0,1,0,1,0,0,0,0,0
53,25465,9,7,3,29,1,1,2,2,7.6,12,2016,3,0.78,3.2,3,0,0,1,0,0,1,0,0,1,0,0,0,0,1,0,0,0,0,1,0,0,0,0,0
38,18703,10,10,2,4,0,3,1,1,43.9,10,2015,12,1.0,0.4,1,0,2,0,0,0,0,0,1,1,0,0,0,1,0,0,0,0,0,0,1,0,0,0,0
39,27241,4,2,3,43,1,2,2,2,25.1,13,2021,2,0.5,10.8,1,0,2,0,1,0,0,1,0,1,0,0,0,0,0,0,0,0,0,0,0,0,1,0,0
34,76367,3,0,1,29,0,4,3,4,22.1,7,2022,9,0.0,9.7,1,2,1,0,0,0,1,0,0,0,0,0,1,0,0,1,0,0,0,0,0,0,0,1,0
54,34205,6,0,1,46,1,5,3,2,36.5,6,2019,2,0.0,7.7,3,0,2,0,1,0,0,0,0,0,0,1,0,0,0,0,0,1,0,0,0,0,0,1,0
53,24088,10,2,1,4,1,4,3,2,40.7,8,2015,8,0.2,0.4,3,0,2,0,1,0,0,0,0,1,0,0,0,1,0,0,0,1,0,0,0,0,1,0,0
35,63657,7,6,4,38,1,3,3,0,34.7,12,2018,10,0.86,5.4,1,1,2,0,0,0,0,0,1,0,0,1,0,0,0,0,1,1,0,0,0,1,0,0,0
28,77470,9,0,5,54,0,3,1,2,16.5,30,2016,10,0.0,6.0,0,2,1,0,1,1,0,0,0,0,1,0,0,0,0,0,0,0,1,0,0,0,0,0,0
60,70536,3,1,1,28,0,4,3,5,1.3,25,2022,1,0.33,9.3,3,2,0,0,1,0,0,0,0,1,0,0,0,0,0,0,0,0,1,0,0,0,0,0,0
35,109845,4,3,3,9,0,4,3,3,37.3,26,2021,2,0.75,2.2,1,3,2,0,1,0,0,0,1,0,0,1,0,0,1,0,0,0,1,0,0,0,0,0,0
31,36208,9,3,1,47,1,1,2,2,34.4,5,2016,4,0.33,5.2,1,0,2,0,1,0,0,1,0,0,0,0,1,1,0,0,0,1,0,0,0,1,0,0,0
33,36351,6,0,5,21,0,3,4,3,26.2,2,2019,6,0.0,3.5,1,0,2,0,1,0,0,0,1,1,0,0,0,0,0,0,0,1,0,0,0,1,0,0,0
57,79994,6,0,3,22,1,4,2,5,3.5,11,2019,9,0.0,3.7,3,2,0,0,0,0,0,1,0,0,0,0,1,0,0,0,0,0,1,0,1,0,0,0,0
36,61674,4,1,5,22,1,2,3,1,4.9,27,2021,11,0.25,5.5,1,1,0,0,1,0,1,0,0,0,0,0,1,0,1,0,0,0,0,0,0,0,0,0,1
25,106648,9,5,5,52,1,1,4,2,40.9,21,2016,4,0.56,5.8,0,3,2,0,1,0,0,0,0,1,0,0,0,0,1,0,0,0,0,0,0,0,0,0,1
52,85414,2,2,1,40,0,3,4,1,18.2,19,2023,5,1.0,20.0,3,2,1,0,0,0,0,1,0,0,0,0,1,0,0,1,0,0,0,0,0,0,0,1,0
34,101128,4,1,3,4,1,3,2,0,26.4,16,2021,8,0.25,1.0,1,3,2,0,0,0,0,0,0,0,0,1,0,1,0,0,0,1,0,0,1,0,0,0,0
47,49848,10,4,1,46,1,4,1,0,16.5,19,2015,7,0.4,4.6,2,1,1,0,1,0,0,0,0,1,0,0,0,0,0,0,0,0,0,0,0,0,0,0,0
24,94204,4,4,4,36,0,4,3,1,44.8,28,2021,7,1.0,9.0,0,2,2,0,1,0,0,0,1,0,1,0,0,1,0,0,0,0,0,0,0,0,1,0,0
31,54715,3,1,2,28,1,4,2,1,3.4,18,2022,8,0.33,9.3,1,1,0,1,0,0,0,0,0,1,0,0,0,1,0,0,0,1,0,1,0,0,0,0,0
24,110688,2,1,1,49,0,3,3,3,13.8,22,2023,5,0.5,24.5,0,3,1,1,0,0,0,0,0,0,0,0,1,0,1,0,0,0,0,0,1,0,0,0,0
38,82471,5,3,2,23,0,3,3,5,28.2,29,2020,6,0.6,4.6,1,2,2,0,0,0,1,0,0,0,0,0,1,1,0,0,0,0,1,1,0,0,0,0,0
56,73599,6,0,2,12,0,1,1,1,44.0,24,2019,7,0.0,2.0,3,2,2,0,1,0,0,0,0,0,0,1,0,0,0,0,1,0,1,0,1,0,0,0,0
55,117501,6,5,5,2,0,1,4,4,17.8,7,2019,4,0.83,0.3,3,3,1,0,0,1,0,0,0,0,0,0,0,1,0,0,0,0,0,0,1,0,0,0,0
47,35406,3,2,1,58,0,1,4,4,20.8,25,2022,6,0.67,19.3,2,0,1,0,0,0,1,0,0,0,0,1,0,0,0,1,0,0,1,0,0,0,0,0,0
33,32113,5,1,3,49,0,4,4,2,7.5,15,2020,9,0.2,9.8,1,0,0,1,0,0,0,0,1,0,1,0,0,0,0,0,1,1,0,0,0,1,0,0,0
25,112045,8,0,5,44,0,4,2,4,5.5,26,2017,12,0.0,5.5,0,3,0,0,0,1,0,0,0,0,1,0,0,0,0,0,1,0,0,0,0,1,0,0,0
39,18610,6,6,3,40,0,4,4,5,15.8,12,2019,1,1.0,6.7,1,0,1,0,0,1,0,0,0,0,0,0,1,0,0,0,1,0,0,1,0,0,0,0,0
39,73318,3,3,5,5,1,2,4,2,17.7,12,2022,8,1.0,1.7,1,2,1,1,0,0,0,1,0,1,0,0,0,1,0,0,0,0,1,0,0,0,0,0,1
56,25690,1,1,2,29,1,4,2,1,9.4,27,2024,4,1.0,29.0,3,0,0,0,1,0,0,0,0,1,0,0,0,1,0,0,0,1,0,0,0,1,0,0,0
30,42479,8,8,5,24,1,4,3,4,6.5,27,2017,4,1.0,3.0,0,1,0,0,1,0,0,1,0,0,1,0,0,0,0,0,0,1,0,0,0,0,0,0,1
47,114738,7,4,2,46,1,3,2,2,41.6,20,2018,3,0.57,6.6,2,3,2,1,0,0,0,0,0,1,0,0,0,1,0,0,0,1,0,0,0,0,0,1,0
42,67851,2,2,4,55,0,3,3,2,12.1,8,2023,3,1.0,27.5,2,1,1,0,0,1,0,0,0,0,0,1,0,0,1,0,0,0,0,0,0,0,0,1,0
54,21251,6,6,4,35,1,4,3,3,35.9,12,2019,9,1.0,5.8,3,0,2,0,0,0,1,0,0,0,1,0,0,0,1,0,0,0,1,0,0,0,0,1,0
41,39583,4,0,4,46,1,5,4,4,27.2,1,2021,2,0.0,11.5,2,0,2,0,1,0,1,0,0,1,0,0,0,0,0,0,0,1,0,1,0,0,0,0,0
36,82100,4,0,5,21,0,5,3,0,9.8,10,2021,10,0.0,5.2,1,2,0,1,0,0,0,0,1,1,0,0,0,0,0,1,0,0,1,0,0,0,0,0,0
35,100636,8,3,3,11,0,4,3,5,6.5,25,2017,11,0.38,1.4,1,3,0,0,0,0,1,0,0,0,0,0,1,0,0,1,0,1,0,0,0,0,0,0,1
23,15068,5,2,1,10,0,1,4,4,41.7,1,2020,5,0.4,2.0,0,0,2,1,0,1,0,0,0,0,0,0,0,0,0,0,1,0,0,0,0,0,0,0,1
51,91485,8,0,2,19,1,5,3,3,15.9,27,2017,6,0.0,2.4,3,2,1,0,1,0,1,0,0,1,0,0,0,0,0,0,1,1,0,0,0,0,1,0,0
29,87811,7,5,5,15,0,3,2,5,46.9,30,2018,6,0.71,2.1,0,2,2,1,0,0,0,0,0,0,0,1,0,0,0,0,1,0,0,0,1,0,0,0,0
51,22414,4,2,5,28,0,2,4,4,29.7,22,2021,12,0.5,7.0,3,0,2,0,1,0,0,0,1,0,0,0,0,0,0,1,0,1,0,0,0,0,1,0,0
52,60886,3,3,2,49,0,3,1,0,20.4,16,2022,2,1.0,16.3,3,1,1,0,0,0,0,0,0,1,0,0,0,0,0,0,0,1,0,0,0,1,0,0,0
58,110550,8,1,1,3,0,4,1,3,4.8,6,2017,1,0.12,0.4,3,3,0,0,0,0,1,0,0,0,0,0,0,0,0,1,0,0,1,0,1,0,0,0,0
33,102820,8,7,5,60,1,1,2,2,5.1,25,2017,7,0.88,7.5,1,3,0,0,1,0,0,0,0,0,0,0,0,0,0,0,0,0,0,0,0,0,0,0,1
60,31526,8,6,3,0,0,1,2,5,18.4,15,2017,3,0.75,0.0,3,0,1,0,1,1,0,0,0,1,0,0,0,0,0,1,0,0,0,1,0,0,0,0,0
60,56961,6,6,4,9,1,4,4,4,23.8,30,2019,9,1.0,1.5,3,1,1,1,0,0,0,0,0,0,0,0,0,0,0,1,0,0,1,0,0,1,0,0,0
41,42603,2,1,5,19,1,1,3,1,32.6,13,2023,12,0.5,9.5,2,1,2,1,0,0,0,0,0,0,0,1,0,0,1,0,0,0,1,0,0,0,0,1,0
50,78050,1,1,2,1,0,5,3,4,3.8,18,2024,2,1.0,1.0,2,2,0,1,0,0,0,0,1,0,0,1,0,0,0,1,0,0,0,0,1,0,0,0,0
44,95896,10,6,5,54,0,1,1,3,30.4,14,2015,9,0.6,5.4,2,2,2,0,0,0,0,0,0,0,0,1,0,0,0,1,0,0,0,0,1,0,0,0,0
29,41701,9,8,2,28,0,3,4,2,34.7,7,2016,4,0.89,3.1,0,1,2,0,1,0,0,1,0,1,0,0,0,0,0,0,0,0,0,0,0,0,0,0,1
48,24531,4,1,4,20,1,3,1,5,42.7,29,2021,12,0.25,5.0,2,0,2,1,0,0,1,0,0,0,0,0,1,0,0,0,1,1,0,0,0,0,1,0,0
46,55172,6,5,5,57,0,4,1,0,8.9,27,2019,11,0.83,9.5,2,1,0,0,1,0,0,0,0,0,0,0,0,0,0,0,0,1,0,0,0,0,0,1,0
48,118401,6,1,1,49,1,5,4,2,15.9,11,2019,4,0.17,8.2,2,3,1,0,1,0,0,1,0,0,0,0,0,1,0,0,0,0,0,0,0,0,0,1,0
34,84347,8,1,2,38,1,4,2,5,6.3,6,2017,5,0.12,4.8,1,2,0,0,0,1,0,0,0,0,1,0,0,0,0,1,0,0,0,1,0,0,0,0,0
54,58820,5,2,1,30,1,4,4,1,7.7,19,2020,12,0.4,6.0,3,1,0,0,1,1,0,0,0,0,0,0,1,0,0,0,0,1,0,0,0,0,0,0,0
60,26053,2,2,1,11,0,5,2,1,24.4,28,2023,3,1.0,5.5,3,0,1,1,0,0,0,1,0,1,0,0,0,0,1,0,0,0,0,0,0,0,1,0,0
44,64461,3,1,5,24,1,2,4,4,30.3,18,2022,1,0.33,8.0,2,1,2,0,1,1,0,0,0,0,1,0,0,0,0,1,0,0,1,0,1,0,0,0,0
56,115328,6,5,4,46,1,1,2,4,20.8,18,2019,4,0.83,7.7,3,3,1,0,1,0,0,1,0,0,0,0,0,0,0,0,1,1,0,0,0,0,0,1,0
55,60638,7,3,5,7,1,1,2,3,47.2,20,2018,1,0.43,1.0,3,1,2,1,0,0,0,1,0,0,1,0,0,1,0,0,0,0,0,0,1,0,0,0,0
36,104044,3,3,3,17,0,5,3,5,23.6,20,2022,5,1.0,5.7,1,3,1,0,1,0,1,0,0,0,0,0,1,0,0,1,0,0,0,0,0,0,0,1,0
56,112979,2,0,2,39,1,3,4,5,14.8,6,2023,10,0.0,19.5,3,3,1,1,0,0,1,0,0,0,0,0,1,0,0,1,0,1,0,0,0,0,0,0,1
30,22445,8,3,1,55,1,2,1,0,27.4,29,2017,11,0.38,6.9,0,0,2,1,0,0,1,0,0,0,0,1,0,0,0,0,0,0,1,0,0,0,0,1,0
53,43859,5,0,1,34,0,5,3,0,44.7,17,2020,11,0.0,6.8,3,1,2,0,1,0,0,0,1,0,0,0,1,0,0,1,0,1,0,0,0,1,0,0,0
36,26801,7,0,4,6,1,4,4,4,1.1,11,2018,12,0.0,0.9,1,0,0,0,0,0,0,0,0,1,0,0,0,0,0,0,0,0,1,0,1,0,0,0,0
30,88545,7,5,2,21,0,3,1,2,18.6,7,2018,5,0.71,3.0,0,2,1,0,1,0,0,1,0,1,0,0,0,0,0,0,0,1,0,0,0,0,0,0,0
24,22403,3,0,1,45,1,4,1,0,40.6,30,2022,12,0.0,15.0,0,0,2,1,0,0,0,0,0,0,0,0,1,0,0,1,0,0,0,0,0,0,0,0,1
33,115706,9,5,2,51,0,1,4,0,49.1,14,2016,6,0.56,5.7,1,3,2,0,0,0,0,0,0,0,1,0,0,0,1,0,0,0,1,0,0,1,0,0,0
59,51237,5,0,1,51,1,4,2,3,18.5,27,2020,12,0.0,10.2,3,1,1,1,0,0,0,0,1,0,0,1,0,0,1,0,0,0,1,0,1,0,0,0,0
30,83091,2,0,4,57,1,1,4,2,45.4,3,2023,4,0.0,28.5,0,2,2,0,1,1,0,0,0,0,1,0,0,0,0,0,1,1,0,1,0,0,0,0,0
33,97289,7,2,3,37,1,4,2,4,20.4,0,2018,8,0.29,5.3,1,2,1,1,0,0,0,1,0,0,0,0,1,1,0,0,0,1,0,0,0,1,0,0,0
22,32792,9,6,5,0,0,3,1,2,5.2,13,2016,1,0.67,0.0,0,0,0,0,1,0,0,0,1,0,0,0,0,1,0,0,0,0,0,0,1,0,0,0,0
28,64847,8,5,5,37,1,2,2,5,27.8,23,2017,11,0.62,4.6,0,1,2,1,0,0,1,0,0,1,0,0,0,0,0,0,0,1,0,0,1,0,0,0,0
44,20848,4,0,5,51,1,2,4,0,40.3,26,2021,6,0.0,12.8,2,0,2,0,1,0,0,0,1,1,0,0,0,1,0,0,0,1,0,0,0,0,1,0,0
30,70311,7,0,4,43,0,1,4,2,40.4,4,2018,7,0.0,6.1,0,2,2,0,1,0,0,0,0,0,1,0,0,0,0,0,1,0,0,0,0,0,0,0,1
46,89493,4,1,2,18,0,1,1,4,14.9,23,2021,3,0.25,4.5,2,2,1,0,1,0,0,0,1,0,0,0,0,0,0,1,0,1,0,0,0,0,0,1,0
41,51710,3,2,5,56,0,4,1,2,43.3,18,2022,12,0.67,18.7,2,1,2,0,0,0,0,0,0,0,0,1,0,0,1,0,0,0,0,0,0,0,1,0,0
37,115748,5,2,5,59,0,3,4,1,36.1,26,2020,9,0.4,11.8,1,3,2,0,1,0,1,0,0,0,0,0,1,0,0,0,0,1,0,0,0,1,0,0,0
38,116515,4,4,3,32,0,1,4,3,39.3,6,2021,2,1.0,8.0,1,3,2,1,0,1,0,0,0,1,0,0,0,1,0,0,0,0,1,0,0,0,0,0,1
40,89369,7,2,3,46,0,5,2,2,10.2,22,2018,2,0.29,6.6,1,2,1,1,0,0,0,1,0,0,1,0,0,1,0,0,0,1,0,0,0,0,0,1,0
42,107702,9,3,4,59,0,4,1,0,31.5,9,2016,1,0.33,6.6,2,3,2,0,0,1,0,0,0,0,0,1,0,0,0,1,0,0,1,0,0,0,1,0,0
60,34814,6,5,3,3,0,4,2,1,37.4,3,2019,8,0.83,0.5,3,0,2,0,1,0,0,1,0,1,0,0,0,0,1,0,0,0,1,0,1,0,0,0,0
26,54129,9,2,5,15,1,2,1,1,26.6,6,2016,6,0.22,1.7,0,1,2,0,0,0,0,0,1,1,0,0,0,0,0,0,0,0,0,0,0,0,1,0,0
48,31087,8,3,4,38,1,1,1,1,5.4,28,2017,11,0.38,4.8,2,0,0,0,0,0,0,1,0,0,0,1,0,0,0,1,0,1,0,0,0,0,0,0,0
27,29186,3,1,1,49,0,3,2,3,48.0,27,2022,4,0.33,16.3,0,0,2,0,1,0,1,0,0,1,0,0,0,0,1,0,0,0,1,1,0,0,0,0,0
40,50154,3,3,3,24,1,4,3,1,21.4,16,2022,1,1.0,8.0,1,1,1,0,0,0,0,0,0,1,0,0,0,0,0,0,0,1,0,0,0,0,0,1,0
36,74989,5,1,1,53,1,5,1,2,35.9,22,2020,9,0.2,10.6,1,2,2,1,0,0,1,0,0,1,0,0,0,0,0,0,1,0,0,0,0,0,0,0,0
25,69263,2,0,4,34,0,4,3,4,13.5,8,2023,7,0.0,17.0,0,1,1,1,0,1,0,0,0,0,0,0,0,0,0,0,0,0,0,1,0,0,0,0,0
35,110424,3,1,5,50,0,3,1,0,44.5,11,2022,3,0.33,16.7,1,3,2,1,0,0,0,0,0,0,0,1,0,0,0,1,0,1,0,0,0,0,0,0,0
29,91406,3,1,1,15,0,1,3,4,4.9,0,2022,3,0.33,5.0,0,2,0,0,0,0,1,0,0,0,0,0,1,0,0,1,0,0,1,0,0,0,1,0,0
46,33804,5,4,2,1,0,3,2,1,42.5,3,2020,7,0.8,0.2,2,0,2,0,1,1,0,0,0,0,0,1,0,0,0,1,0,0,1,1,0,0,0,0,0
31,33830,9,9,4,23,0,5,1,2,30.0,27,2016,11,1.0,2.6,1,0,2,1,0,0,1,0,0,0,1,0,0,0,0,1,0,1,0,0,0,0,0,0,1
59,41791,5,5,2,27,1,3,1,5,22.2,1,2020,11,1.0,5.4,3,1,1,0,0,0,0,1,0,0,0,1,0,0,0,0,1,0,0,0,0,1,0,0,0
42,82674,2,0,3,60,1,1,2,5,26.1,4,2023,9,0.0,30.0,2,2,2,0,0,1,0,0,0,1,0,0,0,0,1,0,0,0,1,0,0,0,0,0,0
53,61336,10,9,2,58,0,3,2,3,32.1,8,2015,12,0.9,5.8,3,1,2,1,0,0,1,0,0,1,0,0,0,0,0,0,0,0,0,0,0,0,1,0,0
53,62886,3,3,5,30,0,2,2,4,1.6,0,2022,12,1.0,10.0,3,1,0,0,0,1,0,0,0,1,0,0,0,1,0,0,0,1,0,0,1,0,0,0,0
60,116817,3,3,3,38,1,1,3,0,31.4,8,2022,4,1.0,12.7,3,3,2,0,1,0,0,1,0,1,0,0,0,0,0,0,1,0,0,0,1,0,0,0,0
48,105601,9,2,4,7,1,1,2,1,28.1,2,2016,4,0.22,0.8,2,3,2,0,0,0,1,0,0,0,0,1,0,0,0,0,1,1,0,0,0,1,0,0,0
43,64179,4,3,4,36,1,5,1,1,44.1,20,2021,8,0.75,9.0,2,1,2,0,1,1,0,0,0,0,0,1,0,0,1,0,0,0,0,1,0,0,0,0,0
52,91124,8,5,4,35,0,5,1,5,27.0,28,2017,10,0.62,4.4,3,2,2,0,1,0,0,0,0,0,0,0,1,1,0,0,0,0,1,0,1,0,0,0,0
29,114883,9,1,3,60,1,4,1,3,20.9,2,2016,3,0.11,6.7,0,3,1,1,0,0,1,0,0,0,0,0,1,0,0,0,0,1,0,0,0,1,0,0,0
50,81272,10,7,2,29,1,5,4,4,6.4,20,2015,9,0.7,2.9,2,2,0,0,0,0,0,0,1,1,0,0,0,0,0,1,0,0,1,0,0,1,0,0,0
55,19047,2,1,4,11,1,1,4,0,13.8,12,2023,11,0.5,5.5,3,0,1,0,1,0,1,0,0,1,0,0,0,1,0,0,0,1,0,1,0,0,0,0,0
41,97533,3,1,4,1,0,1,1,5,30.9,20,2022,6,0.33,0.3,2,2,2,1,0,0,1,0,0,0,1,0,0,1,0,0,0,1,0,1,0,0,0,0,0
26,60718,9,9,5,7,1,5,3,4,41.0,1,2016,4,1.0,0.8,0,1,2,0,0,1,0,0,0,0,0,0,1,1,0,0,0,0,0,0,0,0,1,0,0
44,18845,6,6,1,8,0,4,3,4,9.3,10,2019,8,1.0,1.3,2,0,0,1,0,1,0,0,0,1,0,0,0,0,0,0,0,1,0,0,0,1,0,0,0
35,19953,9,8,1,5,0,4,4,2,36.3,29,2016,1,0.89,0.6,1,0,2,1,0,1,0,0,0,0,1,0,0,0,0,0,0,0,0,0,0,0,0,0,0
23,19521,5,2,1,40,1,4,3,3,19.6,10,2020,8,0.4,8.0,0,0,1,0,1,1,0,0,0,0,0,0,0,0,0,0,0,0,1,0,0,1,0,0,0
51,57185,10,2,5,17,0,3,1,5,45.6,13,2015,8,0.2,1.7,3,1,2,1,0,0,1,0,0,0,0,0,0,0,1,0,0,0,1,0,0,0,0,0,1
58,80394,5,2,2,57,1,4,1,3,4.2,7,2020,7,0.4,11.4,3,2,0,1,0,0,0,0,0,0,0,0,1,0,0,0,0,0,1,0,0,0,0,0,1
46,107736,8,4,2,16,1,5,2,5,37.1,7,2017,9,0.5,2.0,2,3,2,1,0,0,1,0,0,0,1,0,0,0,0,0,0,0,0,0,1,0,0,0,0
57,43005,9,2,4,53,0,4,1,3,14.1,16,2016,5,0.22,5.9,3,1,1,1,0,0,0,1,0,0,0,0,0,0,0,1,0,0,0,0,0,0,0,0,1
46,66887,5,0,1,31,1,5,2,1,47.6,16,2020,1,0.0,6.2,2,1,2,0,0,1,0,0,0,0,0,0,0,0,0,1,0,0,0,0,0,0,0,1,0
33,62940,2,1,1,42,1,3,4,2,4.7,13,2023,2,0.5,21.0,1,1,0,0,0,0,0,0,1,0,0,1,0,0,1,0,0,0,0,0,0,0,0,1,0
33,79185,4,2,2,10,0,4,3,0,15.7,3,2021,1,0.5,2.5,1,2,1,0,0,1,0,0,0,0,1,0,0,1,0,0,0,0,1,0,0,0,0,1,0
58,102725,4,0,3,37,1,4,3,4,39.3,8,2021,4,0.0,9.2,3,3,2,1,0,0,1,0,0,0,0,1,0,0,0,0,0,1,0,1,0,0,0,0,0
60,72685,10,1,2,38,1,2,3,5,3.4,11,2015,12,0.1,3.8,3,2,0,0,1,0,1,0,0,0,0,0,0,0,0,0,1,0,1,0,1,0,0,0,0
25,47388,7,2,3,20,1,4,1,5,11.6,18,2018,1,0.29,2.9,0,1,1,0,1,0,0,1,0,1,0,0,0,0,0,0,0,0,1,0,0,0,0,0,1
53,106958,8,2,3,42,0,3,4,5,21.8,18,2017,2,0.25,5.2,3,3,1,1,0,1,0,0,0,0,0,0,0,0,0,1,0,1,0,0,0,0,1,0,0
29,15171,6,1,4,6,0,3,3,0,31.6,22,2019,1,0.17,1.0,0,0,2,0,0,0,1,0,0,0,0,0,1,0,0,0,0,0,0,0,0,0,0,1,0
47,67440,6,2,1,47,1,4,1,5,27.1,22,2019,8,0.33,7.8,2,1,2,0,0,0,0,1,0,1,0,0,0,0,0,0,1,1,0,1,0,0,0,0,0
46,48647,3,0,2,27,1,1,4,1,1.3,14,2022,12,0.0,9.0,2,1,0,0,1,0,0,0,1,1,0,0,0,1,0,0,0,1,0,0,0,0,0,0,1
42,98622,8,5,5,10,1,1,1,4,18.6,10,2017,7,0.62,1.2,2,2,1,1,0,1,0,0,0,0,1,0,0,0,0,0,0,0,0,0,1,0,0,0,0
57,92758,6,1,3,17,1,2,3,0,18.3,26,2019,3,0.17,2.8,3,2,1,0,1,0,0,0,1,0,1,0,0,0,1,0,0,0,1,0,0,1,0,0,0
32,41656,1,0,3,52,1,4,2,2,33.6,29,2024,4,0.0,52.0,1,1,2,0,1,0,0,0,1,0,1,0,0,0,0,0,1,1,0,0,0,0,0,1,0
43,70476,8,2,3,43,1,5,2,1,19.3,14,2017,8,0.25,5.4,2,2,1,0,0,0,0,1,0,0,1,0,0,0,1,0,0,0,1,0,1,0,0,0,0
53,52746,5,5,3,43,1,3,1,0,44.9,7,2020,3,1.0,8.6,3,1,2,0,1,0,0,0,1,0,0,0,0,1,0,0,0,0,0,0,0,0,0,1,0
29,15529,5,2,4,39,0,3,1,3,45.9,6,2020,1,0.4,7.8,0,0,2,1,0,0,0,0,1,0,0,0,0,0,0,0,1,0,0,0,0,0,0,1,0
55,62769,7,7,4,18,0,1,2,1,6.8,10,2018,7,1.0,2.6,3,1,0,0,0,0,1,0,0,0,0,1,0,1,0,0,0,1,0,0,0,1,0,0,0
39,17468,3,0,1,36,1,5,3,2,24.1,24,2022,4,0.0,12.0,1,0,1,0,1,0,0,0,0,0,0,0,1,1,0,0,0,1,0,0,0,1,0,0,0
52,64952,10,6,5,36,1,5,4,3,37.1,8,2015,7,0.6,3.6,3,1,2,0,0,0,1,0,0,1,0,0,0,0,0,0,1,0,1,0,1,0,0,0,0
38,74813,1,0,4,56,0,4,1,1,6.9,26,2024,1,0.0,56.0,1,2,0,0,1,0,0,1,0,0,0,0,1,1,0,0,0,0,0,0,0,0,0,1,0
40,15031,5,0,3,28,0,1,2,0,5.3,29,2020,1,0.0,5.6,1,0,0,1,0,1,0,0,0,0,0,1,0,1,0,0,0,1,0,0,0,0,1,0,0
41,115925,5,0,3,42,0,5,3,2,11.7,7,2020,4,0.0,8.4,2,3,1,0,0,0,0,1,0,0,0,0,0,0,1,0,0,1,0,0,0,1,0,0,0
52,95631,4,3,2,45,0,2,1,5,47.7,15,2021,6,0.75,11.2,3,2,2,0,1,0,1,0,0,0,0,0,0,0,1,0,0,0,0,0,1,0,0,0,0
43,73140,3,1,5,27,0,1,4,0,32.7,10,2022,9,0.33,9.0,2,2,2,1,0,0,1,0,0,0,0,1,0,0,1,0,0,1,0,0,0,0,0,0,0
44,28951,2,2,5,20,0,1,3,5,41.0,27,2023,7,1.0,10.0,2,0,2,0,0,0,1,0,0,0,0,0,0,0,0,0,0,0,0,0,0,0,0,1,0
22,52526,2,1,4,18,0,3,2,4,38.9,24,2023,4,0.5,9.0,0,1,2,1,0,0,0,0,0,1,0,0,0,0,1,0,0,1,0,0,1,0,0,0,0
57,38201,9,4,2,0,0,3,1,3,9.1,17,2016,3,0.44,0.0,3,0,0,0,0,0,1,0,0,0,0,1,0,0,0,0,1,0,0,1,0,0,0,0,0
38,109073,4,2,1,27,1,5,2,3,15.5,10,2021,1,0.5,6.8,1,3,1,1,0,1,0,0,0,0,0,1,0,1,0,0,0,0,0,0,0,0,0,0,0
46,114697,10,0,5,18,0,3,4,3,25.5,0,2015,11,0.0,1.8,2,3,2,0,0,1,0,0,0,1,0,0,0,0,1,0,0,0,0,0,1,0,0,0,0
33,90901,8,2,1,41,0,1,1,1,26.7,10,2017,4,0.25,5.1,1,2,2,0,1,1,0,0,0,1,0,0,0,0,0,1,0,0,0,0,0,0,1,0,0
51,82247,5,3,3,53,1,1,1,1,40.7,8,2020,1,0.6,10.6,3,2,2,0,1,0,0,0,0,1,0,0,0,0,0,1,0,0,0,0,1,0,0,0,0
25,100696,5,4,4,30,1,3,4,5,9.8,24,2020,1,0.8,6.0,0,3,0,0,1,0,0,0,1,1,0,0,0,0,0,0,0,0,1,0,1,0,0,0,0
28,100329,5,4,2,11,0,5,2,5,5.7,6,2020,7,0.8,2.2,0,3,0,0,1,0,0,0,0,1,0,0,0,0,0,1,0,1,0,1,0,0,0,0,0
42,92180,3,1,1,46,1,1,1,4,1.8,21,2022,6,0.33,15.3,2,2,0,0,1,0,0,0,1,0,0,0,0,0,0,1,0,0,1,0,0,0,0,0,0
28,55741,2,2,1,36,1,2,4,5,1.1,12,2023,9,1.0,18.0,0,1,0,0,1,1,0,0,0,0,0,0,1,1,0,0,0,1,0,0,1,0,0,0,0
46,29235,7,1,5,52,1,4,1,1,12.5,2,2018,11,0.14,7.4,2,0,1,0,1,0,1,0,0,0,0,0,1,0,1,0,0,0,1,0,0,1,0,0,0
60,103950,4,1,5,22,0,4,2,3,14.6,28,2021,7,0.25,5.5,3,3,1,0,1,0,1,0,0,1,0,0,0,1,0,0,0,1,0,0,0,0,1,0,0
50,26977,8,2,4,60,0,5,3,4,20.4,23,2017,10,0.25,7.5,2,0,1,1,0,0,1,0,0,0,0,0,0,0,0,1,0,0,0,0,0,0,0,0,1
54,76239,4,1,4,32,1,5,4,2,18.6,11,2021,1,0.25,8.0,3,2,1,0,0,1,0,0,0,0,0,0,1,0,0,1,0,0,0,0,0,0,0,0,0
46,37809,2,0,3,24,1,1,1,2,19.0,27,2023,4,0.0,12.0,2,0,1,1,0,0,0,1,0,0,0,0,0,0,0,1,0,0,1,0,0,0,0,1,0
37,39784,9,1,2,5,1,4,2,1,2.3,26,2016,11,0.11,0.6,1,0,0,1,0,0,0,0,1,0,0,0,0,0,0,0,0,1,0,1,0,0,0,0,0
60,24422,9,7,1,26,0,4,1,2,26.6,11,2016,9,0.78,2.9,3,0,2,0,1,0,0,1,0,0,0,0,0,1,0,0,0,0,0,0,0,0,0,0,0
36,98088,9,2,4,29,0,2,1,3,9.5,0,2016,8,0.22,3.2,1,2,0,1,0,0,0,0,1,0,1,0,0,1,0,0,0,1,0,0,0,0,0,1,0
40,52918,3,2,2,5,0,2,1,1,33.3,6,2022,9,0.67,1.7,1,1,2,1,0,1,0,0,0,0,1,0,0,0,1,0,0,0,0,0,0,0,0,1,0
30,55610,9,0,4,49,1,5,3,4,33.3,0,2016,3,0.0,5.4,0,1,2,1,0,0,0,0,0,1,0,0,0,0,0,1,0,1,0,0,0,1,0,0,0
24,42806,4,0,4,45,1,4,3,4,42.4,30,2021,2,0.0,11.2,0,1,2,0,0,0,1,0,0,0,0,0,0,0,0,0,0,1,0,0,1,0,0,0,0
58,111437,6,2,3,25,1,3,3,4,2.1,30,2019,2,0.33,4.2,3,3,0,0,0,0,0,0,0,0,0,0,1,0,0,0,0,0,0,0,0,0,1,0,0
33,94051,10,3,2,44,1,2,3,1,23.2,6,2015,10,0.3,4.4,1,2,1,0,0,0,0,1,0,0,0,0,1,0,0,0,0,0,0,1,0,0,0,0,0
40,40632,2,2,1,35,0,2,4,1,39.6,25,2023,9,1.0,17.5,1,1,2,0,0,0,0,0,0,0,1,0,0,0,0,1,0,1,0,0,0,0,1,0,0
23,111084,3,3,5,9,1,1,4,1,10.3,6,2022,4,1.0,3.0,0,3,1,0,0,0,0,0,0,0,0,0,1,0,0,0,1,0,0,0,1,0,0,0,0
25,41748,5,5,3,15,1,2,4,4,13.2,12,2020,12,1.0,3.0,0,1,1,0,1,0,0,1,0,0,0,0,0,0,0,1,0,0,1,1,0,0,0,0,0
48,97376,7,5,5,40,1,4,2,3,4.7,6,2018,2,0.71,5.7,2,2,0,0,1,0,0,0,0,0,0,1,0,1,0,0,0,1,0,0,0,0,0,0,0
55,38317,5,0,5,22,1,4,1,3,31.9,0,2020,4,0.0,4.4,3,0,2,1,0,1,0,0,0,0,0,0,0,0,1,0,0,1,0,0,1,0,0,0,0
37,73171,7,7,2,59,1,2,2,2,40.6,0,2018,9,1.0,8.4,1,2,2,0,1,0,0,0,0,0,0,1,0,1,0,0,0,0,1,1,0,0,0,0,0
55,65759,4,3,5,60,1,3,1,1,3.2,11,2021,7,0.75,15.0,3,1,0,1,0,0,0,1,0,0,0,0,0,0,0,0,0,1,0,1,0,0,0,0,0
38,37977,7,1,5,59,0,1,1,3,41.6,4,2018,7,0.14,8.4,1,0,2,1,0,0,0,0,1,0,0,0,1,1,0,0,0,0,0,1,0,0,0,0,0
40,50028,2,1,2,45,1,2,4,1,17.9,21,2023,9,0.5,22.5,1,1,1,0,0,0,0,0,1,0,0,1,0,0,0,1,0,1,0,0,0,0,0,0,0
28,32696,8,3,4,5,1,5,2,0,8.3,9,2017,5,0.38,0.6,0,0,0,1,0,0,0,1,0,0,0,0,0,0,0,0,1,0,0,0,1,0,0,0,0
24,46009,2,1,1,27,1,2,1,2,26.3,6,2023,6,0.5,13.5,0,1,2,1,0,0,0,0,1,0,1,0,0,0,0,0,0,0,1,0,1,0,0,0,0
51,33152,6,3,1,41,1,2,3,5,6.1,2,2019,9,0.5,6.8,3,0,0,0,0,0,1,0,0,0,0,0,1,0,0,0,0,0,1,0,0,0,0,0,0
52,93648,9,3,2,29,0,3,3,1,22.9,0,2016,9,0.33,3.2,3,2,1,1,0,0,0,0,0,0,1,0,0,0,0,0,0,1,0,0,0,1,0,0,0
46,34807,5,4,5,29,0,2,4,3,19.3,2,2020,5,0.8,5.8,2,0,1,0,1,1,0,0,0,0,0,1,0,0,0,0,1,0,0,0,0,0,1,0,0
58,116329,4,1,2,17,0,2,2,1,29.1,2,2021,6,0.25,4.2,3,3,2,0,1,0,0,1,0,0,0,0,0,0,0,0,0,0,0,0,0,1,0,0,0
25,77956,5,5,5,60,0,1,1,1,24.5,8,2020,4,1.0,12.0,0,2,1,0,1,1,0,0,0,1,0,0,0,1,0,0,0,0,0,0,0,0,0,1,0
25,102203,5,5,4,38,1,3,1,5,12.8,4,2020,6,1.0,7.6,0,3,1,0,1,0,0,1,0,0,1,0,0,0,0,1,0,0,0,1,0,0,0,0,0
24,33371,8,1,4,36,1,1,2,5,17.9,9,2017,12,0.12,4.5,0,0,1,0,1,0,0,0,0,1,0,0,0,0,0,0,1,0,0,0,1,0,0,0,0
27,82536,3,0,3,60,1,3,2,3,6.5,23,2022,11,0.0,20.0,0,2,0,0,1,0,0,1,0,0,1,0,0,0,0,1,0,0,1,0,0,0,0,1,0
24,100883,3,1,3,16,0,5,3,2,43.5,18,2022,6,0.33,5.3,0,3,2,0,0,0,0,0,1,0,1,0,0,0,1,0,0,0,0,0,0,0,1,0,0
51,53686,9,2,1,43,1,4,3,5,18.7,9,2016,9,0.22,4.8,3,1,1,0,0,0,0,1,0,0,0,1,0,0,0,0,1,0,0,0,1,0,0,0,0
25,49220,5,1,4,4,0,4,4,5,26.6,13,2020,8,0.2,0.8,0,1,2,0,0,0,1,0,0,0,0,0,1,0,1,0,0,0,1,0,0,0,0,0,0
58,45024,8,5,2,58,0,5,4,1,1.2,22,2017,6,0.62,7.2,3,1,0,0,1,0,1,0,0,0,0,1,0,0,0,0,0,0,0,0,0,0,0,1,0
56,104833,8,7,1,49,0,1,1,3,34.6,10,2017,2,0.88,6.1,3,3,2,0,1,0,0,1,0,0,0,0,1,0,1,0,0,1,0,0,1,0,0,0,0
55,25264,5,5,4,10,1,3,2,4,12.0,22,2020,9,1.0,2.0,3,0,1,1,0,1,0,0,0,1,0,0,0,0,0,0,0,0,0,0,0,0,1,0,0
39,21003,3,0,5,18,1,2,3,0,34.5,17,2022,7,0.0,6.0,1,0,2,0,0,0,0,0,0,0,0,0,0,1,0,0,0,1,0,0,0,1,0,0,0
46,81327,4,2,5,20,1,5,1,2,21.9,1,2021,4,0.5,5.0,2,2,1,1,0,1,0,0,0,0,0,0,1,1,0,0,0,0,0,0,0,0,0,0,0
39,63624,1,1,5,49,0,5,4,3,23.3,0,2024,3,1.0,49.0,1,1,1,1,0,0,1,0,0,0,0,1,0,1,0,0,0,1,0,0,0,0,1,0,0
46,105604,6,3,5,28,0,3,4,4,7.3,16,2019,9,0.5,4.7,2,3,0,0,1,1,0,0,0,1,0,0,0,0,0,1,0,0,0,0,0,0,0,0,1
50,73784,8,0,2,56,1,5,1,0,21.2,11,2017,4,0.0,7.0,2,2,1,0,1,0,1,0,0,0,0,1,0,0,0,1,0,0,1,0,0,0,1,0,0
46,108957,5,0,3,18,1,1,2,4,27.2,10,2020,9,0.0,3.6,2,3,2,1,0,0,0,0,0,1,0,0,0,0,1,0,0,0,1,0,1,0,0,0,0
46,103814,10,0,3,9,0,5,4,3,34.0,25,2015,10,0.0,0.9,2,3,2,0,1,0,0,0,0,0,0,1,0,0,0,1,0,0,0,1,0,0,0,0,0
34,68718,10,8,3,52,0,4,3,3,1.8,10,2015,12,0.8,5.2,1,1,0,1,0,1,0,0,0,0,0,1,0,0,0,0,1,0,1,1,0,0,0,0,0
28,95180,8,2,4,28,0,4,1,5,5.6,5,2017,11,0.25,3.5,0,2,0,0,0,0,1,0,0,0,1,0,0,1,0,0,0,0,1,0,0,0,0,1,0
23,72921,6,4,2,53,1,3,4,4,45.7,19,2019,4,0.67,8.8,0,2,2,0,1,0,0,0,0,0,0,0,1,0,1,0,0,0,0,0,0,0,0,0,0
44,26333,2,1,3,58,0,1,4,2,43.1,1,2023,4,0.5,29.0,2,0,2,1,0,1,0,0,0,0,0,0,0,1,0,0,0,0,0,1,0,0,0,0,0
46,40638,10,3,3,22,0,4,4,5,47.5,24,2015,11,0.3,2.2,2,1,2,0,1,1,0,0,0,0,0,0,0,0,0,1,0,0,1,0,1,0,0,0,0
23,81358,3,1,5,34,0,2,3,1,41.2,13,2022,11,0.33,11.3,0,2,2,0,0,0,0,0,1,0,1,0,0,0,0,1,0,0,1,0,0,0,0,0,1
51,69274,9,2,5,54,1,1,1,1,38.5,24,2016,5,0.22,6.0,3,1,2,1,0,1,0,0,0,0,0,0,1,0,1,0,0,0,1,1,0,0,0,0,0
28,87101,4,2,1,7,1,1,2,2,20.8,17,2021,1,0.5,1.8,0,2,1,0,1,0,0,1,0,0,0,1,0,0,1,0,0,0,1,1,0,0,0,0,0
59,28504,5,2,1,7,1,5,2,1,8.8,19,2020,3,0.4,1.4,3,0,0,0,0,0,1,0,0,1,0,0,0,0,1,0,0,1,0,0,0,0,0,0,0
58,22185,1,0,1,57,1,1,4,1,17.0,18,2024,2,0.0,57.0,3,0,1,1,0,0,0,0,0,0,1,0,0,1,0,0,0,0,1,0,0,1,0,0,0
54,88852,7,0,3,46,1,3,2,3,30.6,2,2018,10,0.0,6.6,3,2,2,0,0,0,0,1,0,1,0,0,0,0,0,1,0,1,0,0,0,0,0,0,0
41,99189,7,3,2,49,1,4,1,5,7.8,27,2018,9,0.43,7.0,2,2,0,0,0,0,0,0,1,0,0,1,0,0,1,0,0,0,1,0,0,0,0,0,1
38,96729,9,3,5,23,0,3,3,5,45.3,4,2016,9,0.33,2.6,1,2,2,0,1,0,0,1,0,0,1,0,0,0,0,1,0,1,0,0,0,0,1,0,0
37,98999,5,3,5,7,0,2,1,3,12.4,12,2020,8,0.6,1.4,1,2,1,0,0,0,1,0,0,1,0,0,0,0,0,0,1,0,0,0,0,0,1,0,0
23,37596,4,1,1,58,0,4,1,1,12.6,28,2021,3,0.25,14.5,0,0,1,0,1,0,0,0,0,0,1,0,0,0,0,0,0,0,1,0,0,1,0,0,0
23,47800,8,4,4,32,0,5,4,0,34.3,22,2017,7,0.5,4.0,0,1,2,0,0,0,0,1,0,0,0,0,1,0,0,0,1,1,0,0,0,0,0,0,0
57,99451,1,1,2,24,1,3,4,2,20.5,15,2024,2,1.0,24.0,3,2,1,1,0,0,0,1,0,0,0,1,0,0,0,0,1,0,0,0,0,0,0,0,1
59,85849,5,4,3,38,1,1,3,0,32.0,9,2020,10,0.8,7.6,3,2,2,1,0,0,1,0,0,1,0,0,0,0,0,0,0,0,0,0,0,1,0,0,0
50,76477,7,4,3,12,1,3,4,2,11.0,14,2018,5,0.57,1.7,2,2,1,1,0,0,0,0,1,0,0,0,0,0,0,0,0,0,1,0,0,0,0,0,1
50,43593,10,9,3,2,0,1,3,3,16.1,8,2015,10,0.9,0.2,2,1,1,1,0,0,0,0,1,0,0,0,0,0,0,0,1,0,0,1,0,0,0,0,0
33,118683,9,7,1,58,0,4,2,5,48.9,10,2016,5,0.78,6.4,1,3,2,0,0,0,0,0,0,0,0,1,0,0,0,0,1,1,0,0,1,0,0,0,0
49,119217,4,3,5,33,0,3,3,2,20.5,29,2021,4,0.75,8.2,2,3,1,0,0,0,0,0,0,0,0,1,0,0,0,1,0,1,0,0,0,0,0,1,0
54,66619,8,5,1,31,1,2,4,0,24.5,5,2017,9,0.62,3.9,3,1,1,1,0,1,0,0,0,1,0,0,0,0,0,1,0,1,0,0,0,0,0,0,1
42,54611,2,1,2,25,0,5,1,1,45.9,10,2023,10,0.5,12.5,2,1,2,1,0,0,0,0,0,1,0,0,0,0,0,0,1,1,0,0,0,0,0,0,0
27,65026,9,2,3,37,0,3,1,1,34.9,23,2016,10,0.22,4.1,0,1,2,0,0,0,0,0,1,0,0,1,0,1,0,0,0,0,0,1,0,0,0,0,0
40,69284,6,1,2,41,1,4,2,2,40.6,19,2019,1,0.17,6.8,1,1,2,0,0,1,0,0,0,0,0,0,1,0,1,0,0,0,1,0,0,0,0,1,0
45,85898,7,0,2,58,0,2,3,0,12.2,26,2018,3,0.0,8.3,2,2,1,1,0,0,0,0,0,0,0,0,1,0,0,0,0,1,0,0,0,0,0,1,0
38,69885,2,1,5,35,0,4,1,3,8.9,13,2023,1,0.5,17.5,1,1,0,1,0,0,0,1,0,1,0,0,0,0,1,0,0,1,0,1,0,0,0,0,0
52,91714,4,0,1,33,1,3,2,4,36.7,3,2021,11,0.0,8.2,3,2,2,1,0,1,0,0,0,0,1,0,0,1,0,0,0,0,1,0,0,1,0,0,0
29,73906,6,6,1,42,1,4,3,0,41.2,0,2019,6,1.0,7.0,0,2,2,0,0,0,0,1,0,1,0,0,0,0,1,0,0,0,1,0,1,0,0,0,0
36,104975,9,0,2,14,1,5,3,0,9.4,11,2016,10,0.0,1.6,1,3,0,0,1,0,0,0,1,0,0,1,0,1,0,0,0,0,0,0,0,0,0,1,0
30,25854,5,5,1,38,1,2,2,0,23.9,20,2020,3,1.0,7.6,0,0,1,1,0,0,1,0,0,0,0,1,0,0,0,1,0,0,1,0,0,0,0,0,0
32,106066,2,0,4,34,0,4,4,5,25.9,8,2023,9,0.0,17.0,1,3,2,0,0,1,0,0,0,1,0,0,0,0,0,0,1,0,0,0,0,1,0,0,0
46,56183,7,3,5,6,1,2,2,2,37.5,18,2018,9,0.43,0.9,2,1,2,0,1,0,0,1,0,0,0,0,1,0,0,0,1,0,0,0,0,1,0,0,0
45,60742,3,2,4,20,0,5,4,5,4.0,24,2022,8,0.67,6.7,2,1,0,0,1,0,1,0,0,0,1,0,0,0,0,0,1,1,0,1,0,0,0,0,0
30,40713,10,6,2,45,0,5,1,2,9.2,11,2015,8,0.6,4.5,0,1,0,1,0,1,0,0,0,1,0,0,0,1,0,0,0,1,0,0,0,0,0,1,0
34,26447,9,1,1,19,1,4,2,1,11.6,29,2016,7,0.11,2.1,1,0,1,0,0,0,0,1,0,0,1,0,0,0,1,0,0,0,0,0,1,0,0,0,0
52,98643,7,3,4,24,1,1,3,3,22.8,29,2018,1,0.43,3.4,3,2,1,0,0,1,0,0,0,0,0,1,0,0,0,1,0,0,1,0,1,0,0,0,0
29,27380,4,1,5,38,0,2,3,0,20.2,17,2021,7,0.25,9.5,0,0,1,0,0,0,1,0,0,1,0,0,0,0,0,0,1,0,1,1,0,0,0,0,0
60,76368,9,9,2,23,0,3,3,3,5.0,12,2016,6,1.0,2.6,3,2,0,0,1,0,0,0,0,0,0,0,1,0,0,1,0,1,0,1,0,0,0,0,0
41,41055,10,4,3,25,0,2,2,0,36.5,26,2015,7,0.4,2.5,2,1,2,0,1,1,0,0,0,1,0,0,0,0,0,0,1,1,0,0,0,1,0,0,0
31,91894,5,0,1,8,0,5,2,3,2.8,7,2020,1,0.0,1.6,1,2,0,0,0,0,0,1,0,0,0,1,0,1,0,0,0,1,0,1,0,0,0,0,0
22,18732,8,1,4,46,0,5,4,4,34.8,16,2017,4,0.12,5.8,0,0,2,0,0,0,0,1,0,0,0,0,1,0,0,1,0,0,1,0,0,1,0,0,0
43,36744,2,2,2,5,0,2,2,2,32.8,10,2023,5,1.0,2.5,2,0,2,0,0,0,0,0,0,0,0,0,0,0,0,0,0,1,0,0,1,0,0,0,0
54,41082,6,5,2,51,0,3,4,1,45.2,5,2019,12,0.83,8.5,3,1,2,0,1,0,1,0,0,0,0,0,0,0,1,0,0,0,1,0,0,0,0,1,0
29,21153,6,4,1,41,1,5,1,4,12.1,25,2019,6,0.67,6.8,0,0,1,0,1,0,0,1,0,0,0,0,1,0,1,0,0,0,1,1,0,0,0,0,0
27,96799,3,3,1,40,0,3,1,3,33.4,2,2022,6,1.0,13.3,0,2,2,1,0,0,0,0,1,1,0,0,0,0,0,1,0,1,0,0,0,0,1,0,0
29,51706,9,6,3,49,1,4,4,0,35.5,30,2016,3,0.67,5.4,0,1,2,0,1,1,0,0,0,0,0,0,0,0,0,0,0,1,0,0,0,0,0,1,0
52,97007,4,1,1,1,0,3,3,2,7.4,20,2021,10,0.25,0.2,3,2,0,1,0,0,0,1,0,1,0,0,0,0,1,0,0,0,1,1,0,0,0,0,0
45,111576,6,3,4,31,1,1,4,2,36.1,8,2019,2,0.5,5.2,2,3,2,1,0,1,0,0,0,0,0,0,1,0,0,1,0,0,1,1,0,0,0,0,0
33,83208,5,0,2,34,0,4,2,0,8.5,2,2020,1,0.0,6.8,1,2,0,0,1,1,0,0,0,0,0,0,0,0,0,0,1,0,0,0,0,0,0,1,0
56,43324,9,6,2,49,0,1,2,1,19.8,8,2016,4,0.67,5.4,3,1,1,1,0,1,0,0,0,0,0,1,0,0,0,0,1,0,0,0,0,1,0,0,0
32,86245,9,7,5,23,0,3,3,3,23.8,4,2016,10,0.78,2.6,1,2,1,0,0,0,0,0,0,0,0,0,0,0,0,1,0,0,0,1,0,0,0,0,0
58,98614,6,4,3,4,1,2,1,4,26.6,12,2019,8,0.67,0.7,3,2,2,0,1,0,0,0,0,0,0,0,0,0,1,0,0,0,1,0,0,1,0,0,0
34,111772,3,3,5,35,1,3,1,2,7.6,14,2022,11,1.0,11.7,1,3,0,1,0,0,0,0,0,1,0,0,0,0,0,0,1,0,0,0,0,0,0,0,0
49,37793,7,5,5,60,1,1,2,4,26.4,4,2018,1,0.71,8.6,2,0,2,0,0,1,0,0,0,0,0,0,0,0,1,0,0,1,0,0,0,0,0,0,1
41,72670,9,9,1,20,1,4,3,5,42.3,1,2016,9,1.0,2.2,2,2,2,0,1,0,0,1,0,1,0,0,0,0,0,1,0,0,1,1,0,0,0,0,0
46,37003,8,2,2,36,0,1,2,4,19.0,10,2017,11,0.25,4.5,2,0,1,0,1,0,0,0,0,1,0,0,0,0,0,0,0,1,0,0,0,0,0,1,0
23,92644,2,0,5,54,0,2,3,1,31.3,20,2023,4,0.0,27.0,0,2,2,0,1,0,0,0,0,0,0,0,1,0,0,0,0,0,1,0,0,0,1,0,0
48,111516,9,1,3,51,1,5,1,4,38.0,27,2016,11,0.11,5.7,2,3,2,0,0,0,0,0,0,0,0,0,0,0,0,1,0,0,0,0,0,1,0,0,0
58,91230,3,1,3,43,0,5,4,4,21.5,15,2022,9,0.33,14.3,3,2,1,0,1,0,0,1,0,0,1,0,0,0,0,1,0,1,0,0,0,1,0,0,0
34,106254,2,0,5,12,0,4,2,2,15.4,16,2023,2,0.0,6.0,1,3,1,0,0,0,0,0,0,0,0,0,1,0,1,0,0,1,0,0,0,0,1,0,0
40,31390,5,1,2,38,0,1,1,3,16.6,11,2020,5,0.2,7.6,1,0,1,0,1,0,0,0,0,0,0,0,0,0,0,0,0,0,1,0,0,0,1,0,0
57,116454,8,3,1,54,0,3,1,1,8.9,23,2017,9,0.38,6.8,3,3,0,0,1,1,0,0,0,0,1,0,0,0,0,0,0,0,1,0,0,0,0,0,1
42,76670,9,4,1,0,0,5,4,1,1.0,12,2016,4,0.44,0.0,2,2,0,1,0,0,1,0,0,1,0,0,0,1,0,0,0,0,0,0,0,0,0,1,0
56,101759,6,5,5,6,1,1,4,1,42.9,10,2019,3,0.83,1.0,3,3,2,0,0,0,0,0,0,1,0,0,0,0,0,1,0,0,0,0,0,0,0,0,1
37,79440,4,3,1,56,1,4,2,1,33.3,22,2021,11,0.75,14.0,1,2,2,1,0,0,0,0,1,1,0,0,0,1,0,0,0,0,0,0,0,0,0,0,1
34,89287,6,6,4,42,0,4,4,2,12.2,26,2019,5,1.0,7.0,1,2,1,0,1,0,0,0,0,1,0,0,0,0,0,0,1,1,0,1,0,0,0,0,0
41,119223,5,2,4,28,1,2,1,5,3.3,17,2020,3,0.4,5.6,2,3,0,0,0,0,1,0,0,0,1,0,0,0,0,0,1,0,0,0,0,0,0,0,1
34,51357,8,3,5,47,0,5,2,1,38.5,27,2017,1,0.38,5.9,1,1,2,0,1,0,0,1,0,0,1,0,0,1,0,0,0,1,0,0,0,0,0,0,0
33,65411,4,2,2,20,0,4,1,5,31.1,3,2021,8,0.5,5.0,1,1,2,1,0,0,0,1,0,1,0,0,0,1,0,0,0,1,0,1,0,0,0,0,0
25,102403,9,9,5,19,1,4,3,3,1.3,16,2016,11,1.0,2.1,0,3,0,1,0,0,1,0,0,0,1,0,0,0,0,0,1,0,0,1,0,0,0,0,0
28,108085,5,5,5,3,1,2,4,2,5.7,9,2020,10,1.0,0.6,0,3,0,0,0,0,0,0,0,1,0,0,0,0,0,0,0,0,1,0,0,0,0,0,0
43,100751,6,0,2,6,1,3,4,1,32.3,4,2019,8,0.0,1.0,2,3,2,0,0,0,0,0,0,0,0,1,0,0,0,0,0,0,0,0,0,1,0,0,0
27,110515,9,2,4,28,1,5,2,3,28.6,7,2016,3,0.22,3.1,0,3,2,0,1,0,0,0,0,1,0,0,0,0,0,0,1,1,0,0,0,0,0,0,1
33,22151,2,2,2,0,1,3,3,2,13.9,13,2023,6,1.0,0.0,1,0,1,0,1,0,0,1,0,0,0,1,0,0,0,0,1,0,1,0,0,0,0,0,0
27,91620,7,4,1,15,0,4,4,2,29.9,3,2018,3,0.57,2.1,0,2,2,0,1,0,0,0,0,0,0,0,1,0,0,1,0,0,1,0,0,0,1,0,0
33,35230,7,5,4,50,0,2,2,2,15.6,3,2018,1,0.71,7.1,1,0,1,0,0,0,1,0,0,1,0,0,0,0,0,0,1,0,0,0,0,0,0,0,1
37,103751,7,4,4,5,0,1,1,0,45.2,23,2018,10,0.57,0.7,1,3,2,1,0,1,0,0,0,0,0,1,0,0,1,0,0,1,0,1,0,0,0,0,0
54,20710,2,0,3,51,0,3,1,3,5.3,20,2023,12,0.0,25.5,3,0,0,0,0,0,0,0,0,0,1,0,0,1,0,0,0,1,0,1,0,0,0,0,0
22,17714,4,3,5,34,0,4,1,0,43.8,4,2021,7,0.75,8.5,0,0,2,0,1,0,1,0,0,0,0,1,0,1,0,0,0,1,0,0,0,0,0,0,1
24,55043,9,6,2,10,0,3,3,3,42.0,30,2016,1,0.67,1.1,0,1,2,0,1,0,0,0,0,0,0,1,0,0,0,1,0,1,0,0,0,0,0,0,1
34,48917,3,1,3,18,1,2,1,5,7.9,29,2022,2,0.33,6.0,1,1,0,0,0,0,1,0,0,0,0,0,1,0,0,1,0,0,1,0,0,1,0,0,0
33,106328,6,1,5,15,1,1,3,2,31.3,17,2019,7,0.17,2.5,1,3,2,1,0,0,0,0,1,0,1,0,0,1,0,0,0,0,0,1,0,0,0,0,0
52,21857,1,0,4,16,0,4,3,5,26.4,17,2024,1,0.0,16.0,3,0,2,0,1,1,0,0,0,0,0,0,0,0,0,0,1,1,0,0,0,0,0,0,0
50,51051,10,2,4,51,1,1,3,1,38.5,5,2015,12,0.2,5.1,2,1,2,0,1,0,1,0,0,0,0,0,1,0,0,1,0,1,0,0,1,0,0,0,0
30,70284,6,1,1,49,0,5,1,5,1.2,25,2019,3,0.17,8.2,0,2,0,0,1,0,0,1,0,0,0,1,0,0,0,0,0,0,0,1,0,0,0,0,0
51,85254,2,0,2,24,1,2,3,5,47.7,18,2023,10,0.0,12.0,3,2,2,1,0,1,0,0,0,0,0,0,0,0,0,1,0,0,1,0,0,0,0,1,0
46,33394,7,2,1,43,0,1,4,4,21.2,10,2018,5,0.29,6.1,2,0,1,0,1,0,0,1,0,1,0,0,0,1,0,0,0,0,1,0,0,0,1,0,0
23,35612,2,0,2,31,1,5,1,1,21.1,20,2023,10,0.0,15.5,0,0,1,0,1,0,0,0,0,0,0,0,0,1,0,0,0,0,1,0,1,0,0,0,0
32,93615,6,0,5,24,1,5,2,3,34.1,7,2019,11,0.0,4.0,1,2,2,0,1,0,0,0,1,1,0,0,0,1,0,0,0,0,1,0,0,1,0,0,0
42,51687,10,10,5,55,0,1,3,3,41.8,12,2015,7,1.0,5.5,2,1,2,0,1,0,1,0,0,1,0,0,0,0,0,0,0,0,0,0,0,0,0,0,1
59,78229,4,4,4,47,0,2,2,4,23.9,25,2021,7,1.0,11.8,3,2,1,0,0,0,0,1,0,0,0,0,1,1,0,0,0,1,0,0,0,0,1,0,0
35,115695,6,4,4,38,1,5,1,2,38.6,3,2019,8,0.67,6.3,1,3,2,1,0,1,0,0,0,0,1,0,0,0,0,1,0,0,0,0,0,0,0,0,0
32,70821,7,0,3,46,1,2,1,2,44.7,12,2018,1,0.0,6.6,1,2,2,1,0,0,0,0,0,1,0,0,0,0,0,1,0,0,1,0,0,0,0,0,1
59,71003,5,4,4,18,0,3,1,2,12.0,13,2020,8,0.8,3.6,3,2,1,1,0,0,0,0,1,1,0,0,0,0,0,0,1,0,0,0,0,0,0,0,1
58,53498,1,1,4,25,0,3,2,3,44.3,3,2024,4,1.0,25.0,3,1,2,0,0,0,1,0,0,0,0,0,0,0,0,1,0,0,0,0,1,0,0,0,0
39,34382,9,5,3,54,1,1,2,0,8.2,0,2016,1,0.56,6.0,1,0,0,1,0,0,0,0,0,1,0,0,0,0,0,0,0,0,1,0,0,0,1,0,0
35,109777,4,3,3,21,1,1,3,4,2.6,3,2021,12,0.75,5.2,1,3,0,0,0,0,1,0,0,0,0,0,1,0,0,0,0,0,0,1,0,0,0,0,0
32,57982,2,1,4,49,0,2,2,5,42.4,21,2023,8,0.5,24.5,1,1,2,0,1,0,1,0,0,0,0,0,1,1,0,0,0,0,1,0,0,0,1,0,0
27,83271,3,2,4,3,0,5,3,3,1.1,12,2022,9,0.67,1.0,0,2,0,0,0,0,1,0,0,1,0,0,0,0,1,0,0,0,1,0,0,0,1,0,0
33,48102,9,5,5,13,1,1,3,4,15.3,21,2016,1,0.56,1.4,1,1,1,0,1,0,0,0,0,0,1,0,0,0,0,0,1,1,0,0,0,0,0,1,0
56,102696,2,0,2,20,0,5,4,1,15.7,7,2023,7,0.0,10.0,3,3,1,0,1,0,0,0,1,1,0,0,0,0,1,0,0,0,1,0,0,0,1,0,0
57,59567,2,2,5,26,1,2,4,2,41.3,20,2023,8,1.0,13.0,3,1,2,1,0,0,0,0,1,0,0,0,1,0,0,1,0,0,1,0,0,0,1,0,0
32,85077,2,2,2,17,1,3,2,2,4.5,6,2023,10,1.0,8.5,1,2,0,0,1,0,1,0,0,0,1,0,0,0,1,0,0,1,0,0,0,0,0,0,1
37,72763,9,2,3,30,1,4,1,5,8.3,4,2016,9,0.22,3.3,1,2,0,1,0,0,0,1,0,0,0,0,1,1,0,0,0,0,1,0,0,0,0,0,1
24,86096,2,0,3,2,1,3,1,2,2.5,13,2023,8,0.0,1.0,0,2,0,0,0,0,1,0,0,0,0,0,1,0,0,1,0,0,1,0,0,0,0,1,0
59,110047,1,1,2,4,0,5,4,4,11.8,10,2024,6,1.0,4.0,3,3,1,0,1,0,0,1,0,0,0,0,0,0,0,0,1,0,0,0,0,0,1,0,0
23,57063,4,3,1,60,1,3,2,4,2.9,19,2021,9,0.75,15.0,0,1,0,0,0,1,0,0,0,0,0,1,0,0,1,0,0,0,0,1,0,0,0,0,0
25,54480,6,2,3,30,0,2,3,1,21.2,17,2019,7,0.33,5.0,0,1,1,0,1,0,0,1,0,1,0,0,0,0,0,0,0,0,1,0,0,0,0,1,0
53,75530,8,2,4,27,0,5,3,5,26.7,2,2017,8,0.25,3.4,3,2,2,0,0,0,1,0,0,0,0,1,0,1,0,0,0,0,0,1,0,0,0,0,0
33,119203,7,3,3,54,1,1,3,5,36.5,14,2018,1,0.43,7.7,1,3,2,0,0,0,1,0,0,0,0,1,0,0,0,0,1,0,1,0,0,1,0,0,0
55,38281,9,5,2,1,1,4,4,4,31.8,5,2016,8,0.56,0.1,3,0,2,0,0,0,0,0,0,0,0,0,0,0,0,0,1,0,0,0,0,0,0,1,0
43,23521,8,7,5,18,1,3,4,0,23.8,10,2017,11,0.88,2.2,2,0,1,0,1,1,0,0,0,0,0,0,0,1,0,0,0,0,0,1,0,0,0,0,0
51,33373,8,5,3,0,1,2,2,4,42.6,14,2017,8,0.62,0.0,3,0,2,0,1,0,0,1,0,0,0,1,0,0,0,0,1,0,1,0,0,1,0,0,0
46,114140,9,0,4,20,0,2,3,3,8.5,5,2016,11,0.0,2.2,2,3,0,0,0,0,0,1,0,0,0,0,0,0,0,0,1,1,0,0,0,0,1,0,0
35,93280,8,7,3,56,0,2,1,0,32.6,12,2017,1,0.88,7.0,1,2,2,0,0,0,1,0,0,0,1,0,0,0,1,0,0,0,0,1,0,0,0,0,0
52,104463,9,9,3,56,0,4,3,0,11.7,12,2016,2,1.0,6.2,3,3,1,0,0,0,0,0,1,1,0,0,0,1,0,0,0,1,0,0,0,0,0,0,1
24,69598,2,1,1,35,1,1,1,3,27.0,6,2023,7,0.5,17.5,0,1,2,0,0,0,0,0,1,0,0,0,0,0,1,0,0,0,1,0,0,0,1,0,0
27,112298,9,4,4,52,0,4,2,3,28.4,24,2016,9,0.44,5.8,0,3,2,1,0,0,0,0,0,0,0,0,0,0,1,0,0,0,1,0,0,0,0,0,0
49,16961,3,0,4,53,0,5,3,4,46.4,15,2022,11,0.0,17.7,2,0,2,0,0,0,0,0,1,0,0,1,0,0,0,1,0,0,1,0,0,0,1,0,0
29,17439,2,0,3,32,1,1,4,0,49.9,8,2023,3,0.0,16.0,0,0,2,1,0,1,0,0,0,0,0,1,0,0,0,0,1,0,0,0,0,0,0,0,0
30,83205,2,2,3,50,1,5,2,3,28.0,5,2023,5,1.0,25.0,0,2,2,0,0,1,0,0,0,0,0,0,0,0,0,0,0,1,0,0,0,0,0,1,0
42,83870,5,3,4,30,0,4,2,1,48.8,7,2020,5,0.6,6.0,2,2,2,1,0,0,0,0,0,0,0,0,0,0,0,0,1,1,0,0,0,0,0,1,0
46,44588,2,1,3,0,0,4,1,5,36.8,7,2023,6,0.5,0.0,2,1,2,1,0,0,0,0,1,1,0,0,0,0,0,0,0,0,1,0,0,1,0,0,0
52,38942,3,1,3,32,1,4,2,3,47.5,30,2022,7,0.33,10.7,3,0,2,1,0,1,0,0,0,0,0,0,0,0,1,0,0,0,1,0,0,0,0,0,0
53,107105,9,2,5,14,1,5,4,1,10.7,28,2016,2,0.22,1.6,3,3,1,1,0,0,1,0,0,0,1,0,0,0,1,0,0,0,0,0,0,0,0,0,1
34,54981,2,2,2,0,0,5,2,0,39.9,3,2023,10,1.0,0.0,1,1,2,1,0,0,0,0,1,0,0,1,0,1,0,0,0,1,0,0,0,1,0,0,0
27,119132,5,2,4,38,1,3,1,4,35.0,10,2020,1,0.4,7.6,0,3,2,0,1,0,0,0,1,0,0,0,1,0,0,0,1,0,0,0,0,0,0,0,1
40,44259,8,5,2,3,0,5,2,2,19.3,15,2017,10,0.62,0.4,1,1,1,0,0,0,0,0,0,0,0,0,0,0,1,0,0,0,1,1,0,0,0,0,0
22,106794,6,5,1,5,0,1,1,2,38.0,9,2019,4,0.83,0.8,0,3,2,0,0,0,0,1,0,1,0,0,0,0,0,1,0,1,0,0,0,0,0,0,0
47,59182,10,7,5,24,0,3,2,0,45.6,13,2015,8,0.7,2.4,2,1,2,0,1,0,0,0,0,0,0,1,0,0,0,0,1,1,0,0,0,0,0,0,1
44,20016,3,2,2,59,1,5,4,4,21.8,27,2022,3,0.67,19.7,2,0,1,0,1,0,1,0,0,0,1,0,0,0,0,0,0,0,0,0,1,0,0,0,0
58,40495,3,3,5,55,0,3,4,0,47.2,0,2022,6,1.0,18.3,3,1,2,1,0,0,0,0,0,0,1,0,0,1,0,0,0,0,0,0,0,0,0,1,0
33,107943,7,0,2,33,1,5,1,5,47.6,8,2018,10,0.0,4.7,1,3,2,0,0,0,0,0,1,0,0,0,0,0,0,0,0,0,0,0,0,0,0,0,0
49,32460,2,1,5,16,0,1,2,4,21.2,5,2023,2,0.5,8.0,2,0,1,0,1,1,0,0,0,0,0,0,1,0,1,0,0,0,0,0,0,0,0,0,0
32,64342,1,0,4,2,1,3,4,2,10.7,13,2024,5,0.0,2.0,1,1,1,0,1,0,0,0,1,0,0,0,1,1,0,0,0,1,0,0,0,0,1,0,0
50,41839,8,6,3,59,1,5,1,4,20.1,4,2017,5,0.75,7.4,2,1,1,0,1,0,0,0,1,1,0,0,0,0,0,0,0,1,0,0,0,1,0,0,0
60,34990,3,3,5,21,1,5,2,0,41.7,1,2022,12,1.0,7.0,3,0,2,0,0,0,1,0,0,0,0,0,1,0,0,0,0,1,0,0,1,0,0,0,0
26,95754,4,2,1,47,1,4,2,2,31.9,5,2021,6,0.5,11.8,0,2,2,0,0,0,0,0,0,0,1,0,0,0,0,0,0,1,0,0,0,0,1,0,0
41,94886,8,0,3,15,0,3,1,4,39.7,13,2017,3,0.0,1.9,2,2,2,0,0,0,0,0,0,0,0,0,0,0,1,0,0,1,0,0,1,0,0,0,0
58,107085,4,4,4,15,1,1,3,1,20.1,17,2021,3,1.0,3.8,3,3,1,1,0,0,0,0,0,1,0,0,0,0,0,0,0,0,0,0,0,0,0,0,0
47,117662,6,0,4,38,0,1,4,5,10.2,17,2019,5,0.0,6.3,2,3,1,0,1,0,0,0,0,0,0,0,0,0,0,0,1,0,1,0,0,0,1,0,0
30,117098,5,0,2,38,0,5,1,2,16.0,7,2020,8,0.0,7.6,0,3,1,0,1,0,1,0,0,1,0,0,0,1,0,0,0,0,1,0,0,1,0,0,0
30,86846,8,2,2,38,1,1,2,2,25.3,9,2017,12,0.25,4.8,0,2,2,0,1,0,1,0,0,0,1,0,0,0,0,0,0,1,0,0,0,0,0,1,0
23,78855,10,7,1,23,0,5,3,2,49.3,25,2015,10,0.7,2.3,0,2,2,1,0,0,1,0,0,0,1,0,0,1,0,0,0,0,1,0,1,0,0,0,0
35,51014,8,7,3,52,1,4,3,5,23.6,15,2017,7,0.88,6.5,1,1,1,0,1,0,1,0,0,0,0,0,0,0,1,0,0,1,0,0,1,0,0,0,0
34,47468,5,3,3,23,0,4,4,0,36.8,11,2020,2,0.6,4.6,1,1,2,0,0,0,0,1,0,0,0,0,0,0,0,0,1,1,0,0,0,1,0,0,0
58,77428,6,4,2,32,0,2,3,4,2.3,6,2019,4,0.67,5.3,3,2,0,0,1,0,0,1,0,0,0,0,0,1,0,0,0,0,1,0,0,0,0,0,0
35,17836,4,0,5,16,0,5,3,0,22.6,3,2021,5,0.0,4.0,1,0,1,0,1,0,0,0,0,0,0,1,0,0,0,0,1,0,0,0,0,0,0,1,0
39,106729,8,1,1,14,1,4,1,3,49.2,14,2017,12,0.12,1.8,1,3,2,0,0,0,0,0,0,0,0,1,0,0,0,0,0,1,0,0,1,0,0,0,0
49,37262,3,1,4,23,1,2,2,3,11.9,17,2022,9,0.33,7.7,2,0,1,1,0,0,0,0,1,0,0,0,0,1,0,0,0,0,0,0,0,0,0,0,0
52,108845,4,0,3,25,1,5,2,5,44.0,7,2021,8,0.0,6.2,3,3,2,1,0,0,1,0,0,0,0,1,0,0,0,0,0,1,0,0,0,1,0,0,0
33,81814,4,1,5,13,0,1,2,1,9.1,4,2021,10,0.25,3.2,1,2,0,1,0,0,0,0,1,0,0,1,0,1,0,0,0,1,0,0,0,0,0,1,0
42,90558,8,4,4,39,1,1,4,0,13.8,26,2017,12,0.5,4.9,2,2,1,0,0,0,0,0,1,0,0,0,0,0,0,1,0,0,0,0,0,0,0,0,0
42,37523,8,6,1,19,0,5,2,0,16.6,17,2017,10,0.75,2.4,2,0,1,0,1,1,0,0,0,0,0,1,0,0,0,0,1,1,0,1,0,0,0,0,0
24,115116,3,3,4,45,1,2,2,2,24.0,6,2022,4,1.0,15.0,0,3,1,0,1,0,0,0,1,0,0,0,1,0,0,0,0,0,0,0,0,1,0,0,0
60,52361,9,4,4,40,0,4,2,3,17.6,1,2016,8,0.44,4.4,3,1,1,0,0,1,0,0,0,0,0,0,1,0,0,0,0,0,1,1,0,0,0,0,0
36,77304,2,0,3,54,0,4,1,5,36.9,2,2023,8,0.0,27.0,1,2,2,0,1,0,0,0,0,0,0,0,0,0,0,0,1,0,0,0,0,0,1,0,0
28,45381,6,6,3,9,1,2,4,3,13.4,14,2019,11,1.0,1.5,0,1,1,0,0,0,0,0,1,0,0,1,0,0,0,0,1,0,0,0,0,0,0,1,0
47,104026,5,4,4,55,1,3,4,1,28.2,7,2020,7,0.8,11.0,2,3,2,0,0,0,0,0,1,1,0,0,0,1,0,0,0,0,0,0,0,0,0,1,0
38,79499,8,5,3,46,1,3,1,2,28.7,16,2017,3,0.62,5.8,1,2,2,1,0,0,0,1,0,0,1,0,0,0,1,0,0,1,0,1,0,0,0,0,0
42,90427,9,8,3,53,0,3,1,1,36.5,15,2016,1,0.89,5.9,2,2,2,0,1,0,0,0,1,1,0,0,0,0,1,0,0,1,0,0,0,0,1,0,0
50,107118,3,3,1,45,0,4,4,2,26.5,13,2022,5,1.0,15.0,2,3,2,0,0,0,0,0,0,0,0,0,0,0,0,0,0,0,0,1,0,0,0,0,0
24,69680,6,1,5,55,1,4,4,4,32.0,24,2019,5,0.17,9.2,0,1,2,0,1,1,0,0,0,1,0,0,0,0,0,0,1,0,0,0,0,0,0,1,0
31,19486,1,1,4,36,0,3,4,3,2.1,6,2024,1,1.0,36.0,1,0,0,0,0,0,0,0,1,0,0,0,1,1,0,0,0,1,0,0,1,0,0,0,0
25,79875,7,4,3,17,0,3,1,4,46.7,22,2018,7,0.57,2.4,0,2,2,0,0,0,0,0,0,0,0,0,0,0,0,0,0,1,0,0,0,0,0,0,1
43,22498,7,5,4,50,0,3,3,5,1.8,23,2018,11,0.71,7.1,2,0,0,0,0,0,0,1,0,0,0,0,0,0,1,0,0,0,0,0,0,0,0,0,1
53,98858,4,1,5,31,0,4,2,0,10.4,4,2021,5,0.25,7.8,3,2,1,0,1,0,0,0,0,0,0,0,1,0,0,0,0,0,1,0,0,0,0,0,1
22,56906,9,9,3,28,0,3,4,2,22.8,3,2016,8,1.0,3.1,0,1,1,1,0,0,1,0,0,0,0,0,1,0,0,0,1,1,0,0,1,0,0,0,0
32,62127,2,1,4,19,1,5,2,0,25.2,23,2023,4,0.5,9.5,1,1,2,0,0,0,1,0,0,0,0,0,0,0,0,1,0,0,0,0,0,0,0,0,1
57,102302,2,1,5,56,0,1,3,4,1.8,27,2023,1,0.5,28.0,3,3,0,0,0,0,1,0,0,0,0,0,0,0,0,1,0,1,0,0,0,1,0,0,0
25,116649,6,1,3,52,0,5,3,4,33.2,27,2019,8,0.17,8.7,0,3,2,1,0,0,1,0,0,0,0,0,0,0,1,0,0,0,0,0,0,0,0,1,0
23,116196,2,1,5,3,1,3,1,5,24.7,19,2023,6,0.5,1.5,0,3,1,0,0,0,1,0,0,0,0,0,0,1,0,0,0,0,0,0,0,0,0,0,1
45,117581,7,5,1,3,1,1,3,5,49.9,9,2018,7,0.71,0.4,2,3,2,1,0,0,0,1,0,0,0,1,0,0,0,0,0,0,0,0,1,0,0,0,0
45,68217,8,3,4,55,1,4,2,5,43.0,9,2017,10,0.38,6.9,2,1,2,0,0,0,1,0,0,0,0,0,0,0,0,0,0,0,0,0,1,0,0,0,0
31,97941,5,5,2,10,1,4,1,1,23.0,28,2020,6,1.0,2.0,1,2,1,0,1,0,0,0,1,0,0,0,1,0,0,1,0,0,0,1,0,0,0,0,0
28,38970,3,2,1,27,1,5,3,2,32.7,25,2022,9,0.67,9.0,0,0,2,0,0,0,0,1,0,0,0,0,1,0,1,0,0,0,1,0,0,0,0,0,0
38,37385,3,3,3,6,0,3,1,0,9.1,2,2022,1,1.0,2.0,1,0,0,0,0,0,0,0,0,0,0,0,0,0,1,0,0,1,0,0,0,0,0,0,1
49,63601,3,3,3,55,1,2,4,3,33.6,26,2022,3,1.0,18.3,2,1,2,0,0,0,1,0,0,0,1,0,0,1,0,0,0,0,1,1,0,0,0,0,0
23,112560,10,5,3,34,0,5,1,0,49.8,21,2015,7,0.5,3.4,0,3,2,0,1,0,0,0,1,0,1,0,0,0,0,0,1,0,0,0,0,0,0,0,1
25,45365,2,0,5,0,1,3,2,2,22.7,19,2023,9,0.0,0.0,0,1,1,0,0,0,0,0,1,0,0,1,0,1,0,0,0,0,1,0,0,0,0,1,0
29,95985,4,2,1,20,0,3,4,1,5.1,16,2021,3,0.5,5.0,0,2,0,0,0,0,1,0,0,0,0,1,0,0,0,1,0,0,1,0,0,1,0,0,0
54,97419,10,4,1,27,1,1,1,2,37.6,6,2015,7,0.4,2.7,3,2,2,0,0,0,0,1,0,0,0,0,0,0,0,0,0,1,0,0,0,0,0,1,0
54,107251,2,1,2,20,0,2,3,1,8.2,14,2023,7,0.5,10.0,3,3,0,1,0,0,0,0,0,0,0,1,0,0,0,0,1,1,0,0,0,0,0,1,0
46,62939,8,2,1,2,0,5,2,2,43.1,12,2017,9,0.25,0.2,2,1,2,0,0,0,0,0,0,0,0,0,0,0,1,0,0,1,0,0,1,0,0,0,0
40,117435,8,7,3,14,0,2,3,2,10.3,2,2017,6,0.88,1.8,1,3,1,0,0,0,0,1,0,0,1,0,0,0,0,1,0,0,1,1,0,0,0,0,0
37,103265,8,0,4,30,1,5,4,2,30.5,3,2017,1,0.0,3.8,1,3,2,1,0,0,0,0,1,0,1,0,0,0,0,0,0,0,1,0,0,0,0,0,0
22,40665,3,0,5,21,0,1,2,2,1.6,4,2022,4,0.0,7.0,0,1,0,0,1,0,0,0,0,0,1,0,0,0,0,1,0,0,0,0,0,1,0,0,0
37,30952,8,3,3,19,1,3,4,4,40.5,23,2017,6,0.38,2.4,1,0,2,1,0,1,0,0,0,1,0,0,0,0,1,0,0,1,0,1,0,0,0,0,0
45,55544,5,5,1,26,0,5,2,3,15.3,29,2020,2,1.0,5.2,2,1,1,0,0,0,0,0,0,1,0,0,0,0,1,0,0,0,0,0,0,0,1,0,0
51,52170,7,7,1,27,1,4,4,4,7.2,3,2018,8,1.0,3.9,3,1,0,0,0,0,0,0,0,0,0,0,0,1,0,0,0,0,1,1,0,0,0,0,0
43,111466,10,6,5,30,0,2,4,4,4.1,21,2015,12,0.6,3.0,2,3,0,0,1,0,1,0,0,0,0,0,1,0,0,1,0,0,1,0,0,0,0,1,0
40,32032,2,2,5,33,1,1,3,2,31.1,27,2023,3,1.0,16.5,1,0,2,1,0,1,0,0,0,0,0,0,1,1,0,0,0,0,1,0,0,0,0,0,0
53,85204,4,2,3,40,1,1,1,5,18.5,14,2021,3,0.5,10.0,3,2,1,0,0,1,0,0,0,1,0,0,0,0,1,0,0,0,1,0,1,0,0,0,0
54,112598,7,4,3,52,1,3,4,3,21.4,12,2018,8,0.57,7.4,3,3,1,1,0,0,0,1,0,0,0,1,0,1,0,0,0,0,0,0,0,0,1,0,0
34,49829,6,3,4,10,1,2,4,3,30.4,8,2019,7,0.5,1.7,1,1,2,1,0,1,0,0,0,0,0,0,0,1,0,0,0,1,0,0,0,0,0,0,0
41,86427,2,0,4,34,0,1,2,3,44.0,5,2023,10,0.0,17.0,2,2,2,0,0,1,0,0,0,1,0,0,0,0,0,1,0,0,1,0,0,0,0,0,1
50,74951,4,2,1,15,1,2,3,2,38.1,30,2021,9,0.5,3.8,2,2,2,1,0,1,0,0,0,1,0,0,0,0,0,0,1,0,0,1,0,0,0,0,0
35,83433,5,4,5,52,0,2,2,4,38.9,9,2020,8,0.8,10.4,1,2,2,1,0,1,0,0,0,0,0,1,0,1,0,0,0,1,0,0,0,0,0,0,1
32,71911,2,0,2,37,0,3,2,3,8.0,22,2023,4,0.0,18.5,1,2,0,0,0,1,0,0,0,0,0,1,0,0,0,0,1,1,0,0,0,0,0,0,0
33,72981,10,6,2,1,1,4,3,5,4.7,17,2015,10,0.6,0.1,1,2,0,0,1,0,0,0,0,0,1,0,0,0,0,0,1,0,0,0,0,0,0,0,0
50,71871,1,1,2,28,1,2,1,1,27.4,29,2024,5,1.0,28.0,2,2,2,0,1,0,1,0,0,1,0,0,0,0,0,0,0,0,0,1,0,0,0,0,0
28,38684,5,3,5,50,1,2,1,0,34.5,7,2020,2,0.6,10.0,0,0,2,0,1,1,0,0,0,0,0,0,1,1,0,0,0,1,0,0,0,0,0,1,0
58,115849,8,2,2,6,1,2,3,2,37.7,10,2017,5,0.25,0.8,3,3,2,0,1,0,0,0,0,0,0,0,1,0,0,0,0,0,1,0,0,0,1,0,0
38,47588,4,4,3,57,0,2,3,4,24.7,19,2021,6,1.0,14.2,1,1,1,0,0,0,0,1,0,0,0,1,0,0,1,0,0,0,0,0,0,0,1,0,0
41,96548,9,8,4,6,1,1,3,1,34.1,17,2016,6,0.89,0.7,2,2,2,0,1,0,0,0,0,0,0,0,1,1,0,0,0,1,0,0,0,0,0,0,1
57,95544,2,2,1,43,1,5,4,0,20.4,1,2023,12,1.0,21.5,3,2,1,1,0,0,0,0,1,0,0,0,1,0,0,0,1,1,0,1,0,0,0,0,0
33,65619,5,3,4,57,0,1,3,0,16.7,6,2020,10,0.6,11.4,1,1,1,0,0,0,0,0,1,0,0,0,1,0,0,0,0,1,0,0,1,0,0,0,0
52,65031,4,3,5,45,1,4,4,5,35.1,25,2021,9,0.75,11.2,3,1,2,1,0,0,0,0,0,0,1,0,0,0,1,0,0,0,1,1,0,0,0,0,0
26,74915,2,0,4,19,1,3,2,5,12.9,24,2023,9,0.0,9.5,0,2,1,1,0,0,0,0,0,0,0,0,0,0,0,0,0,1,0,0,0,1,0,0,0
42,79261,8,2,1,58,1,3,2,0,21.6,2,2017,12,0.25,7.2,2,2,1,0,0,0,0,0,1,0,1,0,0,0,0,1,0,0,0,0,0,0,0,1,0
56,87788,9,7,1,12,0,1,1,2,23.1,19,2016,9,0.78,1.3,3,2,1,0,1,0,0,0,0,0,0,0,1,1,0,0,0,0,1,0,0,0,0,0,0
56,89797,5,5,1,43,0,2,1,2,2.2,14,2020,12,1.0,8.6,3,2,0,1,0,1,0,0,0,0,0,0,0,0,0,0,0,1,0,1,0,0,0,0,0
25,43051,2,1,5,47,1,2,3,5,21.3,20,2023,8,0.5,23.5,0,1,1,0,0,1,0,0,0,0,0,0,1,0,0,0,1,0,1,0,0,0,0,0,0
56,86111,9,8,4,25,1,5,3,0,19.9,22,2016,8,0.89,2.8,3,2,1,1,0,0,0,0,0,0,0,1,0,0,0,0,1,0,1,0,0,0,0,1,0
56,85702,6,6,3,33,1,2,1,0,48.5,26,2019,2,1.0,5.5,3,2,2,0,1,0,0,1,0,1,0,0,0,0,0,0,0,0,0,1,0,0,0,0,0
57,55047,2,0,3,28,0,4,2,4,7.7,30,2023,10,0.0,14.0,3,1,0,0,1,0,0,0,0,0,0,0,0,0,0,0,0,0,1,0,1,0,0,0,0
48,63387,8,3,2,10,1,4,3,2,4.1,27,2017,2,0.38,1.2,2,1,0,0,0,0,0,0,1,0,0,0,1,0,0,0,1,0,1,0,0,0,0,0,1
34,39371,2,1,1,25,0,2,2,1,10.5,21,2023,12,0.5,12.5,1,0,1,1,0,0,0,0,0,0,0,0,0,1,0,0,0,1,0,0,1,0,0,0,0
25,101250,6,0,4,44,1,1,1,5,1.2,27,2019,8,0.0,7.3,0,3,0,1,0,0,0,1,0,0,0,0,1,1,0,0,0,0,1,0,0,0,0,0,0
53,65498,4,2,3,6,1,5,4,0,24.2,6,2021,7,0.5,1.5,3,1,1,0,0,0,0,1,0,1,0,0,0,1,0,0,0,0,1,0,0,0,1,0,0
39,104331,9,4,4,6,1,5,4,0,48.9,23,2016,11,0.44,0.7,1,3,2,0,1,0,0,0,0,0,0,1,0,1,0,0,0,0,1,0,0,0,0,1,0
44,84948,2,2,5,40,0,4,2,3,11.5,17,2023,4,1.0,20.0,2,2,1,0,1,0,0,0,0,0,0,0,1,0,0,1,0,0,1,1,0,0,0,0,0
45,52735,1,0,4,28,0,4,3,3,43.7,22,2024,2,0.0,28.0,2,1,2,1,0,0,0,1,0,0,0,0,1,1,0,0,0,1,0,0,0,1,0,0,0
42,53537,7,1,2,16,1,4,3,3,41.8,26,2018,5,0.14,2.3,2,1,2,0,1,0,0,0,0,0,0,1,0,0,1,0,0,0,1,0,0,0,0,0,0
41,102474,2,1,2,22,1,5,2,5,49.6,5,2023,10,0.5,11.0,2,3,2,0,1,1,0,0,0,1,0,0,0,0,0,0,0,0,0,1,0,0,0,0,0
30,16766,3,2,4,30,1,2,2,1,16.9,3,2022,2,0.67,10.0,0,0,1,0,1,0,0,0,0,0,0,1,0,0,0,1,0,0,0,0,1,0,0,0,0
55,54028,6,2,2,16,1,5,3,2,3.3,18,2019,12,0.33,2.7,3,1,0,0,1,0,0,0,0,0,0,0,1,0,1,0,0,1,0,0,0,0,1,0,0
56,88853,10,1,2,32,0,4,3,3,5.4,22,2015,11,0.1,3.2,3,2,0,1,0,0,1,0,0,0,0,0,0,0,0,0,0,1,0,0,1,0,0,0,0
56,16459,4,0,1,34,1,2,4,5,15.9,6,2021,10,0.0,8.5,3,0,1,0,0,0,0,0,0,0,0,0,1,0,0,1,0,0,1,0,0,1,0,0,0
41,90664,3,1,1,14,1,4,3,4,40.2,5,2022,10,0.33,4.7,2,2,2,0,0,1,0,0,0,0,0,0,1,0,0,0,1,0,1,0,0,0,1,0,0
50,109364,8,2,5,58,1,2,4,4,45.2,27,2017,1,0.25,7.2,2,3,2,1,0,0,0,0,0,0,1,0,0,0,0,1,0,0,1,0,0,0,0,0,1
28,16865,1,0,3,45,1,3,4,0,21.7,25,2024,4,0.0,45.0,0,0,1,0,1,0,0,1,0,0,0,0,1,1,0,0,0,0,0,1,0,0,0,0,0
32,82884,2,1,2,11,1,5,4,0,18.3,15,2023,8,0.5,5.5,1,2,1,0,0,0,0,1,0,0,0,1,0,1,0,0,0,0,1,0,0,1,0,0,0
57,114598,7,5,2,44,1,5,4,4,45.5,10,2018,8,0.71,6.3,3,3,2,1,0,0,1,0,0,0,0,1,0,1,0,0,0,1,0,1,0,0,0,0,0
22,75462,7,4,2,6,1,4,4,0,35.0,30,2018,7,0.57,0.9,0,2,2,0,0,0,0,0,1,0,1,0,0,0,0,1,0,0,1,0,0,0,1,0,0
25,84538,8,5,5,38,1,4,3,2,1.9,6,2017,10,0.62,4.8,0,2,0,0,1,0,1,0,0,0,0,1,0,0,1,0,0,0,1,0,0,0,0,0,1
60,110500,4,3,1,24,0,1,1,1,8.9,14,2021,11,0.75,6.0,3,3,0,0,0,0,0,0,0,1,0,0,0,0,0,0,1,0,1,0,0,1,0,0,0
31,58047,6,4,3,44,1,2,3,3,32.3,23,2019,5,0.67,7.3,1,1,2,1,0,0,0,0,1,0,0,1,0,0,0,0,0,0,1,0,0,0,1,0,0
42,67792,4,3,5,8,1,3,2,2,3.9,24,2021,3,0.75,2.0,2,1,0,0,0,0,0,0,1,0,0,0,1,0,0,1,0,1,0,0,1,0,0,0,0
33,61256,4,4,1,42,0,3,3,5,8.9,5,2021,3,1.0,10.5,1,1,0,0,0,1,0,0,0,0,0,1,0,1,0,0,0,0,1,0,0,0,0,0,0
32,72510,1,1,5,16,1,2,3,5,41.6,30,2024,1,1.0,16.0,1,2,2,0,1,0,0,0,0,0,1,0,0,0,1,0,0,0,0,0,0,1,0,0,0
60,36378,2,2,3,7,1,3,2,4,44.0,25,2023,6,1.0,3.5,3,0,2,1,0,0,1,0,0,0,1,0,0,1,0,0,0,0,0,0,0,1,0,0,0
53,79480,5,3,4,17,0,1,2,1,16.8,25,2020,7,0.6,3.4,3,2,1,0,0,1,0,0,0,0,0,0,1,0,1,0,0,1,0,0,1,0,0,0,0
44,63650,2,1,4,44,0,4,2,3,47.6,6,2023,12,0.5,22.0,2,1,2,0,1,0,1,0,0,0,0,0,1,0,0,0,1,1,0,0,0,1,0,0,0
40,57394,1,0,1,12,0,3,3,1,2.6,1,2024,5,0.0,12.0,1,1,0,1,0,1,0,0,0,1,0,0,0,0,0,0,1,0,0,0,0,0,0,0,0
52,58967,4,3,2,0,0,5,1,4,40.3,9,2021,12,0.75,0.0,3,1,2,0,1,1,0,0,0,0,0,1,0,0,0,1,0,0,0,0,1,0,0,0,0
44,65391,9,2,3,28,0,3,3,2,28.4,22,2016,4,0.22,3.1,2,1,2,0,1,0,0,1,0,0,0,0,1,0,0,0,1,0,1,0,0,0,0,0,1
26,23185,6,6,5,32,0,2,3,1,23.0,18,2019,7,1.0,5.3,0,0,1,0,0,0,0,0,1,0,0,0,1,1,0,0,0,1,0,1,0,0,0,0,0
48,95292,6,4,2,26,1,5,3,1,20.3,2,2019,6,0.67,4.3,2,2,1,1,0,0,0,0,0,0,0,0,0,0,0,0,0,1,0,0,0,1,0,0,0
29,19506,2,0,1,51,0,3,2,5,35.9,10,2023,2,0.0,25.5,0,0,2,0,1,0,0,1,0,1,0,0,0,0,0,0,0,0,0,0,0,0,0,0,1
42,105356,7,3,3,37,1,2,1,0,37.3,8,2018,9,0.43,5.3,2,3,2,0,0,0,0,0,0,0,0,0,1,0,0,0,0,0,0,0,0,1,0,0,0
38,115964,7,6,1,46,0,4,1,5,31.6,9,2018,1,0.86,6.6,1,3,2,0,1,0,1,0,0,0,0,0,0,1,0,0,0,0,1,0,0,0,1,0,0
41,47159,2,2,3,59,0,1,4,0,38.0,10,2023,5,1.0,29.5,2,1,2,1,0,0,1,0,0,0,0,1,0,0,0,0,0,1,0,1,0,0,0,0,0
60,26006,4,0,2,20,0,3,2,3,48.8,16,2021,3,0.0,5.0,3,0,2,1,0,0,1,0,0,0,0,1,0,0,0,1,0,1,0,0,0,0,0,0,1
55,36570,5,1,1,46,0,2,1,1,1.8,19,2020,8,0.2,9.2,3,0,0,1,0,0,0,0,0,0,0,0,0,0,0,1,0,0,1,0,0,1,0,0,0
27,24134,10,10,2,23,1,1,3,4,21.4,25,2015,12,1.0,2.3,0,0,1,0,1,0,0,0,1,0,0,0,1,0,0,0,1,0,1,0,0,0,1,0,0
33,76622,8,7,1,8,0,3,2,3,34.9,20,2017,8,0.88,1.0,1,2,2,0,0,0,0,1,0,1,0,0,0,1,0,0,0,0,1,1,0,0,0,0,0
27,94481,3,0,2,14,1,3,4,5,4.8,16,2022,4,0.0,4.7,0,2,0,1,0,0,0,0,0,0,0,0,1,1,0,0,0,0,0,0,0,0,0,1,0
41,23879,5,2,4,9,0,5,1,3,20.2,22,2020,8,0.4,1.8,2,0,1,0,1,0,1,0,0,0,1,0,0,0,1,0,0,0,1,0,0,0,0,0,0
36,86437,4,4,5,57,1,5,1,2,43.8,28,2021,11,1.0,14.2,1,2,2,0,0,0,1,0,0,0,0,0,1,0,0,1,0,0,1,0,0,0,0,1,0
34,84008,2,2,1,60,1,4,3,0,33.8,2,2023,9,1.0,30.0,1,2,2,0,0,0,0,0,1,0,0,0,0,0,0,0,0,0,1,0,0,0,0,0,1
22,114805,9,8,4,19,1,3,4,4,5.9,25,2016,12,0.89,2.1,0,3,0,0,0,0,0,1,0,1,0,0,0,0,0,1,0,0,1,0,0,0,0,1,0
34,110720,7,5,4,47,0,1,3,2,47.8,10,2018,11,0.71,6.7,1,3,2,1,0,0,0,1,0,0,0,0,1,0,0,0,0,0,0,0,0,0,0,0,1
52,99915,5,0,5,12,1,4,2,5,14.4,25,2020,6,0.0,2.4,3,2,1,0,1,0,0,0,1,0,0,0,1,1,0,0,0,1,0,0,0,0,0,0,1
26,47257,5,3,1,7,0,5,4,5,49.4,16,2020,2,0.6,1.4,0,1,2,0,1,0,0,0,0,0,0,0,1,0,0,0,1,0,0,1,0,0,0,0,0
45,88104,4,1,2,23,0,2,3,2,49.8,9,2021,9,0.25,5.8,2,2,2,0,1,0,1,0,0,0,0,0,1,1,0,0,0,1,0,0,0,0,0,1,0
42,52091,4,3,3,16,1,3,4,0,45.4,4,2021,6,0.75,4.0,2,1,2,1,0,1,0,0,0,0,0,1,0,0,0,1,0,0,1,0,0,1,0,0,0
27,39386,2,2,3,39,1,3,3,4,11.0,8,2023,6,1.0,19.5,0,0,1,0,1,1,0,0,0,0,0,0,0,1,0,0,0,1,0,0,0,1,0,0,0
22,85484,5,1,5,15,1,4,3,3,37.0,6,2020,6,0.2,3.0,0,2,2,1,0,0,1,0,0,0,0,0,0,0,1,0,0,1,0,0,0,0,0,0,0
33,20490,3,0,5,3,1,1,4,4,47.4,1,2022,7,0.0,1.0,1,0,2,0,1,0,0,0,1,0,0,0,1,1,0,0,0,1,0,0,0,0,1,0,0
49,116275,8,8,1,41,0,5,1,3,42.4,19,2017,7,1.0,5.1,2,3,2,0,0,0,0,0,0,1,0,0,0,1,0,0,0,0,0,0,0,0,0,1,0
35,23071,9,8,2,58,1,3,1,0,43.6,11,2016,4,0.89,6.4,1,0,2,0,0,0,0,0,1,0,0,0,0,0,0,0,0,0,0,0,0,0,1,0,0
46,21872,3,2,1,33,1,2,3,4,13.5,25,2022,8,0.67,11.0,2,0,1,0,1,0,1,0,0,0,0,1,0,0,0,1,0,0,0,0,0,0,0,0,0
25,96647,1,1,2,15,1,2,2,4,12.9,23,2024,1,1.0,15.0,0,2,1,0,0,0,0,1,0,0,0,0,1,0,0,0,1,0,0,0,1,0,0,0,0
54,96617,6,4,3,10,1,3,4,1,25.4,10,2019,11,0.67,1.7,3,2,2,0,0,1,0,0,0,0,0,0,1,0,0,1,0,1,0,0,1,0,0,0,0
35,39671,7,6,3,4,1,4,3,4,27.0,3,2018,12,0.86,0.6,1,0,2,0,0,1,0,0,0,0,0,0,1,0,0,0,1,0,1,1,0,0,0,0,0
27,78933,6,1,5,31,1,4,1,4,6.7,30,2019,8,0.17,5.2,0,2,0,0,1,0,0,0,0,0,1,0,0,0,0,0,0,1,0,1,0,0,0,0,0
38,96218,6,0,4,12,1,2,2,2,11.6,7,2019,6,0.0,2.0,1,2,1,0,1,0,0,0,1,0,1,0,0,0,1,0,0,0,0,0,0,0,0,0,1
22,110688,5,1,4,30,0,4,3,0,37.7,11,2020,8,0.2,6.0,0,3,2,0,0,0,0,1,0,1,0,0,0,0,0,1,0,0,1,0,1,0,0,0,0
57,72421,7,0,2,21,0,3,2,1,26.8,6,2018,12,0.0,3.0,3,2,2,0,1,0,0,0,0,0,0,0,1,0,0,1,0,0,1,0,0,0,0,1,0
34,36571,2,1,4,6,0,3,1,2,32.8,29,2023,2,0.5,3.0,1,0,2,1,0,0,1,0,0,0,1,0,0,0,0,1,0,0,0,0,0,1,0,0,0
28,51926,1,0,4,19,0,4,2,5,18.3,21,2024,2,0.0,19.0,0,1,1,0,1,0,0,0,0,0,0,0,1,0,0,0,0,0,1,0,0,0,0,0,0
53,63829,2,0,1,58,0,4,3,5,11.2,20,2023,6,0.0,29.0,3,1,1,1,0,0,0,0,0,0,0,0,1,0,0,0,0,1,0,0,0,0,1,0,0
43,111094,8,2,2,14,1,1,3,4,47.4,2,2017,4,0.25,1.8,2,3,2,0,1,0,0,1,0,0,0,0,1,0,0,0,1,0,0,0,0,0,0,0,1
54,70346,2,2,3,60,0,1,2,1,39.3,4,2023,10,1.0,30.0,3,2,2,0,1,0,0,0,0,1,0,0,0,0,0,0,1,0,0,0,1,0,0,0,0
37,110999,9,7,1,31,0,4,3,5,49.1,0,2016,8,0.78,3.4,1,3,2,1,0,0,0,0,0,0,1,0,0,0,0,1,0,0,1,0,0,0,0,0,0
58,36245,5,4,2,47,1,2,1,1,29.2,7,2020,9,0.8,9.4,3,0,2,1,0,0,0,1,0,0,0,1,0,0,1,0,0,0,1,0,0,1,0,0,0
57,35043,10,0,2,25,1,2,3,1,26.2,9,2015,9,0.0,2.5,3,0,2,0,1,0,1,0,0,0,0,0,0,0,1,0,0,0,0,0,0,1,0,0,0
55,94021,6,1,2,31,1,5,1,2,28.0,8,2019,1,0.17,5.2,3,2,2,1,0,1,0,0,0,1,0,0,0,0,0,0,0,1,0,0,0,0,0,1,0
47,58097,9,0,1,21,0,2,3,5,19.5,9,2016,10,0.0,2.3,2,1,1,1,0,0,1,0,0,1,0,0,0,0,0,0,0,0,1,0,0,0,0,1,0
60,81868,3,3,2,25,0,4,1,1,9.0,2,2022,11,1.0,8.3,3,2,0,1,0,0,1,0,0,0,0,1,0,0,0,0,1,0,0,0,0,0,0,0,0
56,118340,5,4,4,45,0,3,4,3,49.6,12,2020,7,0.8,9.0,3,3,2,0,1,0,0,0,1,1,0,0,0,0,0,0,1,1,0,0,0,0,1,0,0
58,88427,1,1,4,6,1,5,4,4,43.7,15,2024,2,1.0,6.0,3,2,2,1,0,0,1,0,0,0,0,0,0,0,0,0,0,1,0,0,0,0,1,0,0
59,69012,8,4,1,21,1,4,2,0,33.1,1,2017,2,0.5,2.6,3,1,2,0,1,0,0,1,0,0,0,1,0,0,0,0,0,1,0,0,0,0,0,0,0
56,58204,5,4,2,10,1,5,4,5,34.7,18,2020,1,0.8,2.0,3,1,2,1,0,0,0,0,1,0,0,0,0,1,0,0,0,0,1,0,1,0,0,0,0
49,18044,6,4,1,6,1,2,1,3,5.5,27,2019,10,0.67,1.0,2,0,0,0,0,0,0,0,1,0,0,0,0,1,0,0,0,0,1,0,0,0,1,0,0
36,49372,6,0,3,29,0,4,1,2,38.7,15,2019,2,0.0,4.8,1,1,2,0,1,1,0,0,0,0,0,0,0,0,0,0,1,1,0,0,0,0,0,0,0
59,43064,3,0,4,17,0,2,4,1,14.7,2,2022,3,0.0,5.7,3,1,1,0,1,0,0,0,0,0,0,1,0,1,0,0,0,1,0,0,0,0,0,1,0
43,104536,5,5,5,10,0,4,1,0,19.5,9,2020,12,1.0,2.0,2,3,1,0,0,0,0,1,0,0,0,0,0,0,0,0,1,1,0,0,0,0,0,0,1
53,42876,9,1,5,58,0,1,4,5,6.4,14,2016,1,0.11,6.4,3,1,0,0,0,0,1,0,0,0,0,1,0,0,0,0,0,0,0,0,0,1,0,0,0
30,95083,5,1,2,5,1,3,4,2,4.8,30,2020,10,0.2,1.0,0,2,0,0,0,0,0,1,0,0,1,0,0,0,0,0,0,0,0,0,0,0,1,0,0
23,109240,6,2,4,3,1,3,2,2,16.2,18,2019,9,0.33,0.5,0,3,1,0,0,1,0,0,0,0,0,0,0,0,1,0,0,0,1,0,1,0,0,0,0
57,112977,9,0,2,10,1,2,3,3,22.5,19,2016,10,0.0,1.1,3,3,1,0,0,0,1,0,0,0,0,1,0,0,0,0,1,0,0,0,0,0,1,0,0
29,60500,7,7,5,42,0,3,4,3,3.7,23,2018,1,1.0,6.0,0,1,0,0,0,0,0,0,0,0,1,0,0,0,0,0,0,1,0,0,1,0,0,0,0
34,85047,9,0,3,38,1,1,4,1,16.6,28,2016,1,0.0,4.2,1,2,1,1,0,1,0,0,0,0,1,0,0,0,0,0,0,1,0,1,0,0,0,0,0
24,74808,8,4,2,6,1,5,1,5,27.0,27,2017,3,0.5,0.8,0,2,2,0,1,1,0,0,0,0,0,1,0,0,0,0,0,1,0,0,0,0,1,0,0
59,93712,5,0,1,20,1,1,3,1,14.2,15,2020,10,0.0,4.0,3,2,1,1,0,0,0,0,0,0,1,0,0,0,0,1,0,0,0,0,0,0,0,0,1
30,26699,3,3,3,50,0,1,2,4,37.3,16,2022,8,1.0,16.7,0,0,2,0,1,0,0,0,1,0,0,0,0,0,0,1,0,0,0,0,1,0,0,0,0
25,33725,4,2,2,14,1,5,3,2,33.3,30,2021,2,0.5,3.5,0,0,2,0,1,1,0,0,0,1,0,0,0,0,1,0,0,0,1,0,0,0,0,1,0
58,23185,7,4,4,36,0,2,1,3,9.1,16,2018,7,0.57,5.1,3,0,0,0,1,0,0,0,0,0,1,0,0,0,0,0,0,0,1,0,1,0,0,0,0
27,59869,7,0,1,28,1,5,4,3,20.0,8,2018,5,0.0,4.0,0,1,1,0,0,0,0,0,0,0,0,0,1,0,0,1,0,0,1,1,0,0,0,0,0
40,85410,8,4,4,35,0,3,1,3,40.1,20,2017,9,0.5,4.4,1,2,2,1,0,0,0,0,1,0,0,0,1,1,0,0,0,0,0,0,0,0,0,0,1
57,107660,5,3,5,55,0,5,4,5,43.9,10,2020,12,0.6,11.0,3,3,2,1,0,0,0,0,0,0,0,0,1,0,0,1,0,0,0,0,0,0,0,0,1
29,109150,8,6,5,5,0,4,1,0,13.9,17,2017,7,0.75,0.6,0,3,1,0,1,0,1,0,0,0,0,0,0,0,0,1,0,0,0,0,0,0,1,0,0
43,16927,9,5,4,3,1,4,2,5,9.0,29,2016,1,0.56,0.3,2,0,0,0,0,0,1,0,0,0,0,0,1,0,1,0,0,0,1,0,0,0,1,0,0
52,56342,6,5,5,47,0,5,1,2,7.5,0,2019,8,0.83,7.8,3,1,0,0,1,0,1,0,0,0,0,0,0,0,0,1,0,0,0,0,0,0,0,0,0
49,85520,8,6,5,16,1,2,3,1,19.9,2,2017,5,0.75,2.0,2,2,1,1,0,0,0,0,0,0,0,0,1,0,1,0,0,0,0,0,0,1,0,0,0
33,57234,3,3,5,33,1,5,4,0,36.4,10,2022,7,1.0,11.0,1,1,2,0,0,1,0,0,0,0,0,0,1,0,1,0,0,0,0,0,0,0,0,0,1
43,15816,2,0,1,47,1,5,3,4,25.5,15,2023,9,0.0,23.5,2,0,2,1,0,0,0,0,1,0,0,0,1,0,0,1,0,0,1,1,0,0,0,0,0
35,103293,4,3,2,1,0,4,4,4,33.3,22,2021,9,0.75,0.2,1,3,2,0,0,0,0,1,0,1,0,0,0,1,0,0,0,1,0,0,0,0,1,0,0
34,115994,8,0,1,34,1,3,4,4,4.8,7,2017,9,0.0,4.2,1,3,0,0,0,0,0,0,1,0,0,1,0,0,0,0,0,1,0,0,0,1,0,0,0
31,77928,6,3,5,41,1,4,4,4,4.1,9,2019,7,0.5,6.8,1,2,0,1,0,0,0,1,0,0,1,0,0,0,0,1,0,0,1,0,1,0,0,0,0
35,99421,8,8,5,5,1,3,2,1,20.6,5,2017,6,1.0,0.6,1,2,1,1,0,0,0,0,1,0,0,0,1,0,0,0,0,1,0,0,0,1,0,0,0
49,69115,9,1,4,9,0,5,1,2,14.2,2,2016,7,0.11,1.0,2,1,1,0,1,0,0,0,1,0,1,0,0,0,0,0,1,0,0,0,0,0,0,0,0
56,64837,8,4,1,13,0,3,2,5,2.1,28,2017,8,0.5,1.6,3,1,0,1,0,1,0,0,0,0,0,0,1,0,0,1,0,1,0,0,0,0,0,1,0
38,107626,7,1,2,50,1,1,3,2,41.8,16,2018,3,0.14,7.1,1,3,2,0,1,0,0,1,0,1,0,0,0,1,0,0,0,0,1,0,0,0,0,0,1
26,30114,4,2,3,45,1,4,4,3,7.9,7,2021,4,0.5,11.2,0,0,0,0,0,0,0,0,1,1,0,0,0,0,0,0,1,0,1,1,0,0,0,0,0
25,17844,9,1,1,43,0,2,4,4,12.9,7,2016,10,0.11,4.8,0,0,1,0,0,0,1,0,0,1,0,0,0,0,0,0,0,1,0,0,0,0,0,1,0
37,42796,10,10,1,36,0,2,3,4,19.9,12,2015,8,1.0,3.6,1,1,1,0,0,1,0,0,0,0,1,0,0,0,0,1,0,1,0,0,1,0,0,0,0
45,73769,8,3,4,11,1,1,2,5,36.0,17,2017,4,0.38,1.4,2,2,2,1,0,0,1,0,0,0,1,0,0,0,0,0,1,0,1,0,0,0,0,0,0
50,17074,6,3,2,6,0,3,1,1,27.2,9,2019,12,0.5,1.0,2,0,2,0,1,0,0,1,0,0,0,0,1,0,1,0,0,1,0,0,0,0,0,0,0
40,81297,10,9,1,59,0,1,4,0,16.8,21,2015,11,0.9,5.9,1,2,1,1,0,0,1,0,0,1,0,0,0,0,0,0,1,1,0,0,0,0,0,0,1
40,95160,2,0,5,14,1,5,4,1,42.1,6,2023,10,0.0,7.0,1,2,2,0,0,0,1,0,0,0,1,0,0,0,0,1,0,0,1,0,0,0,0,1,0
56,68986,3,3,2,11,0,3,1,0,2.9,25,2022,2,1.0,3.7,3,1,0,0,1,0,1,0,0,0,1,0,0,0,0,0,1,0,1,0,0,0,0,1,0
37,91117,5,1,3,54,0,2,4,2,6.6,2,2020,2,0.2,10.8,1,2,0,0,1,0,1,0,0,0,1,0,0,0,0,1,0,0,0,0,1,0,0,0,0
22,28232,7,4,4,59,0,5,1,0,8.7,15,2018,3,0.57,8.4,0,0,0,0,0,0,0,0,0,0,0,0,0,1,0,0,0,0,0,0,1,0,0,0,0
56,91917,5,2,4,8,1,1,2,5,29.4,9,2020,1,0.4,1.6,3,2,2,0,0,0,0,0,1,0,0,0,1,0,0,0,0,1,0,0,0,0,0,0,0
48,67171,3,2,1,17,0,2,1,3,9.9,29,2022,8,0.67,5.7,2,1,0,0,1,1,0,0,0,0,0,1,0,0,0,0,1,0,0,0,0,1,0,0,0
57,76328,3,0,5,51,1,3,1,0,4.7,16,2022,9,0.0,17.0,3,2,0,0,1,0,0,1,0,0,0,0,1,0,0,1,0,1,0,0,0,1,0,0,0
29,57813,4,3,1,20,1,1,3,3,28.4,11,2021,1,0.75,5.0,0,1,2,0,0,0,0,0,1,0,0,0,1,0,0,0,0,1,0,0,0,0,0,0,0
52,60796,5,4,3,51,0,3,2,3,5.5,22,2020,5,0.8,10.2,3,1,0,1,0,0,0,0,1,0,1,0,0,0,0,1,0,1,0,0,0,1,0,0,0
33,50775,5,2,5,55,1,1,4,3,5.5,26,2020,7,0.4,11.0,1,1,0,0,0,0,1,0,0,0,0,0,1,1,0,0,0,1,0,0,0,0,0,0,0
44,24359,3,2,1,15,1,2,3,2,43.5,15,2022,6,0.67,5.0,2,0,2,1,0,0,0,0,1,0,1,0,0,0,0,0,0,0,0,0,0,0,0,0,0
32,35198,2,0,4,16,0,5,4,4,44.9,13,2023,12,0.0,8.0,1,0,2,0,0,1,0,0,0,0,0,0,1,1,0,0,0,0,0,0,0,0,1,0,0
56,105455,8,7,1,50,1,3,1,1,43.7,20,2017,5,0.88,6.2,3,3,2,1,0,0,0,0,0,1,0,0,0,1,0,0,0,0,0,0,1,0,0,0,0
51,41827,4,4,5,17,0,1,4,1,1.4,5,2021,2,1.0,4.2,3,1,0,1,0,0,1,0,0,0,0,0,1,1,0,0,0,0,0,0,0,1,0,0,0
54,41116,1,0,3,22,0,2,2,1,27.4,24,2024,3,0.0,22.0,3,1,2,1,0,0,0,0,0,0,0,0,1,0,1,0,0,0,0,0,0,0,0,1,0
52,105475,5,4,4,19,1,5,1,2,27.2,16,2020,7,0.8,3.8,3,3,2,0,0,0,0,0,0,0,0,1,0,0,0,1,0,0,0,0,1,0,0,0,0
22,78187,8,7,4,15,1,1,3,0,8.1,22,2017,6,0.88,1.9,0,2,0,0,1,0,0,1,0,0,1,0,0,1,0,0,0,0,1,0,1,0,0,0,0
25,118713,5,0,2,13,1,1,4,4,37.3,18,2020,10,0.0,2.6,0,3,2,0,0,0,0,0,1,0,0,0,0,0,0,0,0,0,0,0,0,0,0,0,0
33,70679,3,0,2,9,1,4,4,4,43.9,1,2022,5,0.0,3.0,1,2,2,0,0,0,0,1,0,0,0,0,1,0,0,1,0,0,1,0,1,0,0,0,0
27,117009,10,1,2,42,1,5,4,2,24.4,19,2015,10,0.1,4.2,0,3,1,0,0,0,0,1,0,1,0,0,0,1,0,0,0,1,0,0,0,1,0,0,0
60,88675,7,4,4,2,0,1,1,3,19.6,25,2018,6,0.57,0.3,3,2,1,0,1,0,0,1,0,0,0,0,1,0,1,0,0,0,1,0,0,0,0,1,0
40,26351,3,1,2,12,1,2,4,2,1.3,13,2022,11,0.33,4.0,1,0,0,1,0,1,0,0,0,0,0,1,0,0,0,0,0,0,1,0,0,0,0,0,0
22,95602,9,0,3,26,0,3,4,3,24.2,3,2016,9,0.0,2.9,0,2,1,0,1,1,0,0,0,0,1,0,0,1,0,0,0,0,0,0,0,0,0,1,0
36,109896,10,1,1,32,0,1,4,5,9.1,30,2015,9,0.1,3.2,1,3,0,0,1,1,0,0,0,0,0,1,0,0,0,1,0,0,1,0,0,1,0,0,0
54,92938,4,3,2,50,1,3,4,3,12.6,3,2021,10,0.75,12.5,3,2,1,0,0,0,0,1,0,0,1,0,0,0,0,0,1,0,0,0,0,1,0,0,0
22,106603,4,1,5,23,0,2,2,4,22.1,0,2021,10,0.25,5.8,0,3,1,0,0,0,0,0,1,1,0,0,0,0,0,0,0,1,0,0,0,0,0,0,0
40,69073,2,0,1,46,1,2,1,3,38.7,3,2023,3,0.0,23.0,1,1,2,1,0,0,0,1,0,0,1,0,0,0,0,1,0,0,0,0,1,0,0,0,0
47,84135,9,6,5,19,1,3,4,4,1.6,3,2016,7,0.67,2.1,2,2,0,1,0,1,0,0,0,1,0,0,0,0,1,0,0,1,0,0,0,1,0,0,0
22,71372,2,2,2,35,1,3,2,2,26.7,21,2023,5,1.0,17.5,0,2,2,0,1,0,0,0,0,0,1,0,0,0,0,0,0,0,1,0,0,0,0,0,1
35,70442,6,5,2,29,1,1,1,4,24.2,0,2019,10,0.83,4.8,1,2,1,0,1,0,0,1,0,1,0,0,0,1,0,0,0,0,1,0,1,0,0,0,0
41,19565,4,3,2,28,0,5,1,0,45.7,4,2021,12,0.75,7.0,2,0,2,1,0,1,0,0,0,0,1,0,0,0,1,0,0,0,1,0,0,1,0,0,0
58,86215,9,4,4,58,1,3,1,4,45.6,3,2016,2,0.44,6.4,3,2,2,1,0,0,0,0,0,1,0,0,0,0,0,0,1,0,1,0,0,0,0,1,0
41,92508,6,5,5,3,0,5,2,2,45.1,13,2019,8,0.83,0.5,2,2,2,1,0,0,0,1,0,0,0,0,0,0,1,0,0,0,1,0,0,0,1,0,0
34,70580,8,7,1,32,1,3,2,5,30.9,8,2017,11,0.88,4.0,1,2,2,1,0,0,0,0,0,0,0,0,0,0,0,0,1,0,1,1,0,0,0,0,0
35,115716,5,4,2,18,0,1,1,0,2.1,1,2020,10,0.8,3.6,1,3,0,0,1,0,0,0,1,0,0,1,0,0,1,0,0,1,0,1,0,0,0,0,0
33,37189,5,5,1,42,1,2,3,2,27.3,10,2020,11,1.0,8.4,1,0,2,0,1,0,0,0,0,0,0,0,0,0,0,0,1,0,1,1,0,0,0,0,0
34,104527,8,0,1,59,0,4,4,2,32.2,1,2017,3,0.0,7.4,1,3,2,1,0,0,0,0,0,0,0,0,1,0,1,0,0,0,0,0,0,0,0,0,1
50,83206,6,3,4,53,0,1,2,1,36.3,28,2019,9,0.5,8.8,2,2,2,1,0,1,0,0,0,0,0,1,0,0,0,0,0,0,1,0,0,0,0,0,1
45,71213,4,0,2,38,0,2,2,2,25.2,3,2021,7,0.0,9.5,2,2,2,0,0,0,0,1,0,0,0,1,0,0,0,1,0,0,1,0,0,0,1,0,0
27,55642,2,0,1,40,0,3,3,5,34.8,6,2023,1,0.0,20.0,0,1,2,0,1,0,0,1,0,1,0,0,0,1,0,0,0,1,0,0,0,0,0,0,1
33,70215,10,1,4,22,1,3,4,1,6.7,5,2015,7,0.1,2.2,1,2,0,0,1,0,1,0,0,0,0,0,0,0,0,1,0,0,0,0,0,0,0,0,0
29,100257,4,0,3,18,0,5,1,0,22.2,19,2021,6,0.0,4.5,0,3,1,0,1,0,0,1,0,0,0,0,0,0,1,0,0,0,1,1,0,0,0,0,0
35,16274,2,0,2,59,0,1,2,3,38.4,29,2023,4,0.0,29.5,1,0,2,1,0,0,1,0,0,0,0,0,1,0,0,0,0,0,1,0,0,0,0,0,0
44,113080,6,3,5,21,0,5,4,5,45.1,15,2019,9,0.5,3.5,2,3,2,1,0,0,0,1,0,1,0,0,0,0,1,0,0,0,0,0,0,0,0,0,1
23,72876,3,2,4,4,0,2,1,4,46.5,0,2022,10,0.67,1.3,0,2,2,1,0,0,0,1,0,0,0,1,0,0,0,0,0,0,1,0,0,0,0,0,1
25,51610,2,1,4,39,0,5,3,4,2.0,12,2023,3,0.5,19.5,0,1,0,1,0,1,0,0,0,0,1,0,0,1,0,0,0,0,1,0,0,0,1,0,0
23,60013,7,1,4,12,1,2,3,5,34.5,28,2018,3,0.14,1.7,0,1,2,0,1,0,0,0,1,0,0,0,1,0,0,0,0,0,1,0,0,0,1,0,0
27,76246,10,10,1,44,1,1,4,3,48.2,17,2015,10,1.0,4.4,0,2,2,0,0,0,1,0,0,1,0,0,0,0,1,0,0,0,1,0,1,0,0,0,0
25,65123,2,0,3,47,1,4,1,2,14.1,17,2023,9,0.0,23.5,0,1,1,0,0,0,0,0,0,0,1,0,0,0,0,0,0,1,0,0,0,0,1,0,0
55,112741,2,1,3,20,1,2,2,4,9.5,15,2023,2,0.5,10.0,3,3,0,0,0,0,0,0,1,0,0,1,0,0,1,0,0,0,1,0,0,0,1,0,0
28,17860,7,1,1,16,1,1,3,4,3.8,4,2018,10,0.14,2.3,0,0,0,0,0,1,0,0,0,0,0,1,0,0,0,1,0,0,1,0,0,1,0,0,0
23,55390,3,1,1,52,0,3,1,4,36.2,20,2022,3,0.33,17.3,0,1,2,1,0,1,0,0,0,0,0,1,0,1,0,0,0,1,0,0,0,0,0,0,0
37,52900,3,2,4,26,1,4,3,2,2.9,11,2022,2,0.67,8.7,1,1,0,1,0,0,1,0,0,1,0,0,0,1,0,0,0,0,0,0,0,0,1,0,0
22,88393,9,8,5,27,1,1,3,2,26.7,30,2016,8,0.89,3.0,0,2,2,0,1,0,0,0,0,0,0,0,0,0,0,0,1,0,0,0,0,0,1,0,0
43,17530,9,9,3,56,1,2,2,0,33.8,14,2016,3,1.0,6.2,2,0,2,0,0,0,1,0,0,1,0,0,0,0,0,1,0,0,1,0,0,0,1,0,0
56,112897,3,3,2,57,0,2,2,1,39.7,0,2022,10,1.0,19.0,3,3,2,0,0,0,0,0,0,0,0,0,1,0,1,0,0,1,0,0,0,1,0,0,0
59,27434,2,2,5,53,0,4,3,4,4.9,3,2023,3,1.0,26.5,3,0,0,1,0,0,1,0,0,1,0,0,0,1,0,0,0,0,0,0,0,0,0,1,0
29,33491,4,4,4,16,0,3,3,3,43.9,7,2021,4,1.0,4.0,0,0,2,0,1,0,1,0,0,1,0,0,0,0,0,0,0,0,0,0,0,0,1,0,0
47,18345,8,8,5,57,1,4,4,3,17.9,22,2017,4,1.0,7.1,2,0,1,0,1,0,0,1,0,0,1,0,0,0,1,0,0,0,1,0,1,0,0,0,0
22,114618,2,0,3,36,0,2,1,1,6.2,25,2023,11,0.0,18.0,0,3,0,0,0,1,0,0,0,0,1,0,0,0,0,0,0,0,1,0,0,0,1,0,0
51,88741,8,7,2,56,1,1,1,0,20.5,13,2017,6,0.88,7.0,3,2,1,1,0,0,0,0,1,0,0,1,0,0,0,0,0,1,0,0,1,0,0,0,0
37,40993,4,2,3,54,0,4,3,4,6.7,17,2021,1,0.5,13.5,1,1,0,0,1,0,0,0,0,0,0,0,1,0,1,0,0,0,0,0,0,0,0,1,0
24,108876,2,2,4,32,0,1,4,5,36.1,28,2023,2,1.0,16.0,0,3,2,0,0,1,0,0,0,1,0,0,0,1,0,0,0,0,0,1,0,0,0,0,0
35,107140,6,5,3,32,0,1,1,4,7.3,24,2019,8,0.83,5.3,1,3,0,1,0,1,0,0,0,1,0,0,0,0,1,0,0,1,0,1,0,0,0,0,0
22,39896,2,0,4,41,1,1,1,4,49.6,9,2023,10,0.0,20.5,0,0,2,0,0,0,0,1,0,1,0,0,0,0,0,0,0,0,0,1,0,0,0,0,0
31,92702,3,0,2,12,0,2,2,1,24.1,5,2022,9,0.0,4.0,1,2,1,1,0,0,0,0,1,1,0,0,0,0,0,1,0,0,0,0,0,0,0,0,0
38,16575,8,1,5,56,1,2,1,0,44.5,15,2017,7,0.12,7.0,1,0,2,0,0,0,0,0,1,0,1,0,0,0,0,1,0,1,0,0,0,1,0,0,0
50,18198,3,3,4,19,0,4,2,3,36.1,22,2022,12,1.0,6.3,2,0,2,0,1,1,0,0,0,0,0,1,0,1,0,0,0,0,0,0,0,0,0,0,1
54,38352,3,3,2,24,0,4,3,1,32.4,30,2022,2,1.0,8.0,3,0,2,0,0,0,0,0,0,1,0,0,0,0,0,1,0,1,0,0,0,0,0,1,0
44,88909,7,1,2,15,1,4,3,5,3.9,22,2018,8,0.14,2.1,2,2,0,0,0,0,0,1,0,0,1,0,0,0,0,0,1,1,0,0,0,0,0,0,1
34,48297,8,8,1,45,0,5,4,0,47.1,13,2017,2,1.0,5.6,1,1,2,0,1,0,1,0,0,0,0,0,0,0,0,1,0,1,0,0,0,0,0,0,0
35,52640,6,0,5,19,1,5,1,3,28.5,27,2019,11,0.0,3.2,1,1,2,1,0,1,0,0,0,0,0,0,1,0,0,0,0,0,1,0,0,0,0,0,1
25,96571,7,0,4,43,0,4,4,1,26.4,20,2018,6,0.0,6.1,0,2,2,0,1,1,0,0,0,0,0,0,0,0,0,0,1,1,0,0,0,0,0,1,0
48,113296,4,2,2,5,0,5,2,2,11.7,9,2021,11,0.5,1.2,2,3,1,0,0,0,1,0,0,0,0,0,0,0,0,0,1,0,0,1,0,0,0,0,0
28,93561,1,0,5,9,0,3,1,1,45.5,7,2024,3,0.0,9.0,0,2,2,0,0,0,0,0,0,0,1,0,0,0,1,0,0,0,1,0,0,0,1,0,0
47,15428,7,0,4,24,1,5,2,4,8.7,21,2018,6,0.0,3.4,2,0,0,0,1,0,0,1,0,1,0,0,0,1,0,0,0,0,1,0,0,0,0,0,1
32,37626,9,2,4,32,1,3,3,3,38.3,9,2016,2,0.22,3.6,1,0,2,0,0,1,0,0,0,0,1,0,0,1,0,0,0,0,0,0,0,0,0,0,0
52,30213,9,4,5,29,0,2,1,0,23.5,0,2016,2,0.44,3.2,3,0,1,0,0,1,0,0,0,0,1,0,0,0,0,0,1,1,0,0,0,0,0,0,1
26,64220,10,3,1,26,1,4,2,3,36.1,25,2015,9,0.3,2.6,0,1,2,0,1,0,0,1,0,0,0,1,0,0,0,0,1,0,0,0,0,1,0,0,0
52,34436,9,5,4,11,0,2,3,5,14.4,17,2016,4,0.56,1.2,3,0,1,1,0,0,0,0,1,0,0,1,0,1,0,0,0,1,0,1,0,0,0,0,0
54,23746,3,3,4,59,1,1,1,3,49.5,6,2022,1,1.0,19.7,3,0,2,0,0,0,1,0,0,0,0,1,0,0,0,0,1,0,0,1,0,0,0,0,0
24,78537,2,2,3,40,1,4,3,4,39.9,6,2023,11,1.0,20.0,0,2,2,0,0,0,1,0,0,1,0,0,0,0,1,0,0,0,0,0,0,0,0,1,0
36,67214,3,2,1,51,1,1,4,4,21.0,10,2022,7,0.67,17.0,1,1,1,1,0,0,0,0,1,0,0,1,0,0,0,1,0,0,1,0,0,0,0,1,0
58,109095,7,7,4,20,1,5,3,3,13.7,1,2018,4,1.0,2.9,3,3,1,1,0,1,0,0,0,0,0,1,0,0,1,0,0,1,0,0,0,0,0,0,0
41,66036,5,2,4,25,0,4,4,0,21.7,8,2020,9,0.4,5.0,2,1,1,0,1,0,0,0,1,0,1,0,0,1,0,0,0,1,0,0,0,0,1,0,0
26,106299,7,1,5,19,1,2,2,1,16.4,8,2018,4,0.14,2.7,0,3,1,0,1,0,0,0,1,0,0,1,0,0,0,0,1,0,0,0,0,0,1,0,0
60,22770,5,1,2,50,1,5,4,5,11.9,12,2020,6,0.2,10.0,3,0,1,1,0,0,0,1,0,0,0,1,0,0,0,0,0,0,0,1,0,0,0,0,0
43,77790,3,2,2,46,1,5,4,5,10.0,2,2022,11,0.67,15.3,2,2,0,0,1,0,0,0,0,0,0,0,1,0,0,0,0,1,0,0,0,0,0,1,0
32,34670,3,2,5,33,0,3,4,2,48.1,24,2022,8,0.67,11.0,1,0,2,0,1,0,0,0,1,0,0,1,0,0,1,0,0,0,0,1,0,0,0,0,0
43,51769,6,5,5,34,0,3,4,4,16.4,28,2019,9,0.83,5.7,2,1,1,0,1,0,0,0,1,1,0,0,0,1,0,0,0,0,0,0,1,0,0,0,0
35,72032,9,0,3,28,1,4,2,5,22.4,12,2016,7,0.0,3.1,1,2,1,1,0,0,0,1,0,0,0,0,0,1,0,0,0,0,1,0,0,0,0,1,0
33,92581,1,0,5,21,1,4,4,1,12.8,9,2024,3,0.0,21.0,1,2,1,0,1,0,0,1,0,0,0,1,0,0,0,1,0,1,0,0,0,0,1,0,0
44,68979,7,1,1,41,1,2,1,1,20.5,16,2018,8,0.14,5.9,2,1,1,1,0,0,1,0,0,1,0,0,0,0,1,0,0,1,0,0,1,0,0,0,0
24,51268,4,0,1,35,1,1,4,2,23.9,23,2021,1,0.0,8.8,0,1,1,0,1,0,0,0,0,0,1,0,0,0,1,0,0,0,0,0,0,0,0,0,0
35,56977,3,1,1,6,0,5,3,3,23.1,12,2022,11,0.33,2.0,1,1,1,0,0,0,0,0,0,0,0,0,1,0,0,0,0,0,0,0,0,0,0,0,1
50,52554,9,4,3,7,1,5,2,2,24.8,19,2016,6,0.44,0.8,2,1,1,1,0,0,1,0,0,0,0,0,0,0,0,0,1,0,1,0,0,0,1,0,0
59,75464,6,4,1,20,1,4,1,0,16.1,17,2019,7,0.67,3.3,3,2,1,0,0,0,0,0,1,0,0,0,0,0,0,1,0,1,0,0,0,1,0,0,0
39,54408,4,3,3,53,0,1,1,5,27.9,8,2021,9,0.75,13.2,1,1,2,0,1,0,0,0,0,0,0,1,0,0,0,1,0,1,0,0,0,0,0,1,0
43,77762,2,2,5,28,0,5,3,0,28.9,10,2023,12,1.0,14.0,2,2,2,0,1,0,1,0,0,0,0,0,0,1,0,0,0,1,0,0,1,0,0,0,0
33,59444,7,0,1,31,1,3,3,2,11.2,30,2018,8,0.0,4.4,1,1,1,0,1,0,0,1,0,0,0,0,1,0,0,0,0,0,0,0,0,0,0,1,0
36,44531,3,1,5,6,0,1,2,0,28.0,12,2022,5,0.33,2.0,1,1,2,0,1,0,0,0,0,0,0,1,0,0,0,0,1,1,0,0,1,0,0,0,0
29,111308,1,0,4,49,1,2,4,5,30.6,20,2024,4,0.0,49.0,0,3,2,0,0,0,0,0,0,0,0,0,0,0,1,0,0,0,1,0,0,1,0,0,0
41,97560,7,3,2,35,0,4,3,2,16.5,28,2018,8,0.43,5.0,2,2,1,0,1,1,0,0,0,0,0,0,1,0,0,1,0,1,0,1,0,0,0,0,0
34,42855,5,1,2,57,0,3,3,5,5.1,20,2020,6,0.2,11.4,1,1,0,0,0,0,1,0,0,0,1,0,0,0,0,1,0,1,0,0,0,0,0,0,1
42,84579,6,6,1,14,1,3,3,4,17.7,17,2019,11,1.0,2.3,2,2,1,1,0,0,1,0,0,0,0,0,1,0,0,0,0,1,0,0,0,0,1,0,0
51,30141,10,2,3,13,0,4,3,0,4.5,0,2015,8,0.2,1.3,3,0,0,0,1,0,1,0,0,1,0,0,0,0,0,0,0,0,0,0,0,0,0,1,0
58,81711,6,1,2,60,1,3,2,5,46.9,5,2019,3,0.17,10.0,3,2,2,0,0,1,0,0,0,1,0,0,0,0,0,0,0,0,1,0,0,0,0,0,1
27,48167,6,1,4,13,0,5,2,0,19.2,11,2019,12,0.17,2.2,0,1,1,0,0,1,0,0,0,0,1,0,0,0,1,0,0,1,0,0,1,0,0,0,0
53,64583,6,2,5,47,0,2,2,4,13.6,7,2019,2,0.33,7.8,3,1,1,1,0,1,0,0,0,0,0,1,0,0,0,0,1,0,1,0,0,0,0,0,0
22,43659,3,2,2,42,1,1,4,5,35.9,0,2022,4,0.67,14.0,0,1,2,0,0,0,0,1,0,0,0,0,1,0,1,0,0,0,1,0,0,0,1,0,0
37,88927,2,0,4,2,0,1,1,2,31.4,9,2023,3,0.0,1.0,1,2,2,0,1,0,0,1,0,1,0,0,0,0,0,0,1,0,0,0,0,1,0,0,0
40,48755,2,2,2,8,1,3,2,1,40.9,8,2023,3,1.0,4.0,1,1,2,1,0,1,0,0,0,0,0,1,0,1,0,0,0,1,0,0,0,0,0,0,1
47,64719,5,4,3,29,0,2,1,2,14.5,22,2020,9,0.8,5.8,2,1,1,1,0,0,0,1,0,0,0,0,1,0,1,0,0,1,0,0,0,0,0,1,0
49,33240,5,2,2,16,1,2,1,4,49.8,17,2020,7,0.4,3.2,2,0,2,0,0,0,0,1,0,0,0,0,0,1,0,0,0,1,0,1,0,0,0,0,0
55,64978,2,2,5,7,1,5,4,3,44.0,20,2023,1,1.0,3.5,3,1,2,0,1,1,0,0,0,0,0,0,0,1,0,0,0,0,1,0,1,0,0,0,0
45,61632,6,2,3,8,0,3,4,3,20.5,29,2019,2,0.33,1.3,2,1,1,0,1,0,1,0,0,0,0,0,0,1,0,0,0,0,1,0,1,0,0,0,0
55,95312,7,6,5,53,1,5,3,2,10.6,7,2018,9,0.86,7.6,3,2,1,0,1,1,0,0,0,1,0,0,0,0,0,1,0,0,0,0,0,0,0,1,0
27,86081,8,3,4,32,0,2,4,4,29.6,15,2017,7,0.38,4.0,0,2,2,1,0,0,1,0,0,0,0,0,1,0,0,1,0,0,1,0,0,0,0,0,1
33,75556,9,7,5,21,1,4,3,0,30.0,21,2016,9,0.78,2.3,1,2,2,0,0,0,0,0,1,0,1,0,0,1,0,0,0,0,0,1,0,0,0,0,0
29,101480,2,0,2,10,1,1,1,5,19.7,29,2023,5,0.0,5.0,0,3,1,1,0,0,0,0,1,0,0,1,0,0,0,0,0,0,1,1,0,0,0,0,0
51,89678,2,2,5,51,1,4,1,3,6.5,15,2023,10,1.0,25.5,3,2,0,1,0,0,0,0,0,0,1,0,0,0,0,0,1,0,0,0,0,0,0,0,0
23,119818,9,8,2,19,0,5,1,0,31.0,1,2016,2,0.89,2.1,0,3,2,0,1,0,0,1,0,0,0,0,1,0,0,0,0,0,0,0,0,0,1,0,0
30,16173,3,1,3,4,1,4,2,5,2.8,27,2022,11,0.33,1.3,0,0,0,1,0,0,1,0,0,0,1,0,0,0,0,0,0,0,0,0,1,0,0,0,0
35,46069,2,1,4,31,1,4,2,4,43.1,20,2023,7,0.5,15.5,1,1,2,1,0,1,0,0,0,0,1,0,0,0,0,0,1,1,0,0,0,0,0,0,0
24,60587,2,2,2,40,1,4,4,3,4.9,6,2023,9,1.0,20.0,0,1,0,1,0,0,0,0,0,0,1,0,0,0,0,0,1,1,0,0,0,1,0,0,0
49,17841,9,1,5,41,1,2,2,1,2.5,18,2016,9,0.11,4.6,2,0,0,0,0,0,0,1,0,1,0,0,0,0,0,0,0,1,0,0,1,0,0,0,0
42,86373,5,1,2,40,1,3,2,5,39.4,19,2020,5,0.2,8.0,2,2,2,1,0,0,1,0,0,1,0,0,0,0,0,0,1,0,0,1,0,0,0,0,0
30,116746,1,0,1,29,0,4,1,1,15.8,12,2024,3,0.0,29.0,0,3,1,0,1,0,0,0,1,1,0,0,0,0,0,1,0,0,0,1,0,0,0,0,0
60,60518,6,1,2,18,0,1,4,2,46.3,10,2019,8,0.17,3.0,3,1,2,1,0,0,0,0,0,0,0,0,0,0,0,0,1,0,0,0,0,0,0,1,0
59,91282,7,2,2,31,1,3,1,2,46.3,5,2018,7,0.29,4.4,3,2,2,1,0,0,0,1,0,0,0,1,0,0,1,0,0,0,0,0,0,0,1,0,0
53,75263,6,5,3,20,1,5,1,3,26.3,25,2019,2,0.83,3.3,3,2,2,0,1,0,0,0,0,0,0,1,0,0,0,0,1,1,0,0,0,0,0,0,1
25,21665,2,2,3,1,0,1,3,0,6.4,18,2023,4,1.0,0.5,0,0,0,0,0,0,0,0,0,0,0,0,0,0,0,0,0,0,0,0,0,0,0,0,0
45,98273,4,3,1,31,0,4,1,5,22.6,27,2021,3,0.75,7.8,2,2,1,0,0,0,0,1,0,0,0,0,0,0,1,0,0,1,0,0,0,0,0,1,0
55,38598,4,1,1,22,0,2,4,4,38.0,6,2021,8,0.25,5.5,3,0,2,0,1,0,0,0,0,0,1,0,0,0,1,0,0,1,0,0,1,0,0,0,0
30,106906,7,7,1,28,1,3,2,5,30.4,12,2018,12,1.0,4.0,0,3,2,0,0,0,0,0,1,1,0,0,0,0,1,0,0,1,0,0,0,0,1,0,0
28,94509,9,4,1,5,0,3,2,2,25.9,27,2016,9,0.44,0.6,0,2,2,0,1,0,0,0,0,0,0,0,1,0,0,1,0,0,0,0,0,0,1,0,0
26,68113,5,1,4,40,1,4,1,1,27.3,29,2020,4,0.2,8.0,0,1,2,0,1,0,1,0,0,0,0,0,0,0,0,1,0,1,0,0,1,0,0,0,0
42,116476,7,3,4,19,0,2,1,4,49.3,29,2018,9,0.43,2.7,2,3,2,0,0,1,0,0,0,0,1,0,0,0,1,0,0,0,1,0,0,0,0,0,0
40,45430,9,7,2,19,0,4,3,0,41.9,19,2016,6,0.78,2.1,1,1,2,0,1,0,0,1,0,0,1,0,0,0,1,0,0,1,0,1,0,0,0,0,0
30,94139,9,0,1,50,1,3,2,3,30.0,10,2016,12,0.0,5.6,0,2,2,0,1,0,0,0,1,0,1,0,0,0,1,0,0,1,0,0,1,0,0,0,0
50,105722,9,0,2,14,1,1,1,2,30.4,30,2016,8,0.0,1.6,2,3,2,0,1,1,0,0,0,0,0,0,0,0,1,0,0,0,1,0,0,1,0,0,0
23,54746,9,9,2,3,0,2,1,5,35.0,7,2016,1,1.0,0.3,0,1,2,0,0,1,0,0,0,0,1,0,0,0,0,1,0,0,0,0,0,0,0,0,1
23,95015,9,0,2,15,0,4,2,2,44.3,18,2016,7,0.0,1.7,0,2,2,0,0,0,0,1,0,0,0,1,0,0,0,0,0,0,1,0,0,0,0,0,1
43,44042,10,3,3,20,1,5,4,4,28.2,27,2015,7,0.3,2.0,2,1,2,1,0,0,0,0,1,0,0,0,0,1,0,0,0,1,0,0,1,0,0,0,0
47,41762,3,2,2,16,0,4,1,5,10.5,17,2022,1,0.67,5.3,2,1,1,0,0,0,0,0,0,1,0,0,0,1,0,0,0,1,0,1,0,0,0,0,0
54,27664,3,0,4,47,0,1,2,5,47.2,5,2022,6,0.0,15.7,3,0,2,0,0,0,0,1,0,0,0,0,1,0,0,0,0,0,1,1,0,0,0,0,0
26,51336,8,3,2,60,0,2,1,5,30.9,25,2017,9,0.38,7.5,0,1,2,0,0,0,0,0,0,0,1,0,0,0,0,0,1,0,1,1,0,0,0,0,0
43,66197,8,2,3,11,1,5,4,2,17.0,25,2017,5,0.25,1.4,2,1,1,0,1,1,0,0,0,1,0,0,0,0,0,0,0,0,0,0,0,1,0,0,0
34,75386,9,0,4,26,0,5,2,1,17.7,10,2016,1,0.0,2.9,1,2,1,0,0,0,1,0,0,1,0,0,0,0,0,0,1,0,1,0,1,0,0,0,0
35,116814,3,1,2,45,0,4,1,2,9.0,15,2022,5,0.33,15.0,1,3,0,0,0,0,0,0,0,0,1,0,0,0,0,0,0,0,1,0,1,0,0,0,0
24,26160,9,3,3,59,0,4,4,5,39.0,1,2016,2,0.33,6.6,0,0,2,0,0,1,0,0,0,0,0,0,1,0,0,0,1,1,0,0,0,0,1,0,0
23,43740,10,10,4,14,1,4,1,4,10.4,15,2015,11,1.0,1.4,0,1,1,0,1,0,1,0,0,0,0,1,0,0,0,0,1,0,0,0,0,0,1,0,0
24,44552,8,2,4,32,1,2,1,0,31.0,20,2017,8,0.25,4.0,0,1,2,0,0,1,0,0,0,0,0,0,0,0,0,1,0,0,1,0,0,0,0,0,1
46,27984,4,1,2,55,0,3,2,1,4.4,24,2021,7,0.25,13.8,2,0,0,0,0,0,0,1,0,0,1,0,0,0,1,0,0,0,0,0,0,0,0,1,0
24,19762,10,8,3,60,0,1,1,1,49.1,17,2015,10,0.8,6.0,0,0,2,1,0,1,0,0,0,1,0,0,0,0,0,1,0,0,1,0,0,1,0,0,0
45,58595,8,2,2,9,1,5,4,2,47.6,24,2017,9,0.25,1.1,2,1,2,0,0,0,0,0,0,0,0,1,0,0,0,1,0,1,0,0,0,0,0,0,0
51,64789,9,0,5,44,0,5,4,3,44.2,15,2016,11,0.0,4.9,3,1,2,0,1,0,0,1,0,0,0,0,0,0,0,0,0,0,1,0,0,0,0,1,0
22,85933,9,3,3,48,0,3,2,1,1.6,24,2016,7,0.33,5.3,0,2,0,0,0,0,0,1,0,0,0,1,0,0,0,0,1,0,1,0,0,0,0,0,1
56,52215,6,0,2,59,0,5,4,3,7.2,21,2019,3,0.0,9.8,3,1,0,0,0,0,0,0,1,1,0,0,0,0,0,0,0,1,0,0,0,1,0,0,0
35,81976,5,2,4,4,0,3,4,4,8.4,7,2020,3,0.4,0.8,1,2,0,1,0,0,0,0,0,1,0,0,0,0,0,0,0,0,1,0,0,0,1,0,0
57,114621,4,1,3,5,0,3,1,5,20.1,16,2021,10,0.25,1.2,3,3,1,0,0,0,0,1,0,0,1,0,0,0,1,0,0,1,0,0,0,0,0,1,0
32,21243,9,9,3,43,1,2,2,0,36.8,0,2016,8,1.0,4.8,1,0,2,1,0,0,1,0,0,0,1,0,0,1,0,0,0,0,0,0,1,0,0,0,0
32,66423,2,2,3,12,1,2,4,5,15.4,21,2023,5,1.0,6.0,1,1,1,1,0,1,0,0,0,0,0,0,0,0,0,0,0,0,1,0,0,1,0,0,0
25,23159,6,3,5,14,1,2,3,1,27.1,18,2019,10,0.5,2.3,0,0,2,0,1,0,0,0,0,0,0,0,0,0,0,0,0,0,1,0,0,0,1,0,0
26,38395,4,4,5,46,1,4,1,1,36.8,7,2021,11,1.0,11.5,0,0,2,0,1,0,0,0,0,0,0,0,1,0,0,1,0,1,0,0,0,0,0,1,0
32,34303,10,2,2,12,1,4,1,0,46.5,7,2015,6,0.2,1.2,1,0,2,0,0,1,0,0,0,0,0,0,0,0,0,0,1,1,0,0,0,0,0,0,0
42,66935,1,0,4,21,0,3,1,2,46.4,4,2024,2,0.0,21.0,2,1,2,1,0,0,1,0,0,0,0,0,0,0,0,0,0,0,1,0,0,0,1,0,0
56,81314,2,2,5,51,0,4,1,0,19.5,1,2023,6,1.0,25.5,3,2,1,0,1,0,1,0,0,0,0,0,0,0,0,1,0,1,0,0,0,0,1,0,0
52,119418,3,2,5,42,0,2,2,3,46.2,7,2022,6,0.67,14.0,3,3,2,0,0,0,0,1,0,0,1,0,0,0,0,0,1,1,0,0,0,0,0,1,0
53,37387,3,2,1,49,1,4,3,0,31.3,20,2022,7,0.67,16.3,3,0,2,0,0,0,0,0,1,0,0,0,0,1,0,0,0,1,0,0,0,0,0,0,1
35,101871,9,4,3,23,1,5,2,3,26.6,19,2016,6,0.44,2.6,1,3,2,0,0,1,0,0,0,0,0,1,0,0,0,0,0,0,1,0,0,0,0,0,1
59,105118,5,3,1,59,1,4,2,5,14.8,13,2020,3,0.6,11.8,3,3,1,1,0,0,1,0,0,1,0,0,0,0,0,0,1,1,0,1,0,0,0,0,0
24,47306,5,0,2,41,0,5,2,1,46.0,30,2020,1,0.0,8.2,0,1,2,0,0,0,0,0,0,0,1,0,0,0,0,0,0,0,1,0,0,0,0,0,0
35,65830,2,1,4,0,1,2,2,5,37.0,21,2023,9,0.5,0.0,1,1,2,0,1,0,0,0,1,0,0,0,1,0,0,0,1,0,1,0,0,1,0,0,0
29,113637,2,1,1,7,0,1,1,4,6.7,29,2023,11,0.5,3.5,0,3,0,0,1,0,0,0,1,0,0,0,0,1,0,0,0,0,0,1,0,0,0,0,0
49,94253,10,1,4,18,0,1,4,2,35.1,8,2015,7,0.1,1.8,2,2,2,0,1,0,0,1,0,1,0,0,0,0,0,0,0,1,0,0,1,0,0,0,0
25,52493,9,8,1,23,0,3,4,2,18.2,13,2016,12,0.89,2.6,0,1,1,1,0,1,0,0,0,0,0,1,0,0,0,0,1,0,0,0,0,0,0,0,1
43,102208,2,2,3,47,0,3,1,5,18.9,18,2023,10,1.0,23.5,2,3,1,1,0,0,0,0,0,0,0,0,0,0,0,1,0,0,1,0,0,0,0,1,0
59,39813,8,6,5,30,1,3,3,4,28.1,23,2017,10,0.75,3.8,3,0,2,0,0,0,1,0,0,0,0,0,0,1,0,0,0,0,0,0,0,0,0,0,1
50,79079,5,5,1,23,0,1,1,4,48.3,14,2020,7,1.0,4.6,2,2,2,1,0,0,0,1,0,1,0,0,0,0,0,1,0,0,0,0,0,0,0,1,0
44,90064,2,1,4,51,0,1,4,5,34.3,19,2023,3,0.5,25.5,2,2,2,0,1,0,0,1,0,0,0,0,1,0,0,0,0,0,0,0,0,0,1,0,0
47,94344,9,0,3,9,0,4,2,0,25.2,29,2016,4,0.0,1.0,2,2,2,1,0,1,0,0,0,0,0,1,0,1,0,0,0,0,0,1,0,0,0,0,0
39,57949,7,2,4,1,1,2,4,3,24.0,20,2018,12,0.29,0.1,1,1,1,0,0,1,0,0,0,0,0,0,1,0,0,0,1,0,0,0,0,0,0,1,0
57,81705,6,4,1,28,0,1,3,3,22.7,12,2019,1,0.67,4.7,3,2,1,0,0,0,0,0,1,0,0,0,0,1,0,0,0,0,0,0,0,1,0,0,0
57,119680,6,2,1,35,0,1,4,3,38.6,5,2019,7,0.33,5.8,3,3,2,1,0,0,0,0,1,0,0,0,0,0,1,0,0,0,0,0,0,0,0,0,1
40,16454,5,3,1,11,1,4,1,3,39.3,12,2020,1,0.6,2.2,1,0,2,0,0,0,1,0,0,0,1,0,0,0,0,1,0,0,0,0,1,0,0,0,0
39,97236,8,4,1,58,0,3,3,4,7.6,30,2017,7,0.5,7.2,1,2,0,0,1,1,0,0,0,1,0,0,0,1,0,0,0,1,0,1,0,0,0,0,0
50,66419,9,0,1,39,0,3,4,2,32.4,4,2016,12,0.0,4.3,2,1,2,1,0,0,0,0,0,0,0,0,1,0,0,1,0,0,1,0,0,0,0,0,0
46,52134,9,8,1,31,0,1,1,5,30.1,19,2016,12,0.89,3.4,2,1,2,0,1,0,1,0,0,1,0,0,0,0,1,0,0,0,0,0,0,0,1,0,0
29,42231,9,3,2,4,0,4,1,5,6.0,19,2016,6,0.33,0.4,0,1,0,0,0,0,0,0,0,0,0,0,1,0,1,0,0,1,0,0,0,0,0,0,0
24,88237,3,0,2,47,1,1,4,5,4.1,14,2022,3,0.0,15.7,0,2,0,0,1,0,0,1,0,1,0,0,0,0,0,0,0,0,0,0,0,0,0,1,0
50,101700,2,1,1,20,1,3,4,0,20.4,27,2023,1,0.5,10.0,2,3,1,0,0,0,0,0,0,0,0,0,0,0,1,0,0,0,1,0,0,0,0,1,0
28,111004,5,1,4,60,1,4,2,3,46.3,9,2020,6,0.2,12.0,0,3,2,1,0,0,0,0,0,0,1,0,0,0,0,0,1,1,0,0,0,1,0,0,0
42,75050,7,3,3,51,0,3,2,0,45.3,27,2018,11,0.43,7.3,2,2,2,0,0,0,1,0,0,0,0,1,0,0,1,0,0,0,0,0,0,0,0,0,0
39,53956,7,3,5,58,1,3,3,1,47.1,15,2018,11,0.43,8.3,1,1,2,0,1,0,0,0,0,1,0,0,0,0,0,0,0,0,1,0,0,0,0,0,0
45,22897,5,2,3,35,1,3,2,5,10.3,21,2020,8,0.4,7.0,2,0,1,0,0,0,0,1,0,0,0,1,0,0,1,0,0,1,0,0,0,0,1,0,0
23,99455,8,5,1,1,0,2,3,0,32.8,6,2017,1,0.62,0.1,0,2,2,0,1,0,0,0,1,0,0,0,0,0,0,1,0,0,0,0,1,0,0,0,0
22,108236,9,2,5,50,0,1,3,0,3.9,29,2016,2,0.22,5.6,0,3,0,0,1,1,0,0,0,1,0,0,0,0,0,0,1,1,0,0,0,0,0,0,1
56,103157,2,0,4,9,0,4,2,5,25.5,25,2023,8,0.0,4.5,3,3,2,1,0,0,0,1,0,0,1,0,0,0,0,0,0,1,0,0,0,0,0,1,0
41,73544,4,2,3,53,1,4,1,3,49.3,8,2021,3,0.5,13.2,2,2,2,1,0,1,0,0,0,0,0,1,0,1,0,0,0,0,0,0,0,0,0,1,0
52,37035,8,6,1,38,1,3,3,2,38.8,14,2017,11,0.75,4.8,3,0,2,0,0,0,0,0,1,0,0,1,0,0,0,0,0,1,0,0,0,0,1,0,0
52,45971,2,2,2,36,1,5,1,4,19.0,30,2023,5,1.0,18.0,3,1,1,0,1,0,0,1,0,0,0,0,0,0,0,0,0,0,1,0,0,0,1,0,0
35,99213,9,0,4,55,1,4,3,4,13.0,7,2016,1,0.0,6.1,1,2,1,0,1,1,0,0,0,1,0,0,0,1,0,0,0,0,1,1,0,0,0,0,0
46,60545,7,2,2,5,1,1,1,4,9.5,3,2018,2,0.29,0.7,2,1,0,1,0,0,0,1,0,0,0,0,0,0,0,0,1,1,0,0,0,0,0,1,0
56,30003,9,3,5,7,1,1,2,0,29.0,9,2016,6,0.33,0.8,3,0,2,1,0,1,0,0,0,0,0,0,1,0,0,1,0,1,0,0,0,0,0,0,1
45,26387,7,2,2,19,1,1,3,3,1.1,24,2018,12,0.29,2.7,2,0,0,1,0,0,0,1,0,0,0,0,0,1,0,0,0,0,1,0,0,0,0,0,0
47,76707,2,2,2,5,1,5,2,1,44.5,25,2023,3,1.0,2.5,2,2,2,1,0,0,0,1,0,0,1,0,0,0,1,0,0,1,0,1,0,0,0,0,0
36,112057,8,7,3,50,1,4,3,2,40.9,25,2017,4,0.88,6.2,1,3,2,0,0,1,0,0,0,0,0,0,0,0,0,0,0,0,1,1,0,0,0,0,0
29,49193,3,3,5,57,0,4,4,0,30.2,11,2022,5,1.0,19.0,0,1,2,0,1,0,0,1,0,0,0,0,1,0,0,1,0,0,0,0,1,0,0,0,0
55,64957,2,1,5,32,0,1,4,0,32.2,11,2023,5,0.5,16.0,3,1,2,1,0,0,0,1,0,0,1,0,0,0,0,0,0,1,0,0,0,0,0,0,0
49,30581,1,1,4,15,0,2,3,3,32.8,15,2024,4,1.0,15.0,2,0,2,0,1,1,0,0,0,0,0,0,0,0,1,0,0,1,0,0,0,0,0,0,0
60,113420,1,1,3,26,0,1,2,1,31.6,8,2024,2,1.0,26.0,3,3,2,0,0,0,0,1,0,0,0,0,0,0,0,0,1,0,0,0,0,0,1,0,0
28,15163,2,2,4,14,0,1,1,5,42.0,26,2023,5,1.0,7.0,0,0,2,0,1,0,0,0,0,1,0,0,0,1,0,0,0,0,1,0,0,1,0,0,0
34,71342,3,2,2,15,1,1,1,3,4.4,13,2022,1,0.67,5.0,1,2,0,0,1,0,0,0,1,1,0,0,0,0,0,0,0,0,0,0,0,0,0,0,0
53,95071,6,4,2,10,0,1,4,5,9.5,24,2019,7,0.67,1.7,3,2,0,1,0,1,0,0,0,0,1,0,0,0,0,0,1,0,0,1,0,0,0,0,0
49,28941,7,6,3,13,1,1,3,5,49.5,22,2018,1,0.86,1.9,2,0,2,0,0,1,0,0,0,0,1,0,0,0,0,0,0,0,0,0,1,0,0,0,0
28,41210,7,1,2,20,1,2,4,1,22.7,6,2018,3,0.14,2.9,0,1,1,1,0,0,1,0,0,0,0,1,0,0,1,0,0,1,0,0,0,0,0,0,1
48,58623,5,1,3,29,0,2,3,2,20.2,8,2020,6,0.2,5.8,2,1,1,0,1,1,0,0,0,1,0,0,0,1,0,0,0,1,0,0,0,0,0,1,0
54,25786,7,2,5,43,1,5,3,0,27.3,16,2018,5,0.29,6.1,3,0,2,0,0,1,0,0,0,0,0,1,0,0,0,0,0,0,0,1,0,0,0,0,0
52,39993,5,0,5,10,1,2,2,5,10.3,22,2020,1,0.0,2.0,3,0,1,1,0,1,0,0,0,1,0,0,0,1,0,0,0,0,0,0,0,0,0,1,0
31,66340,6,0,1,19,1,2,3,3,37.5,0,2019,5,0.0,3.2,1,1,2,1,0,0,1,0,0,1,0,0,0,1,0,0,0,0,1,1,0,0,0,0,0
34,32398,6,3,3,52,0,3,2,2,44.3,7,2019,12,0.5,8.7,1,0,2,0,0,0,0,0,0,0,0,1,0,0,0,0,0,0,0,0,0,1,0,0,0
32,86583,2,0,5,38,1,2,2,3,41.8,10,2023,4,0.0,19.0,1,2,2,0,0,0,0,0,1,0,0,1,0,0,1,0,0,0,1,0,0,0,0,1,0
57,87779,4,1,4,31,1,3,2,4,14.1,18,2021,11,0.25,7.8,3,2,1,0,0,0,0,1,0,0,0,0,1,0,1,0,0,0,0,0,0,0,0,0,0
59,107028,2,1,1,37,0,2,4,4,45.1,0,2023,12,0.5,18.5,3,3,2,0,0,1,0,0,0,1,0,0,0,0,1,0,0,0,0,0,1,0,0,0,0
52,16313,10,9,2,1,0,5,1,4,7.8,30,2015,8,0.9,0.1,3,0,0,1,0,0,1,0,0,0,0,1,0,1,0,0,0,0,0,0,0,0,1,0,0
54,96281,5,0,4,56,0,2,1,2,48.1,4,2020,5,0.0,11.2,3,2,2,1,0,0,1,0,0,0,0,0,1,0,0,0,1,0,0,0,1,0,0,0,0
31,50107,6,4,4,6,0,4,4,0,15.8,15,2019,6,0.67,1.0,1,1,1,0,1,0,0,0,1,0,0,0,0,0,0,1,0,0,1,0,0,0,1,0,0
27,35683,2,2,4,60,0,3,1,1,22.2,8,2023,3,1.0,30.0,0,0,1,0,0,0,0,1,0,0,0,1,0,0,0,0,0,1,0,0,0,1,0,0,0
26,115301,3,1,3,35,0,3,4,5,29.5,30,2022,4,0.33,11.7,0,3,2,0,0,0,0,0,1,0,1,0,0,0,0,0,0,1,0,0,0,0,0,0,0
58,55308,4,1,2,9,1,3,1,0,48.6,0,2021,2,0.25,2.2,3,1,2,0,1,0,1,0,0,0,0,0,0,1,0,0,0,0,0,1,0,0,0,0,0
37,116778,2,2,3,27,0,4,1,3,1.7,14,2023,1,1.0,13.5,1,3,0,0,0,0,1,0,0,0,0,0,0,0,0,1,0,0,1,0,0,0,1,0,0
26,88493,9,7,3,47,1,4,1,0,43.4,18,2016,10,0.78,5.2,0,2,2,0,1,1,0,0,0,0,0,0,1,0,0,0,1,0,1,1,0,0,0,0,0
32,27467,2,2,5,31,0,5,4,1,25.5,29,2023,8,1.0,15.5,1,0,2,0,1,0,0,0,1,1,0,0,0,0,0,0,0,0,0,0,0,0,0,0,1
28,49206,3,1,2,29,0,3,4,2,19.9,19,2022,5,0.33,9.7,0,1,1,0,1,0,1,0,0,0,1,0,0,0,0,0,0,0,1,0,0,0,1,0,0
49,92405,4,1,4,2,1,1,2,1,25.8,19,2021,3,0.25,0.5,2,2,2,1,0,0,0,0,1,0,1,0,0,0,0,1,0,1,0,0,1,0,0,0,0
58,29268,5,4,4,3,0,5,2,1,45.5,2,2020,9,0.8,0.6,3,0,2,0,0,0,0,0,0,0,0,1,0,0,1,0,0,0,1,0,0,0,0,0,0
22,66132,8,4,4,32,0,4,3,3,45.8,4,2017,11,0.5,4.0,0,1,2,0,0,1,0,0,0,0,0,0,1,1,0,0,0,1,0,0,0,0,0,1,0
31,78693,4,4,3,41,1,1,4,4,25.0,8,2021,4,1.0,10.2,1,2,1,0,1,0,0,0,0,0,0,0,1,0,0,0,0,1,0,0,0,0,1,0,0
52,27125,2,2,2,49,0,5,4,4,22.6,1,2023,9,1.0,24.5,3,0,1,0,0,0,0,0,0,1,0,0,0,0,1,0,0,0,1,1,0,0,0,0,0
44,82917,1,0,4,39,0,1,4,0,41.8,0,2024,3,0.0,39.0,2,2,2,0,1,1,0,0,0,0,0,0,0,0,0,1,0,0,1,0,0,0,0,0,0
54,24117,5,2,5,7,1,5,2,5,20.9,5,2020,5,0.4,1.4,3,0,1,0,0,0,0,0,1,1,0,0,0,0,0,0,1,0,1,0,0,0,1,0,0
60,31862,4,1,3,0,0,4,1,2,22.4,13,2021,8,0.25,0.0,3,0,1,1,0,0,0,0,1,0,0,0,1,1,0,0,0,0,0,0,0,0,1,0,0
22,117430,4,0,5,54,0,2,3,1,30.3,7,2021,11,0.0,13.5,0,3,2,0,0,1,0,0,0,1,0,0,0,0,1,0,0,0,0,0,0,0,0,0,0
54,105494,4,2,2,55,1,3,4,5,23.1,4,2021,2,0.5,13.8,3,3,1,0,1,0,0,0,0,1,0,0,0,1,0,0,0,1,0,0,0,1,0,0,0
24,77283,5,5,3,29,1,5,3,1,26.6,9,2020,9,1.0,5.8,0,2,2,0,0,0,0,0,0,0,0,0,0,0,0,1,0,0,0,0,0,0,0,0,0
35,25213,7,5,2,45,0,5,2,2,17.4,13,2018,12,0.71,6.4,1,0,1,1,0,0,0,0,1,0,0,0,1,0,0,0,1,0,0,0,0,1,0,0,0
50,50464,3,2,1,38,1,2,2,1,36.4,3,2022,2,0.67,12.7,2,1,2,0,1,0,1,0,0,0,0,1,0,0,1,0,0,0,0,0,0,0,1,0,0
55,55516,2,0,1,60,0,1,1,5,43.8,29,2023,7,0.0,30.0,3,1,2,1,0,0,0,0,0,0,0,0,1,1,0,0,0,0,0,1,0,0,0,0,0
26,73553,4,1,1,41,0,4,2,0,46.8,5,2021,5,0.25,10.2,0,2,2,1,0,0,0,0,0,0,0,0,0,0,0,1,0,1,0,0,0,0,0,0,0
56,17078,8,0,4,0,1,3,1,4,30.8,29,2017,9,0.0,0.0,3,0,2,0,0,0,0,0,1,0,0,1,0,1,0,0,0,1,0,1,0,0,0,0,0
42,47821,6,3,2,9,1,1,4,1,19.5,5,2019,8,0.5,1.5,2,1,1,0,1,0,0,0,1,0,0,1,0,0,0,1,0,1,0,0,0,0,1,0,0
27,29132,8,6,5,58,0,4,1,5,45.4,0,2017,6,0.75,7.2,0,0,2,1,0,0,0,0,1,1,0,0,0,0,0,1,0,0,0,1,0,0,0,0,0
40,65119,3,3,2,18,1,2,2,2,28.1,0,2022,3,1.0,6.0,1,1,2,0,0,0,0,0,0,0,0,0,1,1,0,0,0,1,0,0,1,0,0,0,0
53,95195,5,5,4,54,0,3,2,4,24.9,20,2020,2,1.0,10.8,3,2,1,0,0,0,0,0,0,0,0,0,1,0,1,0,0,1,0,0,0,0,0,0,0
54,104844,5,3,5,20,1,2,4,1,7.7,27,2020,8,0.6,4.0,3,3,0,1,0,0,1,0,0,1,0,0,0,0,0,0,0,1,0,0,1,0,0,0,0
59,34884,8,4,5,51,0,5,4,3,40.2,12,2017,9,0.5,6.4,3,0,2,0,0,0,1,0,0,0,0,0,1,0,0,0,1,0,1,1,0,0,0,0,0
55,51396,6,4,1,24,1,3,3,2,43.3,24,2019,6,0.67,4.0,3,1,2,0,0,1,0,0,0,0,0,0,1,0,0,0,0,0,1,0,1,0,0,0,0
57,31805,1,0,2,48,1,3,1,3,39.1,19,2024,6,0.0,48.0,3,0,2,1,0,1,0,0,0,0,1,0,0,1,0,0,0,0,1,0,0,1,0,0,0
38,74679,3,3,4,42,0,3,1,4,22.2,27,2022,1,1.0,14.0,1,2,1,0,1,0,1,0,0,0,0,1,0,0,0,0,0,0,1,0,0,0,1,0,0
48,74551,2,0,5,45,1,2,4,5,10.7,2,2023,9,0.0,22.5,2,2,1,0,0,0,0,1,0,0,1,0,0,0,0,0,1,1,0,0,0,0,0,0,0
51,38964,1,1,4,29,1,4,1,4,8.0,8,2024,3,1.0,29.0,3,0,0,0,0,0,0,0,0,0,0,1,0,0,0,1,0,0,1,1,0,0,0,0,0
52,16873,6,1,5,13,0,3,4,0,21.4,7,2019,7,0.17,2.2,3,0,1,0,1,0,0,0,0,0,0,0,1,0,0,1,0,1,0,0,0,0,0,0,0
30,48878,6,4,1,58,1,1,2,1,34.6,17,2019,5,0.67,9.7,0,1,2,0,0,0,0,0,1,0,0,1,0,0,0,0,0,0,1,0,1,0,0,0,0
52,73018,3,1,2,35,1,1,3,4,26.8,4,2022,5,0.33,11.7,3,2,2,1,0,0,0,0,1,0,0,0,1,0,0,0,0,1,0,0,0,0,0,1,0
43,23764,7,3,3,59,0,2,4,4,39.7,25,2018,12,0.43,8.4,2,0,2,0,1,0,0,0,1,1,0,0,0,0,0,0,1,0,0,0,0,0,1,0,0
55,110817,3,1,1,28,0,2,3,5,10.3,27,2022,9,0.33,9.3,3,3,1,0,1,0,0,0,0,1,0,0,0,0,0,1,0,1,0,0,0,0,1,0,0
50,23328,7,2,3,42,0,5,1,0,23.3,4,2018,12,0.29,6.0,2,0,1,0,1,0,0,1,0,0,1,0,0,0,0,0,1,1,0,0,0,1,0,0,0
57,47849,9,4,2,7,0,5,3,1,33.9,17,2016,12,0.44,0.8,3,1,2,0,1,0,0,0,0,0,1,0,0,0,1,0,0,0,0,0,0,0,0,0,0
40,16209,9,4,5,55,1,4,3,2,19.5,25,2016,9,0.44,6.1,1,0,1,1,0,0,0,0,0,1,0,0,0,0,0,0,1,0,1,1,0,0,0,0,0
57,70223,3,3,5,31,1,1,2,5,9.3,2,2022,11,1.0,10.3,3,2,0,0,0,1,0,0,0,1,0,0,0,0,0,0,1,0,0,0,0,0,1,0,0
34,27336,7,1,3,11,1,2,2,4,39.2,17,2018,8,0.14,1.6,1,0,2,1,0,0,1,0,0,0,0,1,0,1,0,0,0,1,0,0,0,1,0,0,0
36,67892,4,0,1,4,1,1,1,4,4.0,3,2021,6,0.0,1.0,1,1,0,0,1,0,1,0,0,0,1,0,0,0,0,1,0,0,0,0,0,0,0,1,0
26,119562,1,1,5,59,0,1,1,3,19.5,24,2024,1,1.0,59.0,0,3,1,0,0,1,0,0,0,0,0,1,0,0,0,0,1,0,1,0,0,0,0,0,0
40,76966,4,1,1,8,1,4,3,0,30.1,7,2021,4,0.25,2.0,1,2,2,0,0,0,0,1,0,0,0,1,0,0,0,0,1,0,1,0,0,0,1,0,0
26,36637,1,0,2,6,0,2,1,1,36.4,1,2024,5,0.0,6.0,0,0,2,0,0,0,0,0,1,1,0,0,0,0,0,0,0,0,0,0,1,0,0,0,0
41,63260,9,8,3,45,0,5,4,4,41.5,6,2016,11,0.89,5.0,2,1,2,0,1,0,0,1,0,1,0,0,0,0,0,1,0,0,1,1,0,0,0,0,0
31,88718,7,3,4,21,1,2,4,1,2.4,16,2018,5,0.43,3.0,1,2,0,0,1,0,0,1,0,0,0,0,0,0,0,1,0,0,1,0,0,1,0,0,0
58,45025,10,7,5,49,0,2,2,1,9.2,30,2015,9,0.7,4.9,3,1,0,0,0,0,1,0,0,0,0,0,0,0,1,0,0,0,0,1,0,0,0,0,0
25,107129,6,3,4,5,1,5,2,4,10.2,19,2019,4,0.5,0.8,0,3,1,1,0,0,0,0,1,1,0,0,0,1,0,0,0,0,0,0,0,1,0,0,0
56,39512,4,3,2,31,1,5,2,2,7.8,2,2021,3,0.75,7.8,3,0,0,0,0,1,0,0,0,0,0,0,0,0,0,1,0,1,0,0,0,0,0,0,1
25,87621,7,5,3,56,0,3,2,4,20.6,18,2018,11,0.71,8.0,0,2,1,0,1,0,0,1,0,0,0,0,0,1,0,0,0,0,1,0,0,0,0,1,0
40,108806,6,6,1,38,0,5,1,4,18.9,4,2019,5,1.0,6.3,1,3,1,1,0,0,0,0,0,1,0,0,0,1,0,0,0,0,0,0,0,0,0,0,0
33,116388,5,1,5,54,0,4,1,5,25.8,15,2020,6,0.2,10.8,1,3,2,1,0,0,0,0,1,0,1,0,0,0,1,0,0,1,0,0,1,0,0,0,0
36,54883,5,2,4,34,0,5,4,5,9.5,23,2020,12,0.4,6.8,1,1,0,0,1,0,0,0,1,0,0,0,1,0,0,0,0,1,0,0,0,0,0,0,0
45,97156,6,0,2,25,0,1,1,1,2.1,5,2019,3,0.0,4.2,2,2,0,0,0,0,0,1,0,0,0,0,1,0,1,0,0,1,0,0,0,0,0,0,0
22,42400,1,1,5,18,1,1,1,0,4.7,10,2024,2,1.0,18.0,0,1,0,0,0,0,0,0,1,0,0,0,1,0,1,0,0,0,0,0,0,0,1,0,0
47,83353,4,3,2,38,0,1,3,4,30.2,19,2021,8,0.75,9.5,2,2,2,0,1,0,1,0,0,0,0,1,0,0,0,0,1,0,1,0,0,0,0,0,0
40,97295,3,1,5,41,0,5,2,3,1.8,16,2022,6,0.33,13.7,1,2,0,0,0,0,0,1,0,0,0,0,0,0,1,0,0,0,0,1,0,0,0,0,0
41,100429,2,2,1,2,0,1,3,5,45.9,21,2023,2,1.0,1.0,2,3,2,1,0,1,0,0,0,0,1,0,0,0,0,1,0,0,1,0,0,0,1,0,0
27,28882,4,2,3,31,1,5,1,4,19.0,16,2021,11,0.5,7.8,0,0,1,0,0,0,0,0,1,0,0,0,1,1,0,0,0,0,1,0,0,0,0,0,0
28,47471,2,0,2,23,0,2,1,2,32.5,20,2023,9,0.0,11.5,0,1,2,0,1,0,1,0,0,0,0,1,0,0,1,0,0,0,1,0,0,0,0,1,0
42,53884,2,1,3,60,0,3,3,3,27.3,19,2023,7,0.5,30.0,2,1,2,0,0,1,0,0,0,0,0,0,0,0,0,0,0,1,0,1,0,0,0,0,0
31,96624,4,0,2,18,1,1,2,4,43.8,12,2021,9,0.0,4.5,1,2,2,0,1,0,0,1,0,1,0,0,0,0,1,0,0,0,0,0,1,0,0,0,0
40,34257,4,3,3,47,0,5,2,4,49.9,26,2021,11,0.75,11.8,1,0,2,1,0,0,0,0,0,1,0,0,0,0,0,1,0,0,1,0,0,0,1,0,0
39,44186,10,10,3,19,0,1,1,0,33.5,19,2015,6,1.0,1.9,1,1,2,0,1,0,1,0,0,0,1,0,0,0,0,1,0,0,0,0,0,1,0,0,0
32,68352,4,0,1,44,1,5,1,0,21.3,29,2021,2,0.0,11.0,1,1,1,0,0,1,0,0,0,1,0,0,0,0,0,0,1,1,0,0,0,1,0,0,0
26,59928,8,5,4,39,1,4,4,1,7.2,27,2017,9,0.62,4.9,0,1,0,0,1,1,0,0,0,0,0,0,1,0,0,1,0,0,0,0,0,0,1,0,0
51,53113,4,0,2,28,1,3,3,1,13.1,21,2021,12,0.0,7.0,3,1,1,0,1,0,1,0,0,0,0,0,1,1,0,0,0,1,0,0,1,0,0,0,0
44,68763,5,5,1,48,1,2,2,5,48.4,20,2020,12,1.0,9.6,2,1,2,0,1,0,0,0,1,1,0,0,0,1,0,0,0,1,0,0,0,0,0,0,0
43,108505,6,2,4,38,1,3,1,4,37.0,9,2019,7,0.33,6.3,2,3,2,1,0,0,0,0,1,0,0,1,0,0,0,0,0,1,0,0,0,0,0,0,1
44,69709,5,4,5,57,0,5,1,3,42.4,9,2020,1,0.8,11.4,2,1,2,0,1,0,0,0,1,0,0,0,0,0,1,0,0,0,0,0,0,0,1,0,0
48,78656,2,2,2,6,0,3,3,1,49.7,6,2023,12,1.0,3.0,2,2,2,0,1,0,0,0,0,0,0,1,0,1,0,0,0,1,0,0,0,0,0,1,0
54,97387,3,0,3,17,0,4,2,1,17.8,11,2022,9,0.0,5.7,3,2,1,1,0,0,0,0,0,1,0,0,0,0,0,0,1,1,0,0,0,1,0,0,0
46,84126,5,2,5,24,1,3,4,1,35.3,11,2020,12,0.4,4.8,2,2,2,0,1,1,0,0,0,0,1,0,0,0,1,0,0,0,0,0,0,0,0,1,0
34,75451,9,5,4,52,0,2,4,5,27.8,11,2016,11,0.56,5.8,1,2,2,0,1,0,0,1,0,0,1,0,0,1,0,0,0,0,0,0,0,0,1,0,0
28,33479,2,1,2,1,0,4,1,1,23.7,19,2023,5,0.5,0.5,0,0,1,0,1,0,0,0,1,1,0,0,0,0,0,0,1,0,0,0,0,1,0,0,0
59,89734,6,4,4,59,1,3,3,0,36.7,26,2019,10,0.67,9.8,3,2,2,1,0,0,0,1,0,1,0,0,0,0,0,1,0,0,1,0,0,0,0,0,0
52,42119,6,4,2,48,1,4,1,0,24.8,30,2019,3,0.67,8.0,3,1,1,0,0,1,0,0,0,0,1,0,0,0,0,0,0,0,1,0,0,0,1,0,0
49,36095,2,1,2,12,1,4,1,1,26.9,7,2023,12,0.5,6.0,2,0,2,0,1,0,0,0,0,0,0,0,0,0,0,0,0,1,0,0,0,0,0,0,1
33,40949,2,1,5,41,1,4,1,4,22.6,25,2023,7,0.5,20.5,1,1,1,0,1,1,0,0,0,1,0,0,0,0,0,0,1,1,0,0,1,0,0,0,0
44,110770,5,1,2,9,1,4,3,5,6.2,8,2020,11,0.2,1.8,2,3,0,0,1,0,1,0,0,1,0,0,0,1,0,0,0,1,0,0,0,1,0,0,0
44,110408,3,1,4,10,0,2,3,2,7.3,14,2022,3,0.33,3.3,2,3,0,1,0,1,0,0,0,1,0,0,0,0,0,0,1,0,1,0,0,0,0,0,1
41,103587,9,1,4,17,0,1,3,0,17.0,26,2016,12,0.11,1.9,2,3,1,0,0,0,0,1,0,0,0,1,0,0,0,0,1,1,0,0,1,0,0,0,0
34,44932,5,3,5,14,1,1,4,5,26.0,13,2020,9,0.6,2.8,1,1,2,0,0,0,0,1,0,0,0,0,0,0,1,0,0,1,0,0,0,0,0,0,0
31,109153,7,1,1,6,1,4,1,4,19.4,29,2018,4,0.14,0.9,1,3,1,0,1,0,0,0,0,0,0,0,0,0,0,1,0,0,0,0,0,0,0,0,1
27,108392,5,5,4,25,0,3,3,5,10.4,15,2020,8,1.0,5.0,0,3,1,1,0,0,0,1,0,0,0,0,0,0,0,1,0,0,1,0,0,0,0,1,0
25,49463,2,0,3,35,1,5,1,2,8.4,8,2023,2,0.0,17.5,0,1,0,0,1,1,0,0,0,0,0,0,0,0,0,0,1,0,0,0,0,0,0,0,0
42,60843,7,5,3,41,1,2,2,4,14.3,6,2018,10,0.71,5.9,2,1,1,1,0,0,0,0,0,0,1,0,0,0,0,1,0,1,0,0,1,0,0,0,0
43,42121,7,5,1,26,1,1,1,3,12.2,11,2018,2,0.71,3.7,2,1,1,0,1,1,0,0,0,0,0,0,1,0,0,1,0,0,0,0,0,0,0,0,1
31,46996,10,10,3,7,0,1,1,3,33.7,22,2015,9,1.0,0.7,1,1,2,0,0,1,0,0,0,0,1,0,0,0,0,1,0,0,1,0,0,0,1,0,0
51,51787,3,3,4,47,0,5,4,5,10.6,21,2022,2,1.0,15.7,3,1,1,1,0,0,0,1,0,1,0,0,0,1,0,0,0,1,0,0,0,1,0,0,0
52,104614,8,8,1,5,0,5,3,3,32.1,8,2017,10,1.0,0.6,3,3,2,1,0,0,0,0,1,0,0,0,1,0,0,0,0,0,0,0,0,0,0,1,0
49,75305,3,0,4,13,0,5,3,0,2.6,25,2022,4,0.0,4.3,2,2,0,0,1,0,0,0,0,0,1,0,0,0,0,1,0,0,1,1,0,0,0,0,0
37,117126,5,3,4,58,0,4,4,2,21.0,11,2020,2,0.6,11.6,1,3,1,0,1,0,1,0,0,0,1,0,0,0,0,0,0,0,1,0,0,0,0,0,0
41,45685,6,0,5,46,0,3,2,2,22.0,21,2019,8,0.0,7.7,2,1,1,0,1,0,0,0,1,0,1,0,0,0,0,0,1,0,0,0,0,0,0,0,0
25,59646,6,0,4,41,1,4,1,1,33.5,1,2019,7,0.0,6.8,0,1,2,0,1,0,0,0,0,0,0,0,1,0,0,1,0,1,0,0,0,0,1,0,0
40,24861,10,5,4,50,0,5,3,3,46.4,19,2015,11,0.5,5.0,1,0,2,0,0,1,0,0,0,0,0,0,1,1,0,0,0,1,0,0,0,0,0,1,0
59,17187,5,1,1,3,0,1,1,4,41.5,18,2020,8,0.2,0.6,3,0,2,0,0,1,0,0,0,0,0,1,0,0,0,0,1,0,0,0,0,0,0,1,0
58,77293,9,5,3,15,1,2,1,5,47.4,25,2016,4,0.56,1.7,3,2,2,0,1,0,0,1,0,0,0,0,0,0,0,1,0,0,1,1,0,0,0,0,0
44,40233,7,4,3,54,1,5,4,1,11.3,12,2018,7,0.57,7.7,2,1,1,0,0,0,1,0,0,0,0,0,0,0,0,1,0,1,0,0,0,0,1,0,0
53,92915,10,0,3,3,0,5,1,0,17.1,18,2015,11,0.0,0.3,3,2,1,1,0,0,0,0,1,0,1,0,0,1,0,0,0,0,1,0,0,0,0,0,0
51,100432,9,4,4,11,0,3,3,4,30.8,29,2016,6,0.44,1.2,3,3,2,0,1,0,0,0,1,0,0,0,1,0,1,0,0,0,1,0,0,0,0,0,1
30,24140,5,3,2,34,0,4,2,3,13.7,15,2020,3,0.6,6.8,0,0,1,0,1,0,0,0,1,0,1,0,0,1,0,0,0,1,0,0,0,0,0,0,1
59,42628,9,0,3,52,0,5,1,2,13.4,12,2016,12,0.0,5.8,3,1,1,0,0,1,0,0,0,0,1,0,0,0,0,0,1,1,0,0,1,0,0,0,0
42,43801,3,2,4,4,1,3,1,0,10.1,12,2022,7,0.67,1.3,2,1,1,0,0,0,1,0,0,0,0,1,0,0,0,0,0,1,0,0,0,1,0,0,0
60,42381,3,0,5,32,1,5,3,0,17.6,0,2022,9,0.0,10.7,3,1,1,0,0,0,0,0,0,0,0,1,0,0,0,0,0,1,0,0,0,1,0,0,0
38,106612,9,5,2,13,1,1,2,0,23.7,10,2016,12,0.56,1.4,1,3,1,0,1,0,1,0,0,0,1,0,0,0,0,0,1,0,0,1,0,0,0,0,0
43,63800,5,5,2,12,0,1,4,3,20.6,7,2020,3,1.0,2.4,2,1,1,0,1,0,0,0,1,1,0,0,0,0,0,0,1,0,0,0,0,0,0,0,1
23,47318,2,2,3,44,1,1,3,1,42.1,26,2023,9,1.0,22.0,0,1,2,0,0,1,0,0,0,0,0,0,0,0,1,0,0,1,0,0,0,0,1,0,0
38,80654,7,0,1,5,0,1,2,4,27.5,13,2018,7,0.0,0.7,1,2,2,0,0,1,0,0,0,0,0,0,0,0,0,1,0,0,1,0,0,0,0,0,0
46,68277,4,1,4,48,1,4,1,0,32.6,27,2021,10,0.25,12.0,2,1,2,0,1,1,0,0,0,0,0,0,1,0,0,0,0,0,0,0,1,0,0,0,0
32,38505,10,6,2,57,1,3,1,4,43.3,19,2015,7,0.6,5.7,1,0,2,0,0,0,0,0,0,0,1,0,0,0,0,1,0,0,1,0,0,0,0,1,0
39,26236,4,3,3,17,0,1,1,1,16.2,19,2021,11,0.75,4.2,1,0,1,1,0,0,0,0,1,0,0,0,1,0,0,1,0,0,1,0,0,1,0,0,0
42,77593,7,4,1,11,0,2,4,1,14.3,6,2018,9,0.57,1.6,2,2,1,0,1,0,0,1,0,0,1,0,0,0,0,1,0,0,1,0,0,0,1,0,0
25,23556,3,0,5,34,0,1,4,3,9.0,25,2022,3,0.0,11.3,0,0,0,1,0,0,0,1,0,0,0,1,0,1,0,0,0,0,1,0,0,1,0,0,0
51,119712,8,3,3,38,0,2,1,0,24.7,0,2017,9,0.38,4.8,3,3,1,1,0,0,0,0,1,1,0,0,0,0,1,0,0,0,1,0,0,0,0,0,1
35,66150,8,0,5,32,0,5,4,3,1.2,21,2017,1,0.0,4.0,1,1,0,0,0,0,1,0,0,0,0,0,0,0,0,0,0,0,0,0,0,1,0,0,0
35,96449,8,5,4,39,1,4,3,2,46.0,19,2017,6,0.62,4.9,1,2,2,0,0,0,0,0,1,0,0,1,0,0,0,0,0,0,0,0,0,0,0,0,0
45,72576,8,7,2,17,1,1,1,0,28.2,10,2017,1,0.88,2.1,2,2,2,0,1,1,0,0,0,0,0,0,1,0,1,0,0,1,0,0,0,0,0,0,1
38,118869,9,4,3,37,1,5,4,5,19.3,20,2016,7,0.44,4.1,1,3,1,1,0,1,0,0,0,1,0,0,0,0,0,0,1,0,1,0,0,1,0,0,0
52,112144,3,2,5,14,0,2,3,3,21.1,27,2022,11,0.67,4.7,3,3,1,1,0,0,1,0,0,0,0,0,1,1,0,0,0,0,1,1,0,0,0,0,0
26,20144,6,4,5,13,1,4,2,3,13.2,15,2019,8,0.67,2.2,0,0,1,1,0,0,0,0,1,0,1,0,0,0,0,0,0,0,0,0,0,0,1,0,0
31,86560,5,4,5,29,0,4,1,3,31.9,21,2020,10,0.8,5.8,1,2,2,1,0,1,0,0,0,1,0,0,0,0,1,0,0,0,1,0,0,0,1,0,0
39,98054,3,2,3,18,1,4,4,5,21.9,10,2022,6,0.67,6.0,1,2,1,0,1,0,0,0,1,1,0,0,0,0,0,1,0,0,1,1,0,0,0,0,0
45,44019,3,0,4,8,0,3,4,5,4.6,20,2022,8,0.0,2.7,2,1,0,1,0,0,0,1,0,0,0,0,1,0,0,1,0,0,1,0,0,0,1,0,0
36,119220,4,0,2,27,0,5,1,4,23.4,18,2021,8,0.0,6.8,1,3,1,0,1,1,0,0,0,0,1,0,0,0,1,0,0,0,1,0,0,0,0,1,0
51,35731,2,0,1,15,1,2,1,0,15.5,12,2023,8,0.0,7.5,3,0,1,0,0,0,0,0,1,0,0,1,0,0,0,0,0,0,0,0,1,0,0,0,0
25,83678,1,1,4,43,1,1,4,0,28.3,18,2024,5,1.0,43.0,0,2,2,0,1,0,0,0,0,0,0,0,1,0,0,1,0,1,0,0,0,0,0,0,0
40,103080,2,0,4,29,1,4,4,0,3.9,27,2023,10,0.0,14.5,1,3,0,0,0,1,0,0,0,0,0,0,1,0,0,1,0,1,0,0,0,1,0,0,0
23,70808,1,1,4,39,1,5,2,1,43.5,8,2024,4,1.0,39.0,0,2,2,0,1,0,1,0,0,1,0,0,0,1,0,0,0,0,0,0,0,0,0,0,0
22,74021,2,0,3,25,1,3,2,1,23.7,10,2023,1,0.0,12.5,0,2,1,0,0,0,0,0,1,1,0,0,0,0,0,0,1,1,0,0,0,0,1,0,0
22,25502,10,8,3,35,1,1,2,3,7.5,27,2015,11,0.8,3.5,0,0,0,0,1,1,0,0,0,0,0,0,1,0,0,0,0,0,1,0,0,0,1,0,0
38,23027,9,8,2,50,1,5,1,5,17.2,26,2016,4,0.89,5.6,1,0,1,0,0,0,0,1,0,0,0,0,1,0,0,1,0,0,1,0,0,1,0,0,0
36,62924,9,3,2,27,1,3,1,0,12.1,28,2016,12,0.33,3.0,1,1,1,0,0,0,0,0,0,1,0,0,0,0,0,1,0,0,0,0,0,0,0,0,0
22,36928,4,3,4,51,0,5,4,0,46.1,10,2021,8,0.75,12.8,0,0,2,1,0,1,0,0,0,0,0,0,0,0,0,0,0,1,0,0,0,1,0,0,0
55,42953,2,0,5,5,0,1,4,5,5.9,26,2023,4,0.0,2.5,3,1,0,0,1,0,0,0,0,0,1,0,0,1,0,0,0,0,1,0,0,0,0,0,1
53,40475,10,2,3,32,0,5,2,2,1.1,1,2015,6,0.2,3.2,3,1,0,1,0,0,0,0,1,0,0,0,0,0,0,0,1,0,1,0,1,0,0,0,0
31,118155,5,4,1,48,1,1,2,5,22.3,5,2020,11,0.8,9.6,1,3,1,0,1,1,0,0,0,0,1,0,0,0,0,0,0,0,0,0,0,0,1,0,0
23,93321,2,0,5,50,0,4,3,0,16.8,13,2023,4,0.0,25.0,0,2,1,0,0,0,0,0,0,0,0,1,0,0,0,0,0,0,1,0,0,0,0,0,1
32,66168,6,6,4,18,1,4,3,5,17.3,20,2019,11,1.0,3.0,1,1,1,0,1,0,0,1,0,0,0,0,0,0,1,0,0,0,1,0,0,0,0,1,0
35,73165,9,9,4,28,1,1,4,1,11.6,19,2016,7,1.0,3.1,1,2,1,1,0,0,0,0,1,0,0,0,0,0,0,0,0,0,1,0,0,1,0,0,0
28,114075,10,9,2,28,1,5,1,1,11.5,26,2015,10,0.9,2.8,0,3,1,1,0,1,0,0,0,0,0,1,0,1,0,0,0,0,0,0,0,0,0,1,0
32,54531,7,1,2,20,1,1,2,3,14.3,4,2018,4,0.14,2.9,1,1,1,1,0,0,1,0,0,0,0,1,0,0,1,0,0,0,0,0,0,0,0,0,0
28,39777,9,8,2,60,0,1,3,5,12.3,0,2016,10,0.89,6.7,0,0,1,0,0,1,0,0,0,0,0,0,0,0,0,0,0,1,0,1,0,0,0,0,0
51,18442,5,4,2,10,1,2,3,4,49.1,12,2020,9,0.8,2.0,3,0,2,0,1,0,0,1,0,0,0,1,0,0,0,0,1,0,0,0,0,0,1,0,0
42,90468,9,0,3,10,1,2,3,0,43.7,26,2016,7,0.0,1.1,2,2,2,1,0,0,0,0,1,0,1,0,0,1,0,0,0,0,1,0,0,0,0,1,0
57,95631,5,1,5,6,1,4,4,5,35.8,21,2020,2,0.2,1.2,3,2,2,0,0,0,1,0,0,0,0,1,0,0,0,1,0,0,1,0,1,0,0,0,0
24,38705,6,6,5,3,1,2,3,3,12.0,19,2019,8,1.0,0.5,0,0,1,0,1,0,0,0,0,0,0,1,0,0,1,0,0,0,1,0,0,0,0,0,0
40,101198,9,6,2,34,1,3,3,4,25.6,27,2016,7,0.67,3.8,1,3,2,0,0,1,0,0,0,0,1,0,0,0,0,0,0,0,1,0,1,0,0,0,0
23,28300,7,5,1,8,0,5,3,3,19.0,23,2018,3,0.71,1.1,0,0,1,0,1,0,1,0,0,0,1,0,0,0,1,0,0,1,0,0,0,1,0,0,0
50,27897,8,3,3,35,0,4,1,4,36.3,0,2017,9,0.38,4.4,2,0,2,0,0,0,1,0,0,0,0,0,1,0,1,0,0,0,0,0,0,0,0,0,0
59,64130,4,2,2,48,1,4,2,4,24.7,26,2021,2,0.5,12.0,3,1,1,0,1,0,0,1,0,0,0,1,0,0,0,0,1,0,1,0,1,0,0,0,0
28,89370,4,3,1,15,1,5,3,5,50.0,27,2021,6,0.75,3.8,0,2,2,0,1,0,1,0,0,1,0,0,0,0,0,0,1,1,0,0,0,1,0,0,0
42,71735,10,8,1,14,0,2,1,2,37.5,2,2015,8,0.8,1.4,2,2,2,0,0,0,0,0,1,0,0,0,0,0,0,1,0,1,0,0,0,1,0,0,0
22,58736,10,6,2,50,1,4,4,2,41.1,3,2015,10,0.6,5.0,0,1,2,0,1,0,0,0,0,1,0,0,0,1,0,0,0,0,0,0,0,0,0,0,1
42,98052,9,8,3,36,1,1,1,3,20.7,20,2016,8,0.89,4.0,2,2,1,1,0,0,1,0,0,0,0,1,0,0,0,0,1,0,0,0,0,0,1,0,0
28,45378,2,0,2,54,0,5,1,4,40.5,16,2023,7,0.0,27.0,0,1,2,0,1,1,0,0,0,0,0,0,1,1,0,0,0,1,0,0,1,0,0,0,0
58,19692,8,0,4,57,1,5,1,0,48.7,12,2017,2,0.0,7.1,3,0,2,1,0,0,1,0,0,1,0,0,0,1,0,0,0,1,0,1,0,0,0,0,0
24,38990,9,6,2,50,0,4,3,4,15.3,16,2016,5,0.67,5.6,0,0,1,0,1,0,1,0,0,0,1,0,0,0,0,0,0,0,1,0,0,0,0,0,0
51,84621,8,1,1,4,1,3,2,5,29.7,24,2017,9,0.12,0.5,3,2,2,0,0,0,0,1,0,0,0,1,0,0,0,1,0,1,0,1,0,0,0,0,0
55,112613,7,4,3,59,1,2,3,5,45.1,1,2018,6,0.57,8.4,3,3,2,0,0,0,1,0,0,0,0,1,0,0,1,0,0,0,0,0,1,0,0,0,0
32,100650,5,5,5,33,0,3,3,4,36.5,8,2020,10,1.0,6.6,1,3,2,1,0,0,0,0,1,0,0,1,0,1,0,0,0,0,0,0,0,0,0,1,0
40,113637,4,0,5,39,0,5,2,5,47.9,3,2021,1,0.0,9.8,1,3,2,0,0,1,0,0,0,0,0,0,0,0,0,0,1,1,0,0,1,0,0,0,0
32,44488,6,6,4,50,1,3,2,1,18.0,9,2019,10,1.0,8.3,1,1,1,0,1,0,1,0,0,1,0,0,0,0,0,1,0,1,0,0,0,1,0,0,0
50,56682,3,0,3,16,1,3,2,5,18.6,4,2022,12,0.0,5.3,2,1,1,0,0,0,0,0,0,0,1,0,0,0,0,0,0,0,0,1,0,0,0,0,0
55,29339,7,3,1,24,0,3,3,1,28.8,30,2018,8,0.43,3.4,3,0,2,1,0,0,0,1,0,0,0,0,0,1,0,0,0,0,1,1,0,0,0,0,0
30,54594,3,2,3,11,0,4,1,2,7.7,12,2022,12,0.67,3.7,0,1,0,1,0,0,0,0,0,1,0,0,0,0,1,0,0,0,1,0,0,0,0,0,1
54,93701,10,10,4,21,1,2,2,1,3.9,27,2015,12,1.0,2.1,3,2,0,1,0,1,0,0,0,0,1,0,0,0,0,0,0,0,0,0,0,1,0,0,0
22,38900,8,6,1,20,1,4,1,3,6.5,15,2017,9,0.75,2.5,0,0,0,0,0,0,0,1,0,0,0,0,0,1,0,0,0,1,0,0,0,0,0,0,1
51,46056,3,0,3,32,1,3,1,2,38.6,25,2022,12,0.0,10.7,3,1,2,0,1,0,1,0,0,1,0,0,0,0,1,0,0,1,0,1,0,0,0,0,0
26,67234,7,2,4,18,1,5,2,1,22.2,25,2018,6,0.29,2.6,0,1,1,1,0,0,0,1,0,0,0,1,0,0,0,0,1,1,0,0,0,0,1,0,0
39,67206,6,4,5,57,0,3,2,4,29.4,16,2019,6,0.67,9.5,1,1,2,0,0,0,0,1,0,0,0,0,1,0,0,0,1,0,0,0,0,0,0,1,0
41,48084,4,1,2,47,1,1,4,2,37.8,3,2021,4,0.25,11.8,2,1,2,1,0,0,0,0,1,0,0,0,1,0,0,1,0,0,0,0,0,0,0,0,0
55,33264,6,6,5,5,1,3,4,3,29.3,29,2019,2,1.0,0.8,3,0,2,0,1,0,0,0,1,1,0,0,0,1,0,0,0,0,0,0,0,0,0,0,0
39,24783,5,0,2,35,0,2,4,2,16.8,3,2020,2,0.0,7.0,1,0,1,1,0,0,0,1,0,0,0,0,0,0,0,0,0,0,0,1,0,0,0,0,0
29,118478,3,1,2,4,0,5,2,2,20.8,23,2022,10,0.33,1.3,0,3,1,1,0,0,0,0,1,0,1,0,0,0,1,0,0,0,0,0,0,0,0,1,0
43,117288,8,6,2,54,1,1,2,1,44.8,29,2017,7,0.75,6.8,2,3,2,1,0,0,0,1,0,0,0,1,0,1,0,0,0,1,0,0,0,0,1,0,0
60,94440,5,5,4,6,1,4,2,5,34.6,17,2020,3,1.0,1.2,3,2,2,0,0,0,0,0,0,0,0,0,0,0,0,0,1,0,1,0,0,0,0,0,0
52,42332,7,6,3,54,1,3,4,4,32.2,19,2018,6,0.86,7.7,3,1,2,0,1,1,0,0,0,0,0,1,0,0,0,0,0,1,0,0,1,0,0,0,0
46,70309,1,0,1,27,1,2,2,5,19.7,30,2024,5,0.0,27.0,2,2,1,0,1,0,0,0,0,0,0,1,0,0,0,0,0,1,0,0,1,0,0,0,0
60,66286,4,1,1,41,0,2,4,2,18.8,10,2021,5,0.25,10.2,3,1,1,1,0,0,1,0,0,0,0,0,0,0,1,0,0,0,1,0,0,0,1,0,0
24,51782,3,2,3,17,0,2,1,0,34.7,14,2022,6,0.67,5.7,0,1,2,1,0,0,0,1,0,0,0,0,1,0,1,0,0,0,1,0,0,1,0,0,0
26,114805,5,2,1,34,1,3,3,0,26.8,14,2020,5,0.4,6.8,0,3,2,1,0,0,0,0,0,0,0,0,1,0,0,1,0,1,0,0,0,0,0,0,1
30,75737,6,2,4,55,0,1,4,0,7.0,13,2019,12,0.33,9.2,0,2,0,0,0,1,0,0,0,1,0,0,0,0,0,0,0,1,0,1,0,0,0,0,0
37,37222,6,6,2,22,0,5,4,3,37.2,3,2019,11,1.0,3.7,1,0,2,1,0,1,0,0,0,0,1,0,0,0,0,0,0,0,1,0,0,0,0,0,1
25,66302,4,0,1,7,0,3,4,0,31.0,18,2021,11,0.0,1.8,0,1,2,0,1,0,0,0,1,1,0,0,0,0,0,1,0,1,0,1,0,0,0,0,0
22,20959,5,4,4,35,0,1,3,0,23.7,25,2020,2,0.8,7.0,0,0,1,1,0,0,0,0,1,0,0,0,0,0,0,0,1,0,1,0,0,0,0,1,0
45,15283,1,1,3,46,1,5,3,1,25.1,12,2024,5,1.0,46.0,2,0,2,0,1,1,0,0,0,0,0,0,1,0,0,0,0,0,0,0,0,0,1,0,0
24,40579,2,1,2,38,1,1,3,1,33.3,10,2023,5,0.5,19.0,0,1,2,0,0,0,0,1,0,0,0,1,0,0,0,0,1,0,1,0,0,0,0,1,0
52,114094,5,0,1,2,1,1,2,0,39.5,19,2020,1,0.0,0.4,3,3,2,1,0,0,0,1,0,1,0,0,0,0,0,0,0,1,0,0,1,0,0,0,0
42,93730,6,5,3,52,0,1,4,5,25.6,5,2019,5,0.83,8.7,2,2,2,0,0,1,0,0,0,0,0,1,0,1,0,0,0,1,0,0,0,0,1,0,0
56,105954,3,1,3,51,0,1,4,1,18.7,27,2022,7,0.33,17.0,3,3,1,0,1,0,0,0,1,0,1,0,0,0,0,1,0,0,0,0,0,0,1,0,0
33,90421,6,6,1,58,1,4,1,5,12.6,9,2019,5,1.0,9.7,1,2,1,0,1,0,0,1,0,0,0,0,1,1,0,0,0,1,0,0,0,0,0,0,1
37,48473,8,6,4,56,1,2,2,1,37.7,28,2017,1,0.75,7.0,1,1,2,0,1,0,0,0,0,0,1,0,0,0,1,0,0,0,0,1,0,0,0,0,0
38,111164,7,0,2,41,0,3,4,0,32.5,15,2018,1,0.0,5.9,1,3,2,0,1,0,1,0,0,0,1,0,0,0,0,1,0,0,0,0,0,1,0,0,0
27,84770,6,5,3,25,1,2,3,3,7.4,20,2019,1,0.83,4.2,0,2,0,0,0,0,0,0,1,0,0,1,0,0,0,1,0,0,0,1,0,0,0,0,0
23,119301,3,1,4,44,1,1,4,0,11.0,7,2022,1,0.33,14.7,0,3,1,0,1,0,1,0,0,0,0,0,0,0,0,0,1,1,0,0,0,0,0,0,1
24,80264,10,8,4,24,1,1,1,1,45.2,9,2015,8,0.8,2.4,0,2,2,0,0,1,0,0,0,0,1,0,0,0,1,0,0,0,0,1,0,0,0,0,0
50,58697,4,1,5,14,1,2,4,2,4.4,17,2021,7,0.25,3.5,2,1,0,0,0,0,0,0,0,0,0,0,0,0,0,0,1,0,1,0,0,0,0,0,0
47,80415,7,3,2,44,1,2,2,3,3.9,20,2018,8,0.43,6.3,2,2,0,1,0,0,1,0,0,0,1,0,0,0,0,0,0,0,0,0,1,0,0,0,0
52,97909,7,7,3,14,1,4,2,2,21.6,27,2018,4,1.0,2.0,3,2,1,1,0,0,0,0,1,1,0,0,0,0,1,0,0,0,1,0,0,1,0,0,0
22,92533,6,6,1,32,0,4,3,2,13.7,25,2019,11,1.0,5.3,0,2,1,0,1,0,0,1,0,1,0,0,0,0,0,0,0,0,1,0,1,0,0,0,0
51,114793,8,6,4,41,1,4,3,5,15.3,14,2017,3,0.75,5.1,3,3,1,1,0,0,0,0,0,1,0,0,0,0,1,0,0,1,0,0,1,0,0,0,0
60,69166,3,0,2,22,0,2,1,4,30.5,12,2022,3,0.0,7.3,3,1,2,1,0,0,0,0,0,0,0,0,1,0,0,1,0,0,0,0,0,0,0,0,1
53,79796,5,4,5,8,0,1,2,4,46.3,7,2020,12,0.8,1.6,3,2,2,1,0,0,0,0,1,0,0,0,0,0,0,0,0,1,0,0,1,0,0,0,0
22,106620,4,2,3,34,0,1,4,1,45.7,30,2021,1,0.5,8.5,0,3,2,0,0,0,0,1,0,0,0,0,1,0,0,1,0,0,1,0,1,0,0,0,0
47,31569,6,5,1,8,1,3,4,4,11.5,8,2019,11,0.83,1.3,2,0,1,1,0,0,1,0,0,0,0,1,0,0,1,0,0,1,0,0,0,0,0,0,0
27,69455,8,5,3,49,0,1,4,1,35.6,25,2017,7,0.62,6.1,0,1,2,1,0,0,0,1,0,1,0,0,0,0,0,0,0,0,1,0,0,0,0,0,1
38,70942,5,5,5,17,0,1,1,0,43.5,5,2020,10,1.0,3.4,1,2,2,0,0,0,1,0,0,0,1,0,0,0,0,0,1,1,0,0,0,0,0,1,0
54,96677,9,0,4,18,0,3,2,0,32.3,0,2016,3,0.0,2.0,3,2,2,0,1,0,0,0,1,1,0,0,0,0,0,0,0,0,0,0,0,1,0,0,0
24,28618,3,3,2,9,1,2,2,2,35.1,8,2022,12,1.0,3.0,0,0,2,0,0,0,1,0,0,0,0,0,0,1,0,0,0,1,0,0,1,0,0,0,0
23,90248,10,4,1,29,0,2,2,4,47.8,23,2015,8,0.4,2.9,0,2,2,0,0,0,0,1,0,1,0,0,0,1,0,0,0,0,1,0,0,0,0,1,0
34,17040,4,2,2,21,0,3,1,3,48.7,30,2021,10,0.5,5.2,1,0,2,0,0,0,1,0,0,0,1,0,0,0,0,1,0,0,0,0,0,0,0,0,0
60,116851,10,6,2,59,1,2,1,4,21.4,8,2015,7,0.6,5.9,3,3,1,0,0,0,0,1,0,1,0,0,0,0,0,0,1,0,1,0,0,1,0,0,0
43,98063,6,6,3,40,1,5,4,1,1.4,2,2019,2,1.0,6.7,2,2,0,1,0,0,0,0,0,0,0,1,0,0,0,1,0,0,1,0,0,0,0,0,0
43,35154,5,4,2,32,1,2,2,2,3.1,6,2020,8,0.8,6.4,2,0,0,0,1,1,0,0,0,1,0,0,0,0,0,1,0,0,1,0,0,0,0,0,0
27,55417,3,3,4,56,0,4,2,0,1.0,14,2022,1,1.0,18.7,0,1,0,1,0,0,1,0,0,0,0,0,0,1,0,0,0,0,1,0,0,0,0,0,1
60,96542,5,2,5,45,0,1,4,4,49.0,16,2020,6,0.4,9.0,3,2,2,0,1,0,0,0,0,0,0,0,0,0,0,0,1,1,0,0,0,1,0,0,0
38,74035,6,0,1,58,0,4,4,3,33.3,22,2019,10,0.0,9.7,1,2,2,1,0,0,0,0,0,0,1,0,0,0,0,1,0,1,0,0,0,0,0,0,0
35,35241,2,2,5,52,1,2,3,4,42.3,0,2023,2,1.0,26.0,1,0,2,0,1,0,0,0,1,0,0,0,1,1,0,0,0,0,1,0,0,0,1,0,0
53,61689,7,4,3,5,0,4,4,4,10.1,8,2018,5,0.57,0.7,3,1,1,0,0,1,0,0,0,0,1,0,0,0,1,0,0,0,1,0,1,0,0,0,0
44,71074,6,5,5,34,0,1,2,5,4.4,30,2019,7,0.83,5.7,2,2,0,1,0,0,0,0,0,0,0,0,1,0,0,0,1,0,0,0,1,0,0,0,0
44,70462,8,7,5,27,0,5,1,2,39.2,25,2017,8,0.88,3.4,2,2,2,1,0,1,0,0,0,0,1,0,0,0,0,0,0,1,0,0,0,0,0,0,1
22,21833,4,4,4,10,1,2,2,0,10.7,15,2021,7,1.0,2.5,0,0,1,0,0,0,0,0,1,1,0,0,0,0,0,0,1,1,0,0,0,0,0,0,1
56,68201,5,4,4,15,0,2,2,3,22.3,30,2020,1,0.8,3.0,3,1,1,0,1,0,1,0,0,1,0,0,0,0,0,0,1,0,1,0,0,0,1,0,0
53,119625,9,6,5,5,1,3,3,1,19.2,24,2016,5,0.67,0.6,3,3,1,1,0,0,0,0,0,0,0,0,1,0,0,1,0,0,0,0,0,0,1,0,0
39,114489,6,0,1,42,1,1,2,0,15.7,16,2019,10,0.0,7.0,1,3,1,0,0,0,0,0,1,0,1,0,0,0,0,1,0,0,1,0,1,0,0,0,0
23,53832,5,2,3,14,0,5,1,3,20.2,12,2020,4,0.4,2.8,0,1,1,1,0,0,1,0,0,0,0,0,1,1,0,0,0,0,1,0,0,0,1,0,0
41,59128,1,1,4,9,1,2,4,3,49.2,4,2024,4,1.0,9.0,2,1,2,0,0,0,0,0,1,0,0,0,0,0,0,1,0,0,0,0,0,0,1,0,0
51,96389,8,4,4,57,1,2,3,1,4.0,26,2017,9,0.5,7.1,3,2,0,1,0,0,0,1,0,0,0,0,0,0,0,1,0,0,1,1,0,0,0,0,0
42,58231,7,4,3,8,0,3,2,2,32.6,16,2018,5,0.57,1.1,2,1,2,0,0,0,0,1,0,0,0,0,0,0,0,0,0,1,0,0,1,0,0,0,0
38,74708,9,8,2,2,0,4,4,2,33.0,24,2016,10,0.89,0.2,1,2,2,1,0,0,0,0,1,0,0,0,0,0,0,0,1,0,0,0,1,0,0,0,0
25,68967,3,2,2,10,1,4,4,5,26.3,3,2022,6,0.67,3.3,0,1,2,1,0,0,0,0,0,0,0,1,0,0,0,1,0,1,0,0,1,0,0,0,0
44,23895,4,4,4,11,1,1,4,1,24.4,23,2021,10,1.0,2.8,2,0,1,1,0,0,0,0,0,0,0,1,0,0,1,0,0,0,1,0,0,1,0,0,0
58,81482,2,1,1,58,0,5,4,0,10.6,23,2023,3,0.5,29.0,3,2,1,1,0,0,0,0,0,1,0,0,0,0,0,0,1,0,0,1,0,0,0,0,0
46,99691,3,3,2,21,0,1,1,4,2.0,27,2022,11,1.0,7.0,2,2,0,1,0,0,0,1,0,0,0,0,0,0,1,0,0,0,0,0,1,0,0,0,0
60,57137,3,0,5,44,0,3,3,0,5.1,16,2022,5,0.0,14.7,3,1,0,0,1,0,0,0,1,0,1,0,0,0,1,0,0,0,0,0,0,0,1,0,0
23,17405,7,2,3,6,0,2,1,5,49.1,29,2018,6,0.29,0.9,0,0,2,0,1,0,0,1,0,0,0,0,1,1,0,0,0,1,0,0,0,0,1,0,0
56,111558,8,2,2,12,0,2,1,0,8.1,27,2017,8,0.25,1.5,3,3,0,0,1,1,0,0,0,0,0,1,0,0,0,0,0,0,0,0,0,0,1,0,0
37,50559,10,4,1,28,1,4,3,0,9.7,25,2015,11,0.4,2.8,1,1,0,0,0,0,0,0,1,0,0,1,0,0,0,1,0,0,0,0,0,0,0,0,1
38,88035,6,2,1,1,0,4,1,0,40.7,23,2019,7,0.33,0.2,1,2,2,1,0,0,0,0,1,0,0,0,1,0,0,0,0,0,0,1,0,0,0,0,0
38,101790,4,4,5,15,1,5,2,2,28.0,9,2021,12,1.0,3.8,1,3,2,0,1,0,0,1,0,0,0,1,0,0,0,0,0,1,0,0,1,0,0,0,0
22,80080,2,0,3,16,0,2,4,1,34.8,26,2023,9,0.0,8.0,0,2,2,1,0,0,1,0,0,0,0,1,0,0,1,0,0,0,0,0,0,0,0,0,1
35,80080,6,6,3,32,0,5,4,4,43.4,19,2019,5,1.0,5.3,1,2,2,0,0,0,0,1,0,1,0,0,0,0,0,0,1,0,1,0,0,0,0,0,0
42,58400,2,2,2,7,1,3,2,2,41.0,4,2023,12,1.0,3.5,2,1,2,1,0,0,1,0,0,0,0,0,1,1,0,0,0,0,0,0,0,1,0,0,0
52,69374,2,0,5,8,0,2,2,3,14.0,0,2023,3,0.0,4.0,3,1,1,0,0,1,0,0,0,0,0,0,0,0,0,0,0,0,1,0,0,1,0,0,0
52,71204,4,3,5,36,1,5,4,0,38.9,17,2021,10,0.75,9.0,3,2,2,0,0,1,0,0,0,1,0,0,0,0,0,0,1,1,0,0,0,0,1,0,0
48,97205,9,3,4,36,1,3,4,4,15.6,20,2016,2,0.33,4.0,2,2,1,1,0,0,1,0,0,0,0,0,0,1,0,0,0,1,0,0,0,0,0,0,1
32,27849,4,1,5,36,1,5,3,3,36.5,14,2021,8,0.25,9.0,1,0,2,0,1,0,1,0,0,1,0,0,0,0,0,0,0,0,0,0,0,0,1,0,0
48,102384,6,1,4,30,0,4,2,5,26.5,29,2019,5,0.17,5.0,2,3,2,0,1,0,0,0,1,0,0,0,1,0,1,0,0,0,1,0,0,0,1,0,0
28,28213,3,3,2,20,1,2,1,3,26.1,18,2022,5,1.0,6.7,0,0,2,0,1,1,0,0,0,0,0,0,0,0,0,0,0,1,0,0,1,0,0,0,0
50,50681,2,2,5,35,0,3,4,2,39.3,16,2023,3,1.0,17.5,2,1,2,0,0,1,0,0,0,0,1,0,0,1,0,0,0,1,0,0,1,0,0,0,0
57,30121,9,3,3,12,0,5,2,4,5.0,17,2016,7,0.33,1.3,3,0,0,1,0,0,0,1,0,0,1,0,0,0,0,0,0,0,1,0,0,1,0,0,0
46,38842,7,6,5,37,0,1,3,3,26.7,16,2018,7,0.86,5.3,2,0,2,0,0,0,1,0,0,0,0,0,0,0,0,0,0,0,0,0,0,0,0,0,1
34,119633,3,1,1,43,0,3,2,1,24.4,7,2022,4,0.33,14.3,1,3,1,0,0,0,0,1,0,0,0,0,0,0,0,0,0,1,0,0,0,0,0,0,0
37,53856,2,2,3,25,1,3,4,3,14.9,4,2023,8,1.0,12.5,1,1,1,0,0,0,0,0,0,1,0,0,0,1,0,0,0,0,1,0,0,0,0,0,0
60,100684,5,1,5,6,1,2,3,2,1.1,12,2020,6,0.2,1.2,3,3,0,0,1,0,0,0,0,0,0,0,1,0,0,0,0,0,0,0,0,0,0,0,1
40,27069,2,0,4,17,0,3,1,2,44.1,29,2023,6,0.0,8.5,1,0,2,0,1,0,0,0,0,0,0,1,0,0,1,0,0,1,0,0,0,0,0,1,0
50,22664,6,0,2,38,1,5,2,1,15.6,24,2019,4,0.0,6.3,2,0,1,0,0,0,1,0,0,0,0,0,0,0,0,0,1,1,0,1,0,0,0,0,0
34,44847,2,0,1,42,1,2,2,5,30.9,22,2023,5,0.0,21.0,1,1,2,0,0,1,0,0,0,0,0,1,0,0,0,0,0,1,0,1,0,0,0,0,0
55,93188,7,3,4,17,0,1,1,2,31.4,1,2018,5,0.43,2.4,3,2,2,0,0,1,0,0,0,0,0,0,1,0,0,0,0,0,1,0,0,0,0,0,1
60,15295,3,3,5,38,1,5,2,4,4.4,0,2022,12,1.0,12.7,3,0,0,0,1,0,0,0,1,0,0,1,0,0,0,0,0,0,1,0,1,0,0,0,0
42,97995,3,1,3,38,1,3,4,0,33.8,23,2022,4,0.33,12.7,2,2,2,1,0,0,0,0,1,0,0,0,0,0,0,0,1,0,1,0,0,1,0,0,0
43,117751,8,8,2,13,1,4,3,3,38.4,25,2017,6,1.0,1.6,2,3,2,0,1,1,0,0,0,1,0,0,0,0,0,0,1,0,0,0,0,0,0,1,0
35,41404,9,6,5,33,1,1,2,5,1.7,7,2016,9,0.67,3.7,1,1,0,0,1,1,0,0,0,0,0,1,0,0,1,0,0,1,0,0,0,1,0,0,0
25,36874,1,0,2,44,0,5,3,1,9.4,18,2024,4,0.0,44.0,0,0,0,1,0,0,0,0,0,0,0,0,1,0,0,0,0,1,0,0,0,0,0,1,0
23,94285,8,2,2,1,0,2,1,1,34.2,13,2017,3,0.25,0.1,0,2,2,0,1,1,0,0,0,0,0,0,0,1,0,0,0,0,1,0,0,0,1,0,0
48,50378,3,2,1,60,1,4,4,4,10.8,23,2022,7,0.67,20.0,2,1,1,0,1,1,0,0,0,0,0,0,1,0,0,0,0,0,1,0,0,0,0,1,0
52,106466,8,6,5,7,0,2,1,4,21.8,8,2017,7,0.75,0.9,3,3,1,0,1,1,0,0,0,0,0,0,0,1,0,0,0,1,0,0,0,1,0,0,0
36,87239,5,3,4,35,1,5,4,3,10.4,12,2020,8,0.6,7.0,1,2,1,0,1,1,0,0,0,0,0,0,1,0,0,0,0,1,0,0,1,0,0,0,0
43,32363,3,3,1,8,1,1,4,5,45.4,30,2022,10,1.0,2.7,2,0,2,0,1,1,0,0,0,0,0,0,1,0,1,0,0,0,1,0,0,0,0,0,1
42,93888,2,1,1,53,1,2,3,4,41.0,21,2023,12,0.5,26.5,2,2,2,1,0,1,0,0,0,0,0,1,0,0,1,0,0,1,0,0,1,0,0,0,0
36,49058,10,9,1,60,1,4,3,4,27.6,12,2015,8,0.9,6.0,1,1,2,1,0,0,1,0,0,0,0,1,0,1,0,0,0,0,1,0,0,0,0,0,1
34,87095,6,0,4,58,0,1,3,0,40.4,21,2019,2,0.0,9.7,1,2,2,1,0,0,0,0,1,0,0,0,1,0,0,0,1,1,0,0,0,0,0,0,1
52,18434,4,1,4,17,1,2,3,4,5.5,23,2021,12,0.25,4.2,3,0,0,0,0,0,1,0,0,1,0,0,0,0,0,1,0,0,0,1,0,0,0,0,0
56,24126,5,3,4,7,1,2,3,4,44.8,14,2020,7,0.6,1.4,3,0,2,0,1,0,1,0,0,0,1,0,0,0,1,0,0,0,0,0,0,0,0,1,0
43,40521,8,5,1,45,0,5,3,2,18.5,4,2017,1,0.62,5.6,2,1,1,0,0,0,0,0,1,0,1,0,0,1,0,0,0,0,1,0,0,0,0,0,1
53,39442,6,1,5,28,1,5,3,0,6.8,6,2019,2,0.17,4.7,3,0,0,0,0,0,0,0,0,0,0,1,0,0,1,0,0,0,1,0,1,0,0,0,0
57,108728,4,0,2,1,0,5,3,3,18.9,23,2021,6,0.0,0.2,3,3,1,0,0,0,0,0,0,0,0,0,1,1,0,0,0,0,1,0,0,0,0,0,1
52,18289,9,3,4,58,0,2,4,5,3.1,0,2016,9,0.33,6.4,3,0,0,0,1,0,0,0,0,0,0,0,0,0,0,0,1,1,0,0,0,0,1,0,0
39,117824,2,0,4,59,0,4,3,3,14.8,3,2023,6,0.0,29.5,1,3,1,1,0,0,1,0,0,0,0,0,0,0,0,1,0,0,0,0,0,1,0,0,0
52,93414,10,7,3,22,1,3,2,2,26.1,23,2015,11,0.7,2.2,3,2,2,0,0,0,0,0,0,0,1,0,0,0,0,1,0,0,0,1,0,0,0,0,0
48,45569,2,2,2,15,1,5,1,5,17.4,13,2023,3,1.0,7.5,2,1,1,0,1,0,0,0,1,0,0,1,0,0,0,0,0,1,0,0,0,0,0,0,1
44,96959,8,3,4,28,1,5,3,3,13.7,24,2017,11,0.38,3.5,2,2,1,1,0,0,0,1,0,1,0,0,0,0,0,0,0,0,0,0,0,1,0,0,0
22,81708,8,8,5,18,0,1,4,0,49.2,28,2017,11,1.0,2.2,0,2,2,0,0,1,0,0,0,0,0,1,0,0,0,1,0,0,0,0,0,1,0,0,0
47,88790,5,5,1,32,0,5,3,1,27.1,23,2020,11,1.0,6.4,2,2,2,0,0,1,0,0,0,0,0,1,0,0,0,1,0,1,0,0,0,0,0,0,0
55,51500,10,10,3,18,1,4,4,4,41.3,24,2015,10,1.0,1.8,3,1,2,1,0,0,0,0,0,1,0,0,0,0,0,1,0,0,1,0,0,0,0,0,0
51,33825,4,1,5,7,0,4,2,4,45.8,12,2021,11,0.25,1.8,3,0,2,0,0,1,0,0,0,0,1,0,0,0,0,1,0,1,0,0,0,0,1,0,0
25,56462,8,2,5,20,1,4,1,2,13.5,8,2017,10,0.25,2.5,0,1,1,0,1,0,0,0,1,0,1,0,0,0,0,0,0,1,0,0,1,0,0,0,0
28,41547,7,5,3,4,0,2,3,1,8.8,2,2018,8,0.71,0.6,0,1,0,1,0,0,0,1,0,0,0,0,1,0,0,0,1,0,1,0,0,0,0,0,1
44,71791,2,2,1,53,1,2,1,2,32.4,21,2023,4,1.0,26.5,2,2,2,1,0,0,0,1,0,0,1,0,0,0,0,0,1,0,1,0,0,0,0,1,0
44,48125,7,7,5,40,0,5,1,1,36.0,3,2018,11,1.0,5.7,2,1,2,1,0,1,0,0,0,0,1,0,0,1,0,0,0,1,0,1,0,0,0,0,0
24,94142,8,7,2,52,1,4,4,5,21.4,29,2017,10,0.88,6.5,0,2,1,1,0,0,1,0,0,1,0,0,0,0,0,0,1,1,0,1,0,0,0,0,0
43,90268,8,0,1,26,0,4,2,5,44.1,1,2017,2,0.0,3.2,2,2,2,0,1,1,0,0,0,0,1,0,0,1,0,0,0,1,0,0,1,0,0,0,0
40,57105,9,7,2,17,0,1,3,2,2.4,23,2016,2,0.78,1.9,1,1,0,0,0,1,0,0,0,0,0,1,0,0,0,0,0,0,1,0,0,0,0,0,1
31,59485,2,2,3,13,0,4,4,4,13.2,10,2023,11,1.0,6.5,1,1,1,1,0,0,1,0,0,0,0,0,0,1,0,0,0,1,0,0,0,0,0,0,0
46,67818,9,4,4,15,0,4,3,0,21.3,9,2016,6,0.44,1.7,2,1,1,0,0,0,1,0,0,0,0,0,1,0,0,1,0,1,0,0,0,0,0,0,1
32,21254,6,0,5,33,1,2,1,4,15.5,2,2019,12,0.0,5.5,1,0,1,0,0,0,0,1,0,0,1,0,0,0,1,0,0,0,1,0,0,0,0,0,1
41,56113,5,0,4,1,1,3,4,5,23.4,24,2020,3,0.0,0.2,2,1,1,0,0,0,0,0,1,0,0,0,0,0,0,0,0,0,1,0,0,0,0,0,1
53,39193,4,4,5,22,0,2,2,0,48.8,0,2021,12,1.0,5.5,3,0,2,0,1,0,0,0,1,0,0,0,1,0,0,0,0,0,0,0,0,0,1,0,0
59,69962,6,3,2,33,1,3,4,1,27.6,23,2019,2,0.5,5.5,3,1,2,1,0,1,0,0,0,0,0,0,0,0,0,1,0,1,0,0,0,0,0,0,1
35,43287,10,4,1,14,1,4,4,5,21.5,26,2015,12,0.4,1.4,1,1,1,0,1,0,0,1,0,1,0,0,0,0,0,1,0,0,0,0,0,0,0,1,0
45,101667,4,2,3,26,1,3,3,1,47.4,6,2021,12,0.5,6.5,2,3,2,1,0,0,0,1,0,0,0,1,0,0,0,1,0,0,1,0,0,1,0,0,0
34,38218,2,2,4,22,1,1,3,3,33.2,4,2023,1,1.0,11.0,1,0,2,0,1,1,0,0,0,0,0,1,0,0,0,0,0,0,0,0,0,0,0,0,1
41,59814,5,1,5,36,0,1,1,0,1.1,9,2020,8,0.2,7.2,2,1,0,0,0,0,0,1,0,0,1,0,0,0,0,0,1,0,0,0,0,0,0,0,1
40,78077,1,0,4,2,1,1,4,5,24.6,2,2024,3,0.0,2.0,1,2,1,1,0,0,0,0,0,1,0,0,0,0,0,1,0,1,0,0,0,0,0,0,0
45,47884,3,3,4,2,0,1,2,2,40.3,15,2022,3,1.0,0.7,2,1,2,0,0,1,0,0,0,0,0,0,0,0,0,0,0,1,0,1,0,0,0,0,0
24,113652,4,2,1,15,1,4,2,0,42.0,11,2021,10,0.5,3.8,0,3,2,1,0,0,0,0,0,0,0,0,1,1,0,0,0,0,0,0,0,1,0,0,0
23,48428,6,1,3,59,0,3,1,2,44.6,6,2019,8,0.17,9.8,0,1,2,1,0,0,1,0,0,0,0,1,0,0,0,1,0,0,1,0,0,0,0,0,1
32,111870,10,8,4,58,0,4,1,1,45.2,8,2015,6,0.8,5.8,1,3,2,0,1,0,0,0,0,0,0,0,0,0,0,0,1,1,0,0,0,0,0,1,0
39,97259,4,3,4,48,0,2,1,5,17.2,9,2021,12,0.75,12.0,1,2,1,1,0,0,0,1,0,1,0,0,0,1,0,0,0,1,0,0,0,0,0,1,0
59,21551,5,3,4,29,0,4,1,2,44.7,13,2020,7,0.6,5.8,3,0,2,0,0,0,0,0,1,0,0,0,0,1,0,0,0,0,1,0,0,0,0,0,0
38,88959,4,1,1,48,0,4,4,0,9.3,22,2021,1,0.25,12.0,1,2,0,0,0,0,0,1,0,0,0,1,0,0,0,0,1,1,0,0,0,1,0,0,0
28,83638,5,0,3,20,1,2,4,1,49.2,30,2020,7,0.0,4.0,0,2,2,0,1,1,0,0,0,1,0,0,0,0,0,1,0,0,0,0,0,0,0,0,1
56,102673,10,2,2,46,0,1,3,2,21.9,24,2015,11,0.2,4.6,3,3,1,1,0,0,0,0,1,0,0,1,0,0,1,0,0,1,0,0,0,1,0,0,0
54,19557,8,6,5,7,0,2,1,3,12.8,10,2017,5,0.75,0.9,3,0,1,1,0,0,0,0,0,0,1,0,0,0,0,1,0,1,0,0,1,0,0,0,0
28,22241,2,0,2,4,0,3,2,2,6.3,22,2023,12,0.0,2.0,0,0,0,0,1,0,0,0,0,0,1,0,0,0,0,0,0,1,0,1,0,0,0,0,0
28,63082,8,8,1,32,0,1,1,5,9.2,27,2017,7,1.0,4.0,0,1,0,1,0,0,0,0,1,0,0,0,0,1,0,0,0,1,0,0,0,0,0,1,0
56,96534,6,4,2,54,1,1,1,1,15.3,30,2019,3,0.67,9.0,3,2,1,0,0,0,0,0,1,0,0,0,0,0,0,0,0,1,0,0,0,0,1,0,0
28,71949,9,9,5,37,1,4,2,3,22.5,30,2016,8,1.0,4.1,0,2,1,1,0,0,0,0,0,0,0,0,0,0,0,1,0,1,0,0,0,0,0,1,0
23,78733,5,3,5,12,1,3,2,3,33.3,17,2020,8,0.6,2.4,0,2,2,1,0,0,1,0,0,1,0,0,0,1,0,0,0,0,1,0,0,0,0,1,0
32,15672,9,4,1,58,1,1,3,2,27.5,0,2016,6,0.44,6.4,1,0,2,1,0,0,0,0,1,0,0,0,0,0,0,0,1,0,1,1,0,0,0,0,0
43,32947,3,1,4,44,1,2,4,5,31.0,1,2022,2,0.33,14.7,2,0,2,0,1,0,0,1,0,0,0,0,1,0,0,0,0,0,0,0,0,0,0,1,0
39,92358,4,3,5,56,1,3,1,3,14.2,2,2021,6,0.75,14.0,1,2,1,0,1,0,1,0,0,1,0,0,0,0,0,0,0,1,0,1,0,0,0,0,0
36,86907,7,1,1,6,1,4,2,2,28.1,11,2018,1,0.14,0.9,1,2,2,0,1,0,0,0,0,0,0,0,0,0,0,0,1,0,1,0,0,0,1,0,0
59,106940,2,1,3,11,0,5,4,4,16.6,29,2023,8,0.5,5.5,3,3,1,0,1,0,0,1,0,0,0,0,1,0,0,0,1,1,0,0,0,0,0,1,0
54,26262,8,3,1,33,1,4,3,0,44.2,8,2017,11,0.38,4.1,3,0,2,0,1,0,0,0,0,0,0,0,1,0,0,0,0,0,0,1,0,0,0,0,0
24,51253,7,5,5,13,0,3,1,1,34.6,22,2018,2,0.71,1.9,0,1,2,1,0,1,0,0,0,0,0,0,1,0,0,0,1,1,0,1,0,0,0,0,0
33,56589,2,2,4,31,1,3,1,2,44.5,11,2023,7,1.0,15.5,1,1,2,0,0,0,0,0,1,0,0,0,1,1,0,0,0,0,1,0,0,0,0,1,0
22,22117,8,2,2,8,0,4,1,1,15.1,3,2017,1,0.25,1.0,0,0,1,0,0,0,0,1,0,1,0,0,0,1,0,0,0,0,1,0,1,0,0,0,0
39,46787,7,2,4,12,1,5,3,2,24.8,28,2018,1,0.29,1.7,1,1,1,0,1,0,1,0,0,0,1,0,0,0,1,0,0,0,1,0,0,0,0,0,1
45,95442,8,6,5,33,0,2,1,1,43.4,11,2017,7,0.75,4.1,2,2,2,1,0,1,0,0,0,0,0,1,0,1,0,0,0,1,0,0,1,0,0,0,0
29,113842,9,3,1,13,0,3,3,2,36.4,28,2016,5,0.33,1.4,0,3,2,1,0,1,0,0,0,0,0,0,0,0,0,0,0,0,1,1,0,0,0,0,0
50,104521,7,0,3,57,1,3,4,2,43.9,6,2018,9,0.0,8.1,2,3,2,0,1,0,0,0,0,1,0,0,0,0,0,1,0,0,0,0,0,0,0,1,0
38,100438,8,4,4,36,1,3,3,0,47.4,9,2017,7,0.5,4.5,1,3,2,1,0,0,0,0,1,0,0,1,0,0,0,0,1,1,0,0,1,0,0,0,0
40,19680,9,5,2,18,1,3,2,2,27.2,17,2016,11,0.56,2.0,1,0,2,0,1,0,1,0,0,1,0,0,0,0,0,0,0,0,0,0,0,1,0,0,0
31,91170,6,4,1,52,0,2,2,2,45.0,11,2019,7,0.67,8.7,1,2,2,0,0,0,0,0,1,0,0,0,1,0,0,1,0,0,0,1,0,0,0,0,0
49,23617,9,8,2,27,1,1,4,2,5.7,17,2016,3,0.89,3.0,2,0,0,0,0,0,1,0,0,0,0,0,0,0,0,1,0,1,0,0,0,1,0,0,0
55,27952,10,3,5,24,0,1,3,1,4.8,29,2015,9,0.3,2.4,3,0,0,0,1,1,0,0,0,0,0,0,0,0,1,0,0,1,0,0,0,0,1,0,0
29,26896,2,0,1,33,0,2,2,1,42.2,18,2023,6,0.0,16.5,0,0,2,0,0,1,0,0,0,1,0,0,0,0,0,0,1,0,1,0,0,0,0,1,0
31,38219,7,4,2,8,0,3,4,4,36.7,7,2018,6,0.57,1.1,1,0,2,0,0,0,0,0,0,0,0,1,0,0,0,1,0,0,1,0,1,0,0,0,0
42,32079,7,4,5,34,1,1,4,0,30.2,9,2018,6,0.57,4.9,2,0,2,0,1,1,0,0,0,0,1,0,0,1,0,0,0,1,0,0,1,0,0,0,0
28,47363,9,0,5,51,0,1,2,1,28.3,11,2016,2,0.0,5.7,0,1,2,1,0,1,0,0,0,0,0,0,0,0,1,0,0,0,0,0,1,0,0,0,0
42,67064,5,3,3,27,0,4,2,4,17.1,4,2020,11,0.6,5.4,2,1,1,1,0,0,0,0,1,0,0,0,1,0,0,1,0,1,0,0,1,0,0,0,0
60,26401,1,1,5,11,1,5,1,2,42.2,19,2024,1,1.0,11.0,3,0,2,0,1,0,1,0,0,0,0,0,1,1,0,0,0,0,0,1,0,0,0,0,0
41,59998,7,3,2,8,1,5,1,1,7.9,18,2018,2,0.43,1.1,2,1,0,0,0,0,0,1,0,0,0,1,0,0,0,0,1,0,0,0,0,0,0,0,1
32,115704,9,9,4,8,1,5,3,1,36.7,3,2016,6,1.0,0.9,1,3,2,1,0,0,1,0,0,0,0,0,1,0,0,1,0,0,0,0,0,0,0,1,0
52,16797,9,8,3,41,1,1,3,1,17.2,7,2016,3,0.89,4.6,3,0,1,0,0,0,0,1,0,1,0,0,0,0,0,0,1,1,0,0,1,0,0,0,0
42,24221,5,2,2,1,1,3,2,4,14.7,0,2020,11,0.4,0.2,2,0,1,0,1,0,0,0,1,0,1,0,0,0,0,0,0,0,0,0,0,0,0,0,1
29,110174,5,4,1,37,0,2,2,0,7.1,15,2020,6,0.8,7.4,0,3,0,1,0,1,0,0,0,0,1,0,0,0,1,0,0,0,1,0,0,0,0,0,1
60,25393,4,3,3,51,1,2,3,0,30.9,7,2021,8,0.75,12.8,3,0,2,0,1,0,1,0,0,0,0,0,1,1,0,0,0,0,0,0,0,0,0,1,0
57,118909,8,6,3,13,1,4,1,1,22.5,3,2017,5,0.75,1.6,3,3,1,0,0,0,0,1,0,0,0,1,0,0,0,0,0,1,0,0,0,1,0,0,0
57,23746,8,5,1,26,1,4,3,0,28.1,10,2017,2,0.62,3.2,3,0,2,0,1,0,0,0,0,1,0,0,0,1,0,0,0,0,1,0,0,0,0,1,0
42,36472,9,7,3,39,1,1,4,3,39.8,17,2016,11,0.78,4.3,2,0,2,0,1,0,0,0,1,0,0,1,0,1,0,0,0,0,1,0,0,1,0,0,0
58,72844,5,4,1,28,1,1,1,1,38.9,20,2020,5,0.8,5.6,3,2,2,1,0,0,0,0,0,0,1,0,0,0,0,0,1,1,0,0,0,0,1,0,0
23,119821,2,0,5,21,0,2,1,1,25.8,14,2023,5,0.0,10.5,0,3,2,1,0,0,0,0,1,1,0,0,0,0,0,1,0,0,1,0,0,0,0,0,0
47,79948,6,1,4,54,0,1,4,3,48.3,9,2019,11,0.17,9.0,2,2,2,0,0,1,0,0,0,0,0,1,0,0,0,1,0,1,0,0,0,0,1,0,0
51,45471,9,7,4,41,0,4,2,4,31.9,15,2016,9,0.78,4.6,3,1,2,0,0,0,1,0,0,0,0,0,1,0,1,0,0,0,0,0,1,0,0,0,0
52,109695,6,5,5,52,0,3,2,0,14.6,11,2019,10,0.83,8.7,3,3,1,0,0,0,1,0,0,0,0,0,1,0,0,0,0,0,1,0,0,0,0,0,0
35,79825,9,9,5,34,1,4,1,0,23.3,20,2016,10,1.0,3.8,1,2,1,1,0,0,0,1,0,0,1,0,0,1,0,0,0,1,0,0,0,0,0,0,1
51,83315,7,5,2,12,1,2,2,5,3.2,20,2018,8,0.71,1.7,3,2,0,0,1,0,0,1,0,0,0,0,1,0,1,0,0,0,1,0,1,0,0,0,0
49,60563,2,0,4,17,1,2,1,3,8.9,12,2023,5,0.0,8.5,2,1,0,0,1,0,0,1,0,1,0,0,0,0,0,1,0,0,0,0,0,1,0,0,0
34,21846,9,9,2,5,0,2,1,0,44.0,4,2016,2,1.0,0.6,1,0,2,0,1,0,1,0,0,0,0,1,0,0,1,0,0,0,1,0,0,0,1,0,0
37,50767,4,1,2,31,0,3,3,5,16.9,23,2021,12,0.25,7.8,1,1,1,0,0,0,1,0,0,0,0,0,1,1,0,0,0,0,0,0,1,0,0,0,0
26,60705,9,4,3,55,1,1,1,5,34.0,22,2016,2,0.44,6.1,0,1,2,0,0,1,0,0,0,0,0,1,0,1,0,0,0,0,1,0,0,1,0,0,0
55,37410,5,0,3,49,0,5,2,5,43.4,12,2020,9,0.0,9.8,3,0,2,0,1,0,0,0,0,0,0,1,0,0,1,0,0,0,1,0,0,0,0,0,1
29,20167,7,0,5,23,1,4,3,1,17.3,13,2018,9,0.0,3.3,0,0,1,1,0,1,0,0,0,0,1,0,0,1,0,0,0,1,0,0,0,1,0,0,0
59,53980,6,4,4,44,0,1,3,2,41.7,14,2019,12,0.67,7.3,3,1,2,0,1,0,0,0,1,0,0,0,1,0,0,0,0,1,0,0,0,0,1,0,0
37,44212,3,0,5,56,0,5,1,1,5.7,0,2022,2,0.0,18.7,1,1,0,1,0,0,1,0,0,0,0,0,1,0,1,0,0,0,0,0,0,0,0,0,1
34,73718,3,3,3,58,1,5,4,4,7.2,5,2022,1,1.0,19.3,1,2,0,0,1,0,0,0,1,0,1,0,0,0,1,0,0,1,0,1,0,0,0,0,0
49,16923,5,5,1,32,1,5,3,3,31.4,24,2020,8,1.0,6.4,2,0,2,0,1,0,0,1,0,0,0,0,1,0,0,1,0,0,0,0,0,0,0,1,0
30,27195,4,4,5,27,0,1,2,2,43.3,10,2021,9,1.0,6.8,0,0,2,0,0,1,0,0,0,0,0,0,0,0,0,0,0,0,0,1,0,0,0,0,0
52,16473,6,1,2,0,0,1,4,2,14.1,28,2019,3,0.17,0.0,3,0,1,0,0,0,0,0,0,1,0,0,0,0,0,0,1,0,0,0,1,0,0,0,0
46,67688,3,3,1,10,0,2,3,2,21.5,22,2022,2,1.0,3.3,2,1,1,0,0,1,0,0,0,0,0,0,1,0,0,0,0,0,0,0,1,0,0,0,0
40,79396,7,4,1,60,1,5,4,5,46.9,2,2018,11,0.57,8.6,1,2,2,1,0,0,0,0,1,0,0,0,1,0,0,0,0,0,1,0,0,1,0,0,0
53,74168,7,2,3,11,0,2,1,4,16.9,4,2018,7,0.29,1.6,3,2,1,0,0,0,0,0,0,1,0,0,0,1,0,0,0,1,0,1,0,0,0,0,0
35,65822,2,0,3,46,0,1,2,1,43.9,19,2023,2,0.0,23.0,1,1,2,0,0,0,0,1,0,0,0,1,0,0,0,1,0,0,1,0,0,1,0,0,0
36,66564,4,0,3,28,0,5,1,5,14.8,6,2021,12,0.0,7.0,1,1,1,1,0,0,1,0,0,0,0,1,0,0,0,0,1,0,0,0,1,0,0,0,0
49,69367,9,2,3,49,0,4,3,3,35.5,20,2016,2,0.22,5.4,2,1,2,0,0,0,0,0,1,0,0,0,0,0,0,0,1,1,0,0,1,0,0,0,0
55,119470,1,1,5,22,0,3,4,5,41.3,2,2024,3,1.0,22.0,3,3,2,0,0,0,0,0,0,0,0,1,0,0,0,0,1,0,0,0,0,0,0,0,0
43,42095,8,0,4,50,0,2,4,0,4.9,17,2017,3,0.0,6.2,2,1,0,1,0,0,0,0,1,0,1,0,0,1,0,0,0,1,0,0,0,1,0,0,0
25,31148,6,3,3,32,1,3,4,2,9.0,0,2019,2,0.5,5.3,0,0,0,0,0,0,0,0,1,0,0,0,0,1,0,0,0,0,1,0,0,0,1,0,0
25,96442,6,3,2,38,0,4,3,5,9.3,12,2019,5,0.5,6.3,0,2,0,1,0,1,0,0,0,1,0,0,0,0,0,1,0,1,0,0,1,0,0,0,0
43,61498,1,1,2,50,0,4,2,2,1.4,5,2024,4,1.0,50.0,2,1,0,0,0,0,0,0,0,0,0,0,0,1,0,0,0,0,1,0,0,1,0,0,0
26,77431,6,1,5,50,1,5,3,0,34.6,21,2019,7,0.17,8.3,0,2,2,1,0,0,0,1,0,0,0,0,0,0,0,1,0,0,1,0,0,0,0,0,1
60,20132,9,1,3,1,1,4,2,4,28.6,22,2016,12,0.11,0.1,3,0,2,1,0,0,1,0,0,1,0,0,0,1,0,0,0,0,0,1,0,0,0,0,0
26,113081,6,2,4,39,1,3,1,3,11.5,7,2019,11,0.33,6.5,0,3,1,1,0,0,1,0,0,0,0,1,0,0,0,0,0,1,0,1,0,0,0,0,0
26,92772,7,0,4,0,1,4,3,3,26.5,20,2018,3,0.0,0.0,0,2,2,0,0,1,0,0,0,0,0,0,0,0,0,1,0,0,1,1,0,0,0,0,0
30,117804,9,1,1,37,1,4,2,1,36.6,8,2016,8,0.11,4.1,0,3,2,1,0,0,0,0,1,0,0,1,0,0,1,0,0,0,0,0,0,0,0,1,0
29,33228,2,2,5,14,1,1,1,3,35.5,4,2023,6,1.0,7.0,0,0,2,0,0,0,0,1,0,0,0,0,1,0,0,0,0,1,0,0,1,0,0,0,0
27,29871,5,4,3,29,1,2,2,4,35.9,24,2020,6,0.8,5.8,0,0,2,0,1,0,0,1,0,0,1,0,0,0,1,0,0,1,0,0,0,0,0,0,1
56,100984,2,0,2,24,1,4,1,1,37.1,3,2023,9,0.0,12.0,3,3,2,0,0,0,0,0,0,1,0,0,0,0,1,0,0,1,0,1,0,0,0,0,0
57,50179,4,3,5,51,0,4,2,1,28.1,30,2021,8,0.75,12.8,3,1,2,1,0,0,1,0,0,0,0,1,0,0,0,0,0,0,0,0,0,1,0,0,0
52,18445,4,3,4,48,1,5,4,2,1.7,3,2021,7,0.75,12.0,3,0,0,1,0,0,0,1,0,0,0,1,0,0,1,0,0,0,0,0,0,1,0,0,0
53,62309,6,2,4,21,0,1,4,5,42.9,17,2019,8,0.33,3.5,3,1,2,1,0,0,0,0,1,0,0,0,0,0,1,0,0,0,0,0,0,0,1,0,0
23,104399,3,0,5,56,0,2,4,5,37.5,12,2022,11,0.0,18.7,0,3,2,0,1,0,0,0,0,0,1,0,0,0,0,1,0,0,1,0,0,0,0,1,0
41,71233,10,0,1,56,0,4,2,0,30.7,23,2015,7,0.0,5.6,2,2,2,1,0,0,0,1,0,1,0,0,0,0,0,0,1,0,0,0,0,0,1,0,0
34,88952,4,2,2,38,0,3,4,5,49.7,3,2021,4,0.5,9.5,1,2,2,0,1,0,0,1,0,1,0,0,0,0,0,0,0,1,0,1,0,0,0,0,0
50,42170,7,5,5,53,1,4,4,4,17.9,21,2018,11,0.71,7.6,2,1,1,1,0,1,0,0,0,0,0,1,0,0,0,0,0,0,1,0,0,1,0,0,0
53,34190,7,0,3,3,1,4,4,1,39.6,7,2018,8,0.0,0.4,3,0,2,0,0,0,1,0,0,0,0,1,0,0,1,0,0,0,1,1,0,0,0,0,0
51,100992,7,4,4,55,1,4,2,4,35.8,5,2018,11,0.57,7.9,3,3,2,0,0,0,0,1,0,0,0,0,1,1,0,0,0,0,1,0,0,0,0,1,0
45,49111,3,1,1,37,1,2,2,4,1.9,28,2022,4,0.33,12.3,2,1,0,0,0,0,0,0,1,0,1,0,0,0,0,0,0,0,1,0,0,0,1,0,0
47,58824,9,3,2,5,0,2,4,2,42.4,27,2016,4,0.33,0.6,2,1,2,0,1,1,0,0,0,0,1,0,0,0,0,1,0,0,1,0,0,0,0,1,0
36,45162,3,0,5,40,1,3,2,3,4.3,2,2022,4,0.0,13.3,1,1,0,0,1,0,0,1,0,1,0,0,0,0,0,0,0,0,0,0,1,0,0,0,0
35,75900,7,5,1,6,1,3,4,0,23.9,2,2018,8,0.71,0.9,1,2,1,0,1,0,1,0,0,0,0,0,1,0,0,0,0,1,0,0,1,0,0,0,0
60,86951,9,0,1,53,0,2,2,4,22.0,12,2016,2,0.0,5.9,3,2,1,1,0,0,0,1,0,0,0,0,0,1,0,0,0,1,0,0,0,0,0,0,0
24,18767,8,1,4,26,0,2,2,2,46.5,29,2017,2,0.12,3.2,0,0,2,0,1,1,0,0,0,0,1,0,0,0,1,0,0,0,0,0,0,0,0,0,0
58,31630,8,1,2,32,1,4,3,2,45.2,21,2017,8,0.12,4.0,3,0,2,0,0,0,0,0,0,0,0,0,1,0,0,1,0,1,0,1,0,0,0,0,0
45,46364,7,1,1,7,1,1,3,5,22.1,9,2018,6,0.14,1.0,2,1,1,0,0,0,1,0,0,0,0,0,0,0,0,0,1,0,1,0,0,0,1,0,0
42,51637,4,1,3,3,0,1,2,2,9.5,21,2021,4,0.25,0.8,2,1,0,1,0,0,0,1,0,1,0,0,0,0,0,0,0,0,1,0,0,0,0,0,0
36,91732,3,1,3,56,1,1,1,0,17.7,25,2022,8,0.33,18.7,1,2,1,0,0,0,0,0,1,0,0,1,0,0,1,0,0,1,0,0,0,0,0,1,0
38,86455,10,3,2,6,1,2,1,0,8.3,30,2015,10,0.3,0.6,1,2,0,0,0,0,0,0,0,1,0,0,0,1,0,0,0,1,0,0,0,0,0,1,0
22,65702,4,2,4,24,1,5,1,5,14.6,28,2021,6,0.5,6.0,0,1,1,1,0,1,0,0,0,1,0,0,0,0,1,0,0,1,0,0,0,0,0,0,1
28,57442,6,6,3,57,0,2,4,4,25.3,8,2019,1,1.0,9.5,0,1,2,0,1,1,0,0,0,0,1,0,0,0,0,0,0,0,1,0,0,0,1,0,0
23,99476,10,0,1,17,1,2,2,4,19.9,13,2015,10,0.0,1.7,0,2,1,0,0,1,0,0,0,0,1,0,0,0,0,1,0,0,1,0,1,0,0,0,0
44,29965,9,7,5,0,1,2,3,0,48.4,9,2016,8,0.78,0.0,2,0,2,1,0,0,1,0,0,0,0,0,1,0,0,1,0,1,0,0,0,0,0,0,1
23,65829,5,3,5,34,0,5,3,5,19.0,16,2020,4,0.6,6.8,0,1,1,0,0,1,0,0,0,0,1,0,0,1,0,0,0,0,0,0,1,0,0,0,0
39,33160,4,1,4,0,1,1,4,5,27.9,29,2021,3,0.25,0.0,1,0,2,1,0,0,0,1,0,0,0,1,0,0,0,0,0,0,1,0,0,0,0,0,1
53,98345,2,2,2,46,0,1,3,4,12.0,29,2023,5,1.0,23.0,3,2,1,0,1,0,0,0,0,0,0,1,0,0,0,0,1,0,1,0,0,0,0,0,0
58,89535,8,0,3,58,0,5,3,3,12.2,9,2017,5,0.0,7.2,3,2,1,0,1,0,0,0,1,1,0,0,0,0,1,0,0,1,0,0,0,0,0,0,1
46,78100,5,0,2,9,1,5,2,1,9.3,28,2020,7,0.0,1.8,2,2,0,1,0,0,0,0,1,1,0,0,0,0,0,1,0,1,0,1,0,0,0,0,0
52,93248,4,4,2,33,1,4,4,2,42.3,15,2021,1,1.0,8.2,3,2,2,0,0,0,1,0,0,0,1,0,0,0,0,0,0,1,0,0,0,0,0,1,0
47,117798,3,0,3,54,1,4,3,2,21.0,23,2022,11,0.0,18.0,2,3,1,1,0,0,0,0,0,0,0,1,0,0,0,0,1,1,0,0,0,0,0,0,1
38,116706,4,3,3,27,0,1,1,3,2.2,23,2021,9,0.75,6.8,1,3,0,1,0,0,0,1,0,0,1,0,0,0,1,0,0,1,0,0,0,0,0,1,0
36,69516,9,3,2,40,0,3,4,3,12.6,21,2016,5,0.33,4.4,1,1,1,0,1,1,0,0,0,0,0,1,0,0,0,0,0,0,0,0,0,0,0,1,0
43,112797,8,0,4,4,1,1,2,1,34.6,16,2017,4,0.0,0.5,2,3,2,0,0,0,0,1,0,0,1,0,0,0,1,0,0,1,0,0,0,0,0,0,0
41,77301,3,0,2,54,0,5,4,2,18.2,30,2022,7,0.0,18.0,2,2,1,0,0,0,0,0,1,1,0,0,0,0,0,0,0,0,1,0,0,0,0,1,0
37,52030,8,5,5,45,0,1,1,2,40.3,18,2017,9,0.62,5.6,1,1,2,0,0,1,0,0,0,0,0,0,0,0,0,1,0,1,0,0,0,0,0,0,1
31,54226,4,2,1,33,0,4,4,5,32.1,21,2021,6,0.5,8.2,1,1,2,0,0,0,0,0,1,1,0,0,0,1,0,0,0,0,1,0,0,0,0,1,0
28,74868,3,0,1,0,1,3,4,1,32.5,28,2022,3,0.0,0.0,0,2,2,0,1,0,0,0,0,0,1,0,0,0,0,0,0,0,1,1,0,0,0,0,0
26,23211,4,4,1,35,1,5,4,4,9.3,8,2021,7,1.0,8.8,0,0,0,0,0,0,0,0,1,0,0,1,0,0,0,0,1,0,1,0,0,0,0,0,0
41,82968,4,3,3,43,0,1,3,0,43.2,10,2021,2,0.75,10.8,2,2,2,0,1,1,0,0,0,1,0,0,0,0,0,1,0,0,1,0,0,1,0,0,0
30,35669,7,0,3,37,1,1,2,3,41.8,25,2018,9,0.0,5.3,0,0,2,1,0,0,1,0,0,0,0,0,1,0,0,1,0,1,0,0,0,1,0,0,0
58,49197,6,4,1,55,0,2,1,3,16.0,12,2019,10,0.67,9.2,3,1,1,0,1,0,1,0,0,0,0,1,0,1,0,0,0,1,0,1,0,0,0,0,0
43,21155,3,3,1,32,0,2,2,5,15.7,26,2022,11,1.0,10.7,2,0,1,0,1,0,0,1,0,0,0,0,0,1,0,0,0,0,1,0,0,0,0,0,1
25,17195,7,3,5,23,1,3,2,3,11.9,15,2018,1,0.43,3.3,0,0,1,1,0,0,0,0,0,0,0,0,1,0,1,0,0,0,0,0,1,0,0,0,0
59,55919,4,2,5,22,1,4,1,3,36.5,3,2021,9,0.5,5.5,3,1,2,1,0,1,0,0,0,0,0,0,1,0,0,0,0,0,1,0,0,0,0,1,0
35,46792,10,1,1,16,0,4,3,4,30.4,27,2015,10,0.1,1.6,1,1,2,1,0,0,0,1,0,1,0,0,0,0,0,1,0,0,0,0,0,0,0,1,0
24,86109,2,0,2,16,0,2,4,3,42.1,22,2023,4,0.0,8.0,0,2,2,1,0,0,0,0,0,0,0,1,0,0,0,0,0,0,1,0,0,0,0,1,0
26,83201,7,7,1,6,0,2,1,0,26.4,27,2018,6,1.0,0.9,0,2,2,0,1,0,0,0,0,0,1,0,0,0,0,0,0,1,0,0,0,0,0,1,0
28,109769,3,3,1,0,1,2,2,5,42.2,23,2022,7,1.0,0.0,0,3,2,0,0,0,0,0,1,0,0,0,1,0,0,0,1,0,1,0,0,0,1,0,0
34,81323,4,3,5,37,0,3,4,2,14.2,21,2021,3,0.75,9.2,1,2,1,1,0,0,0,0,0,0,0,0,0,0,0,0,0,0,0,0,0,1,0,0,0
22,113589,8,8,5,21,0,1,3,4,38.5,11,2017,5,1.0,2.6,0,3,2,0,0,0,1,0,0,0,0,0,0,0,0,1,0,0,1,0,0,1,0,0,0
52,54480,9,5,3,24,1,2,2,1,4.1,8,2016,10,0.56,2.7,3,1,0,0,1,0,0,0,1,0,1,0,0,0,0,1,0,1,0,0,1,0,0,0,0
60,44049,8,3,5,13,1,5,1,5,18.7,14,2017,10,0.38,1.6,3,1,1,1,0,0,0,0,1,1,0,0,0,1,0,0,0,0,1,0,0,0,0,1,0
57,43635,6,0,3,15,1,4,3,2,38.6,0,2019,7,0.0,2.5,3,1,2,0,0,1,0,0,0,0,0,0,1,0,1,0,0,1,0,0,0,0,0,1,0
22,115640,3,3,3,48,0,2,2,4,17.1,20,2022,2,1.0,16.0,0,3,1,0,0,0,0,1,0,0,0,1,0,0,0,1,0,1,0,0,0,1,0,0,0
52,60036,8,7,3,22,0,3,2,1,42.6,25,2017,8,0.88,2.8,3,1,2,1,0,0,1,0,0,0,0,0,0,0,0,0,1,0,0,0,0,0,0,1,0
40,95750,4,4,4,41,0,1,1,2,45.0,20,2021,3,1.0,10.2,1,2,2,1,0,0,0,0,0,0,0,0,0,0,0,1,0,1,0,0,1,0,0,0,0
53,92968,3,1,1,53,0,4,1,5,49.3,13,2022,1,0.33,17.7,3,2,2,0,0,0,1,0,0,1,0,0,0,0,0,1,0,0,1,0,0,1,0,0,0
29,78948,3,2,2,41,0,1,3,3,29.3,22,2022,3,0.67,13.7,0,2,2,0,1,0,0,0,1,0,0,1,0,0,0,0,0,0,0,0,0,0,0,1,0
26,73459,8,0,5,11,1,4,1,0,25.5,11,2017,9,0.0,1.4,0,2,2,1,0,0,0,0,1,1,0,0,0,0,0,0,1,1,0,0,0,0,0,0,0
35,17345,5,3,2,15,0,2,4,4,47.3,3,2020,1,0.6,3.0,1,0,2,0,1,0,1,0,0,0,0,0,1,0,1,0,0,0,0,0,0,1,0,0,0
40,17409,2,0,1,59,0,2,3,4,39.9,10,2023,4,0.0,29.5,1,0,2,0,0,0,0,1,0,1,0,0,0,1,0,0,0,0,1,0,1,0,0,0,0
38,31379,7,5,4,46,0,5,3,3,31.1,15,2018,2,0.71,6.6,1,0,2,0,1,0,1,0,0,0,0,0,1,1,0,0,0,0,0,0,0,0,0,1,0
29,24293,6,0,5,28,1,4,2,4,33.5,11,2019,8,0.0,4.7,0,0,2,0,0,0,0,1,0,1,0,0,0,0,1,0,0,0,1,1,0,0,0,0,0
51,119277,3,2,2,47,0,4,4,3,37.7,20,2022,4,0.67,15.7,3,3,2,1,0,0,1,0,0,0,0,0,0,0,1,0,0,0,1,0,0,0,1,0,0
34,23521,7,4,4,46,1,2,1,3,9.8,26,2018,1,0.57,6.6,1,0,0,0,0,1,0,0,0,1,0,0,0,0,0,1,0,1,0,0,0,0,0,0,1
58,64081,6,1,1,9,0,4,3,0,28.0,23,2019,12,0.17,1.5,3,1,2,1,0,0,0,0,1,0,0,0,0,0,0,0,0,1,0,0,0,0,1,0,0
50,23228,6,1,2,52,1,4,2,3,49.5,2,2019,6,0.17,8.7,2,0,2,1,0,0,1,0,0,0,0,0,1,0,0,0,1,1,0,0,0,1,0,0,0
52,79561,7,1,4,35,0,3,4,0,44.0,19,2018,12,0.14,5.0,3,2,2,1,0,0,0,0,1,0,0,0,1,0,0,0,0,0,1,0,0,0,0,1,0
56,106380,7,6,2,6,1,2,1,4,12.4,1,2018,10,0.86,0.9,3,3,1,0,0,0,0,0,0,0,0,0,0,0,0,1,0,0,0,0,0,1,0,0,0
35,45493,8,1,5,10,1,3,3,1,17.0,25,2017,4,0.12,1.2,1,1,1,0,1,0,0,0,1,0,0,1,0,0,1,0,0,0,0,0,0,0,0,1,0
43,119009,6,4,3,34,0,3,2,4,44.1,12,2019,11,0.67,5.7,2,3,2,0,1,0,0,1,0,0,0,0,1,0,1,0,0,1,0,0,0,0,0,0,0
57,104425,10,1,2,28,0,3,1,3,6.7,13,2015,8,0.1,2.8,3,3,0,1,0,0,0,1,0,1,0,0,0,0,0,1,0,0,0,0,1,0,0,0,0
49,61013,1,1,3,33,0,1,4,0,27.7,10,2024,3,1.0,33.0,2,1,2,0,0,0,0,0,0,1,0,0,0,0,0,1,0,0,1,0,1,0,0,0,0
46,33075,6,3,3,0,1,5,3,2,9.6,7,2019,9,0.5,0.0,2,0,0,1,0,0,0,0,1,0,0,1,0,1,0,0,0,0,0,1,0,0,0,0,0
47,37678,10,2,3,23,0,3,4,3,33.7,10,2015,9,0.2,2.3,2,0,2,0,1,0,0,0,0,0,0,0,1,1,0,0,0,0,1,0,0,0,1,0,0
52,116139,7,4,5,40,0,1,3,0,18.6,26,2018,12,0.57,5.7,3,3,1,1,0,1,0,0,0,1,0,0,0,1,0,0,0,0,0,0,1,0,0,0,0
58,61489,8,4,1,41,0,3,4,5,24.7,21,2017,4,0.5,5.1,3,1,1,0,0,0,0,0,0,0,0,0,1,0,0,0,0,0,1,1,0,0,0,0,0
44,44094,6,2,4,40,1,4,2,3,34.9,28,2019,2,0.33,6.7,2,1,2,1,0,0,1,0,0,0,0,0,0,1,0,0,0,0,1,0,0,1,0,0,0
50,77622,8,3,5,12,1,5,4,3,12.6,0,2017,7,0.38,1.5,2,2,1,0,0,1,0,0,0,0,1,0,0,0,0,0,1,0,0,0,0,1,0,0,0
44,49924,7,5,2,26,1,1,1,4,46.0,1,2018,12,0.71,3.7,2,1,2,0,1,0,1,0,0,0,0,0,1,1,0,0,0,1,0,0,0,1,0,0,0
31,41552,7,0,1,55,0,4,2,5,31.7,24,2018,8,0.0,7.9,1,1,2,0,0,0,0,0,0,0,1,0,0,0,0,0,0,1,0,1,0,0,0,0,0
22,73873,6,3,4,28,1,5,3,3,3.6,26,2019,12,0.5,4.7,0,2,0,0,0,1,0,0,0,0,0,0,1,0,1,0,0,0,0,0,0,0,0,0,0
44,51781,7,1,1,6,1,4,1,1,4.3,21,2018,3,0.14,0.9,2,1,0,0,0,0,0,0,0,0,0,0,1,0,0,0,0,1,0,0,0,0,0,0,0
25,88430,6,0,5,6,1,3,2,5,6.5,28,2019,8,0.0,1.0,0,2,0,0,0,0,0,1,0,0,1,0,0,0,0,0,0,0,0,0,0,0,0,0,0
45,28933,9,8,2,4,1,5,2,5,14.6,1,2016,3,0.89,0.4,2,0,1,1,0,0,0,0,1,0,0,0,0,0,1,0,0,1,0,0,0,0,0,0,0
46,28373,1,1,2,25,0,4,4,4,44.1,10,2024,2,1.0,25.0,2,0,2,0,0,0,0,0,0,0,0,0,1,0,0,1,0,1,0,0,0,0,0,0,1
50,87110,9,1,1,40,0,3,1,5,20.1,6,2016,4,0.11,4.4,2,2,1,0,0,0,1,0,0,1,0,0,0,1,0,0,0,1,0,0,0,0,1,0,0
56,85871,5,4,3,41,1,5,1,3,31.4,7,2020,10,0.8,8.2,3,2,2,0,0,0,0,0,1,0,0,0,1,0,0,0,1,0,0,0,0,0,0,1,0
29,59785,2,2,2,60,0,5,3,2,22.7,13,2023,8,1.0,30.0,0,1,1,1,0,0,0,0,1,1,0,0,0,0,1,0,0,0,1,1,0,0,0,0,0
29,55774,8,2,1,56,1,3,4,1,31.4,27,2017,12,0.25,7.0,0,1,2,0,0,0,1,0,0,1,0,0,0,0,0,0,0,0,0,0,0,0,1,0,0
60,85002,3,3,4,26,1,5,2,2,42.4,21,2022,6,1.0,8.7,3,2,2,0,0,0,1,0,0,0,1,0,0,1,0,0,0,0,0,1,0,0,0,0,0
48,57177,5,0,5,54,1,5,1,1,43.6,29,2020,9,0.0,10.8,2,1,2,0,0,0,0,0,0,0,1,0,0,0,0,1,0,0,0,0,1,0,0,0,0
35,31857,6,0,5,22,0,1,2,5,27.9,12,2019,12,0.0,3.7,1,0,2,1,0,0,0,1,0,0,0,0,0,0,0,0,0,1,0,1,0,0,0,0,0
31,115767,9,9,2,10,1,2,3,3,10.6,1,2016,4,1.0,1.1,1,3,1,1,0,0,0,1,0,0,0,0,0,1,0,0,0,1,0,0,0,1,0,0,0
40,36506,6,5,1,3,0,1,3,5,15.7,13,2019,12,0.83,0.5,1,0,1,0,1,0,0,0,1,0,1,0,0,1,0,0,0,1,0,1,0,0,0,0,0
24,98098,6,0,4,26,1,5,4,0,46.3,6,2019,3,0.0,4.3,0,2,2,0,1,0,0,1,0,0,1,0,0,0,0,0,0,0,0,0,1,0,0,0,0
35,21757,6,1,3,29,1,2,4,2,8.6,25,2019,5,0.17,4.8,1,0,0,1,0,0,0,0,1,0,0,1,0,0,1,0,0,0,1,0,0,0,0,0,1
38,54301,4,1,5,1,0,2,4,3,31.0,3,2021,1,0.25,0.2,1,1,2,1,0,0,1,0,0,0,0,0,1,1,0,0,0,0,0,0,0,0,1,0,0
44,112393,5,2,3,6,0,1,4,2,31.1,19,2020,12,0.4,1.2,2,3,2,1,0,1,0,0,0,0,0,0,1,1,0,0,0,0,0,0,0,0,0,1,0
37,90220,8,1,3,57,0,2,3,2,43.0,3,2017,8,0.12,7.1,1,2,2,0,1,1,0,0,0,0,0,1,0,0,1,0,0,0,1,0,0,0,1,0,0
41,66510,9,7,2,51,0,3,4,1,46.4,15,2016,8,0.78,5.7,2,1,2,1,0,0,1,0,0,0,0,0,1,0,0,1,0,0,1,0,0,0,0,1,0
42,107925,6,0,5,0,1,4,2,0,35.3,21,2019,9,0.0,0.0,2,3,2,1,0,1,0,0,0,0,0,0,0,1,0,0,0,0,1,1,0,0,0,0,0
51,105469,4,1,2,3,0,2,1,1,29.1,4,2021,7,0.25,0.8,3,3,2,0,0,0,0,0,1,0,1,0,0,1,0,0,0,0,1,0,1,0,0,0,0
32,53273,2,0,5,40,1,5,1,0,44.5,0,2023,6,0.0,20.0,1,1,2,0,0,0,1,0,0,0,0,0,0,0,0,1,0,0,1,0,0,0,0,0,0
39,70207,2,0,2,31,0,5,1,2,34.5,9,2023,1,0.0,15.5,1,2,2,1,0,0,0,1,0,0,1,0,0,0,0,0,1,0,0,0,0,0,1,0,0
27,56720,9,7,5,46,1,5,1,2,15.3,17,2016,8,0.78,5.1,0,1,1,0,1,0,0,0,1,0,0,0,1,0,1,0,0,0,1,0,0,0,1,0,0
45,59419,9,6,4,37,1,5,4,2,16.0,20,2016,4,0.67,4.1,2,1,1,0,1,0,0,1,0,0,1,0,0,0,0,0,1,0,0,0,0,0,0,0,0
22,117479,4,1,1,7,1,2,1,0,42.5,11,2021,3,0.25,1.8,0,3,2,0,0,1,0,0,0,0,0,0,1,0,1,0,0,0,0,1,0,0,0,0,0
54,98614,2,0,4,5,1,1,3,1,14.3,12,2023,8,0.0,2.5,3,2,1,0,0,0,1,0,0,0,0,0,0,0,0,0,1,1,0,0,1,0,0,0,0
42,97626,10,8,1,10,0,3,4,3,22.8,28,2015,8,0.8,1.0,2,2,1,0,1,0,0,1,0,0,1,0,0,0,0,0,1,1,0,0,0,1,0,0,0
54,101212,3,3,1,59,0,4,3,5,27.3,24,2022,7,1.0,19.7,3,3,2,0,0,0,0,0,1,0,1,0,0,0,0,0,1,0,0,0,0,0,1,0,0
25,73130,3,3,3,16,0,1,1,3,44.7,10,2022,5,1.0,5.3,0,2,2,0,1,0,0,0,0,1,0,0,0,1,0,0,0,0,1,0,0,1,0,0,0
53,118399,2,0,1,6,0,5,3,1,19.7,8,2023,6,0.0,3.0,3,3,1,0,1,0,0,0,1,1,0,0,0,0,0,0,1,1,0,0,0,0,0,1,0
23,65807,6,3,2,16,0,1,3,3,15.4,28,2019,1,0.5,2.7,0,1,1,0,0,0,1,0,0,0,0,0,0,0,0,0,1,1,0,0,0,0,0,1,0
39,37052,5,2,1,6,1,4,3,1,33.6,16,2020,2,0.4,1.2,1,0,2,0,1,0,0,0,1,0,0,0,0,0,1,0,0,1,0,0,0,0,0,1,0
52,41050,4,3,5,29,1,1,1,0,36.4,14,2021,2,0.75,7.2,3,1,2,0,0,0,0,1,0,0,1,0,0,0,0,0,0,1,0,0,0,0,0,1,0
40,76783,6,0,3,14,0,4,2,0,19.2,6,2019,7,0.0,2.3,1,2,1,0,1,0,0,0,0,0,1,0,0,1,0,0,0,1,0,0,1,0,0,0,0
28,40809,6,0,4,22,1,4,3,5,8.1,13,2019,9,0.0,3.7,0,1,0,0,1,0,0,0,1,0,0,0,0,0,1,0,0,0,0,0,0,0,0,0,0
24,56302,5,3,1,39,0,3,3,4,19.3,4,2020,6,0.6,7.8,0,1,1,1,0,0,0,0,0,1,0,0,0,0,0,0,1,1,0,0,0,1,0,0,0
40,63638,5,2,1,29,0,1,3,1,39.3,21,2020,10,0.4,5.8,1,1,2,0,0,0,1,0,0,0,0,1,0,1,0,0,0,0,0,0,1,0,0,0,0
31,26415,8,3,4,28,1,2,2,5,1.4,13,2017,5,0.38,3.5,1,0,0,0,1,0,1,0,0,0,0,1,0,0,0,1,0,0,1,0,0,0,1,0,0
25,117465,8,8,3,8,0,5,3,2,14.7,26,2017,5,1.0,1.0,0,3,1,0,1,0,0,1,0,0,0,0,0,0,0,0,0,0,0,1,0,0,0,0,0
58,17081,5,0,4,47,0,4,3,1,49.3,28,2020,12,0.0,9.4,3,0,2,0,0,0,1,0,0,0,0,0,0,0,0,0,1,1,0,0,0,1,0,0,0
44,88216,5,3,3,20,1,3,1,0,40.5,30,2020,12,0.6,4.0,2,2,2,0,0,0,0,0,1,0,0,0,0,0,1,0,0,0,1,0,0,0,0,0,0
51,117379,4,4,4,26,0,4,2,3,19.2,29,2021,7,1.0,6.5,3,3,1,1,0,1,0,0,0,0,0,1,0,0,1,0,0,0,0,0,0,0,1,0,0
38,57760,5,3,2,20,1,2,1,0,32.8,21,2020,12,0.6,4.0,1,1,2,1,0,1,0,0,0,0,0,0,0,1,0,0,0,1,0,0,1,0,0,0,0
34,118783,3,3,1,19,0,5,4,3,9.6,1,2022,11,1.0,6.3,1,3,0,0,0,1,0,0,0,1,0,0,0,1,0,0,0,0,1,0,1,0,0,0,0
22,77340,6,6,1,48,1,2,4,1,35.5,20,2019,7,1.0,8.0,0,2,2,0,0,0,1,0,0,0,1,0,0,0,0,0,1,0,0,0,0,1,0,0,0
45,20462,9,0,1,33,1,3,2,5,25.4,4,2016,11,0.0,3.7,2,0,2,1,0,1,0,0,0,0,0,0,1,0,0,1,0,0,0,0,0,0,1,0,0
24,35332,2,2,2,19,1,4,4,0,14.1,2,2023,8,1.0,9.5,0,0,1,0,0,0,0,0,1,0,1,0,0,0,0,1,0,0,1,0,0,0,0,0,1
53,57826,6,6,3,48,0,4,2,1,48.9,4,2019,4,1.0,8.0,3,1,2,1,0,0,0,0,0,0,0,0,1,0,1,0,0,0,0,0,0,1,0,0,0
45,101338,10,3,2,4,0,1,3,4,19.5,9,2015,10,0.3,0.4,2,3,1,0,0,0,1,0,0,0,0,0,0,0,1,0,0,0,1,0,0,0,0,1,0
24,109315,6,0,4,42,1,3,4,0,34.8,2,2019,6,0.0,7.0,0,3,2,1,0,0,0,0,0,0,0,0,0,0,0,0,0,0,1,0,1,0,0,0,0
32,103637,5,4,5,32,0,1,2,0,29.6,17,2020,8,0.8,6.4,1,3,2,0,0,1,0,0,0,0,1,0,0,0,1,0,0,1,0,0,0,1,0,0,0
47,43107,4,4,4,20,1,1,1,2,22.6,29,2021,12,1.0,5.0,2,1,1,0,0,1,0,0,0,0,0,1,0,1,0,0,0,1,0,0,0,0,0,0,1
25,113711,10,5,5,4,0,3,3,3,37.4,18,2015,7,0.5,0.4,0,3,2,1,0,1,0,0,0,0,0,0,1,0,0,0,0,0,1,0,0,0,0,0,0
60,82354,6,5,5,46,1,2,1,1,26.7,3,2019,5,0.83,7.7,3,2,2,1,0,0,0,0,1,0,1,0,0,0,1,0,0,0,1,0,0,0,1,0,0
29,28579,6,0,5,14,1,1,3,4,8.4,23,2019,6,0.0,2.3,0,0,0,1,0,0,0,0,0,0,0,0,1,0,0,0,1,0,0,0,0,0,0,0,0
52,103429,3,1,2,19,0,3,4,2,36.3,4,2022,11,0.33,6.3,3,3,2,0,1,0,0,0,1,0,0,1,0,0,0,0,1,0,0,0,1,0,0,0,0
41,47107,10,10,3,29,1,2,2,4,28.3,7,2015,11,1.0,2.9,2,1,2,0,1,0,0,1,0,0,1,0,0,0,0,0,1,0,1,0,0,0,0,1,0
58,80874,2,1,4,53,1,3,3,4,25.3,14,2023,12,0.5,26.5,3,2,2,1,0,0,0,0,0,0,0,1,0,0,0,0,1,0,1,0,0,0,1,0,0
42,78500,3,0,2,17,1,3,3,0,39.3,7,2022,10,0.0,5.7,2,2,2,1,0,0,1,0,0,0,0,0,1,0,0,0,1,0,0,0,0,0,0,1,0
26,59428,2,0,3,40,0,4,1,2,16.5,26,2023,12,0.0,20.0,0,1,1,0,1,0,1,0,0,0,0,0,1,0,0,0,0,0,0,0,0,0,0,0,1
24,63738,9,8,4,38,0,4,3,5,27.1,7,2016,7,0.89,4.2,0,1,2,0,1,0,0,1,0,0,0,0,1,0,0,1,0,1,0,0,1,0,0,0,0
39,69502,10,3,4,55,0,2,4,3,25.5,27,2015,9,0.3,5.5,1,1,2,0,0,0,0,0,1,0,1,0,0,0,0,0,0,1,0,1,0,0,0,0,0
45,40859,5,2,1,59,0,2,3,3,40.3,28,2020,1,0.4,11.8,2,1,2,0,0,1,0,0,0,0,0,0,1,0,1,0,0,0,0,1,0,0,0,0,0
34,114528,5,3,4,30,0,2,4,0,22.8,0,2020,3,0.6,6.0,1,3,1,0,0,0,0,0,1,0,1,0,0,0,0,1,0,1,0,0,0,0,0,1,0
22,45286,1,0,2,40,0,3,1,5,18.8,24,2024,1,0.0,40.0,0,1,1,0,1,0,1,0,0,0,0,1,0,0,0,0,0,0,1,1,0,0,0,0,0
37,71778,6,2,5,4,1,5,4,3,31.0,22,2019,3,0.33,0.7,1,2,2,0,0,0,0,0,1,0,0,0,0,1,0,0,0,0,0,0,0,0,0,1,0
28,84397,5,4,1,26,1,3,2,2,3.9,9,2020,1,0.8,5.2,0,2,0,0,1,0,1,0,0,0,0,0,0,0,1,0,0,0,0,0,0,0,0,0,1
29,101865,3,3,2,12,1,2,4,1,8.1,5,2022,1,1.0,4.0,0,3,0,0,1,0,0,0,0,0,0,0,1,0,1,0,0,1,0,0,0,1,0,0,0
24,69673,1,1,3,56,1,3,2,0,31.5,2,2024,1,1.0,56.0,0,1,2,0,1,1,0,0,0,0,0,1,0,0,0,0,0,1,0,0,1,0,0,0,0
43,41834,5,4,5,8,1,2,3,4,25.0,8,2020,4,0.8,1.6,2,1,1,1,0,0,0,1,0,0,1,0,0,0,0,0,1,0,1,0,0,0,0,0,1
49,38131,2,2,1,21,1,2,3,5,11.4,28,2023,3,1.0,10.5,2,0,1,1,0,0,0,1,0,0,0,0,1,1,0,0,0,0,1,0,0,0,0,0,0
33,27979,4,3,2,10,1,1,3,2,2.6,19,2021,8,0.75,2.5,1,0,0,0,0,1,0,0,0,0,1,0,0,1,0,0,0,0,1,0,0,0,0,0,0
54,43537,8,7,2,16,1,5,2,0,34.0,10,2017,12,0.88,2.0,3,1,2,0,1,1,0,0,0,0,0,0,1,1,0,0,0,0,1,0,1,0,0,0,0
55,70462,7,1,5,25,0,3,4,4,6.3,22,2018,7,0.14,3.6,3,2,0,0,1,0,0,0,1,0,0,0,1,1,0,0,0,0,1,0,0,0,1,0,0
25,21871,3,3,5,20,1,5,1,4,27.2,7,2022,10,1.0,6.7,0,0,2,1,0,0,0,0,1,0,0,0,0,0,1,0,0,0,0,0,0,0,0,1,0
36,95473,5,1,3,11,0,5,3,0,17.0,14,2020,6,0.2,2.2,1,2,1,0,1,0,0,1,0,0,0,0,0,0,0,1,0,1,0,0,0,0,0,0,1
44,110289,8,5,3,1,0,2,4,2,28.7,30,2017,11,0.62,0.1,2,3,2,0,1,0,0,1,0,0,0,0,1,0,1,0,0,0,1,0,0,0,0,0,1
49,76887,5,5,5,26,0,3,1,4,46.0,11,2020,8,1.0,5.2,2,2,2,1,0,0,1,0,0,1,0,0,0,0,0,1,0,0,0,0,0,0,0,0,1
30,97018,3,1,2,51,0,4,2,0,8.5,17,2022,1,0.33,17.0,0,2,0,0,0,0,0,1,0,1,0,0,0,0,1,0,0,0,1,0,0,0,0,1,0
24,49198,6,6,1,24,0,1,3,4,3.1,10,2019,7,1.0,4.0,0,1,0,0,0,1,0,0,0,0,0,0,0,0,0,0,0,1,0,0,0,0,0,0,0
39,57719,3,3,3,33,0,1,4,0,34.4,8,2022,3,1.0,11.0,1,1,2,1,0,1,0,0,0,0,0,1,0,0,0,0,0,0,0,0,0,1,0,0,0
37,81088,10,1,5,51,1,1,1,2,35.1,16,2015,8,0.1,5.1,1,2,2,0,1,1,0,0,0,1,0,0,0,0,0,0,0,0,0,0,1,0,0,0,0
36,106757,6,3,5,15,0,1,4,4,30.1,19,2019,3,0.5,2.5,1,3,2,1,0,0,0,1,0,0,0,0,0,0,0,0,1,1,0,0,0,0,0,0,1
59,88827,3,3,1,58,0,1,1,1,18.0,5,2022,7,1.0,19.3,3,2,1,0,1,0,0,0,0,0,0,0,1,1,0,0,0,0,0,0,0,0,0,1,0
33,42560,10,9,1,19,0,2,2,0,27.0,10,2015,7,0.9,1.9,1,1,2,0,0,0,1,0,0,1,0,0,0,0,0,1,0,0,0,0,0,0,0,0,0
48,87902,10,1,2,57,1,2,3,1,1.6,8,2015,7,0.1,5.7,2,2,0,1,0,0,1,0,0,0,1,0,0,1,0,0,0,0,0,0,0,0,1,0,0
57,64502,8,0,1,35,0,2,4,4,25.0,30,2017,11,0.0,4.4,3,1,1,1,0,0,0,0,0,0,0,0,1,1,0,0,0,1,0,0,0,0,0,0,1
24,117650,1,0,2,46,0,4,3,5,3.6,4,2024,1,0.0,46.0,0,3,0,1,0,1,0,0,0,0,0,1,0,0,0,0,1,0,1,0,0,0,0,1,0
59,84250,6,2,5,49,1,1,4,5,6.1,21,2019,7,0.33,8.2,3,2,0,0,1,0,0,1,0,0,0,0,1,0,0,1,0,0,0,0,0,0,0,0,1
55,52024,2,2,2,4,0,5,3,0,44.0,18,2023,9,1.0,2.0,3,1,2,0,0,1,0,0,0,0,1,0,0,0,1,0,0,0,0,0,0,1,0,0,0
30,111959,6,2,2,50,0,4,4,5,38.9,15,2019,6,0.33,8.3,0,3,2,0,0,1,0,0,0,0,0,0,1,0,0,0,0,0,0,0,0,0,0,0,0
31,97120,10,10,5,10,1,3,3,3,19.5,13,2015,10,1.0,1.0,1,2,1,1,0,0,0,0,0,0,0,1,0,0,0,0,1,0,0,1,0,0,0,0,0
50,118042,2,0,2,40,0,4,1,4,46.9,22,2023,9,0.0,20.0,2,3,2,0,1,0,0,0,0,0,0,1,0,0,0,0,1,0,1,0,0,1,0,0,0
34,95660,7,2,1,12,0,1,4,1,18.4,19,2018,1,0.29,1.7,1,2,1,1,0,0,0,1,0,0,0,0,1,0,0,1,0,0,0,0,0,0,1,0,0
36,53541,4,2,2,4,0,1,3,3,48.5,8,2021,12,0.5,1.0,1,1,2,0,0,0,0,1,0,0,1,0,0,0,0,0,1,0,1,0,0,1,0,0,0
55,98681,4,2,1,56,0,5,3,2,25.5,0,2021,6,0.5,14.0,3,2,2,1,0,1,0,0,0,0,0,0,1,1,0,0,0,1,0,0,0,0,1,0,0
24,117096,7,0,2,53,0,5,1,3,4.4,18,2018,9,0.0,7.6,0,3,0,0,1,0,1,0,0,0,0,0,1,0,0,0,1,0,0,0,0,0,0,0,0
40,107049,1,1,1,54,0,2,1,1,30.7,15,2024,5,1.0,54.0,1,3,2,0,1,0,0,0,0,1,0,0,0,0,0,0,1,0,0,0,0,0,0,0,1
32,100652,9,1,5,32,0,4,3,2,14.1,7,2016,2,0.11,3.6,1,3,1,0,1,1,0,0,0,0,0,1,0,0,0,1,0,0,1,0,0,0,0,1,0
32,60178,9,1,1,10,0,3,3,3,30.2,1,2016,9,0.11,1.1,1,1,2,1,0,0,0,0,0,0,0,1,0,0,0,0,0,0,0,0,0,1,0,0,0
35,105440,2,1,5,56,1,2,4,5,20.5,12,2023,3,0.5,28.0,1,3,1,0,0,0,0,0,0,0,1,0,0,0,0,0,0,0,0,0,0,0,0,0,0
37,18258,5,2,1,19,1,3,3,0,13.3,24,2020,9,0.4,3.8,1,0,1,0,1,0,0,0,0,0,1,0,0,1,0,0,0,1,0,0,1,0,0,0,0
27,104498,8,4,4,27,1,5,1,2,9.6,6,2017,6,0.5,3.4,0,3,0,0,1,0,0,0,0,0,1,0,0,0,1,0,0,0,0,0,0,0,0,0,0
58,52578,8,6,5,46,0,2,2,5,44.8,1,2017,3,0.75,5.8,3,1,2,0,1,1,0,0,0,0,0,0,1,0,1,0,0,1,0,1,0,0,0,0,0
37,36753,2,0,1,14,0,5,1,0,42.6,7,2023,5,0.0,7.0,1,0,2,0,1,1,0,0,0,1,0,0,0,0,1,0,0,0,0,0,0,0,0,0,0
42,97016,3,0,4,3,0,5,3,4,36.4,26,2022,5,0.0,1.0,2,2,2,1,0,0,1,0,0,0,1,0,0,0,0,0,1,0,0,0,0,0,0,0,0
35,65324,1,0,1,1,1,4,3,0,23.7,15,2024,6,0.0,1.0,1,1,1,0,0,0,0,0,1,1,0,0,0,1,0,0,0,0,0,0,1,0,0,0,0
48,83613,10,9,2,34,1,2,3,1,36.5,21,2015,6,0.9,3.4,2,2,2,0,1,1,0,0,0,0,0,0,1,0,0,0,1,0,1,0,0,0,0,1,0
44,95352,7,1,4,23,0,4,4,4,49.4,25,2018,8,0.14,3.3,2,2,2,0,0,0,0,1,0,0,0,1,0,0,0,0,1,0,1,0,0,0,0,0,1
30,40873,6,0,1,1,0,3,1,0,48.4,21,2019,4,0.0,0.2,0,1,2,0,0,0,1,0,0,0,0,1,0,0,0,1,0,0,0,0,0,0,0,0,1
28,118049,4,1,1,49,0,5,1,2,38.0,4,2021,11,0.25,12.2,0,3,2,0,1,0,0,0,1,0,1,0,0,0,0,1,0,0,0,0,0,1,0,0,0
24,116299,2,0,5,32,0,4,1,2,32.3,1,2023,8,0.0,16.0,0,3,2,1,0,1,0,0,0,0,0,0,1,0,1,0,0,1,0,0,0,1,0,0,0
60,82056,6,3,5,43,0,3,1,0,28.9,10,2019,7,0.5,7.2,3,2,2,0,0,0,0,0,0,0,0,0,1,0,1,0,0,0,0,0,0,0,0,1,0
57,67293,3,1,3,16,1,2,2,5,32.8,16,2022,7,0.33,5.3,3,1,2,0,1,0,0,1,0,0,0,0,0,0,0,1,0,0,0,0,0,0,0,0,1
36,116272,4,0,1,14,1,3,3,3,13.9,28,2021,7,0.0,3.5,1,3,1,1,0,0,0,1,0,1,0,0,0,0,0,0,1,1,0,0,0,0,0,0,1
53,43327,4,4,2,34,1,1,1,0,21.2,24,2021,9,1.0,8.5,3,1,1,0,0,1,0,0,0,1,0,0,0,0,0,0,0,1,0,0,0,0,0,0,1
60,48875,9,3,2,55,0,3,4,5,30.0,5,2016,9,0.33,6.1,3,1,2,0,1,0,1,0,0,0,0,0,0,0,0,1,0,1,0,0,0,0,1,0,0
42,72832,8,7,4,28,1,1,1,1,38.1,11,2017,10,0.88,3.5,2,2,2,1,0,0,0,0,0,1,0,0,0,0,0,0,0,0,1,1,0,0,0,0,0
38,117339,2,2,2,30,1,5,3,0,11.8,26,2023,9,1.0,15.0,1,3,1,1,0,1,0,0,0,0,0,0,0,1,0,0,0,1,0,1,0,0,0,0,0
34,66728,6,5,3,8,1,3,4,2,4.4,15,2019,2,0.83,1.3,1,1,0,0,0,0,0,0,0,0,0,0,1,0,0,0,0,1,0,0,0,0,0,0,1
33,31241,2,1,5,42,0,2,3,2,2.0,17,2023,11,0.5,21.0,1,0,0,0,0,0,0,1,0,0,0,0,0,0,0,0,1,1,0,0,0,0,0,1,0
23,66148,5,4,4,54,0,2,4,1,22.3,30,2020,9,0.8,10.8,0,1,1,0,1,0,0,1,0,1,0,0,0,0,1,0,0,1,0,0,0,0,1,0,0
28,91048,3,1,3,29,1,2,1,1,7.9,3,2022,3,0.33,9.7,0,2,0,0,0,0,0,0,0,0,0,0,0,0,1,0,0,0,0,1,0,0,0,0,0
24,50553,6,2,3,31,0,4,3,4,3.6,4,2019,3,0.33,5.2,0,1,0,0,0,0,0,0,1,0,0,0,1,1,0,0,0,0,0,1,0,0,0,0,0
32,63498,5,5,3,24,1,1,2,3,42.2,29,2020,11,1.0,4.8,1,1,2,1,0,0,0,1,0,0,0,0,1,0,1,0,0,1,0,0,0,0,0,0,1
36,22860,9,9,2,5,0,1,1,0,35.0,29,2016,10,1.0,0.6,1,0,2,0,1,0,0,1,0,0,0,1,0,1,0,0,0,0,1,1,0,0,0,0,0
34,46982,9,8,1,51,0,1,3,0,7.5,11,2016,7,0.89,5.7,1,1,0,1,0,1,0,0,0,1,0,0,0,0,0,0,1,0,1,1,0,0,0,0,0
43,103528,9,3,3,41,1,4,1,4,33.6,16,2016,8,0.33,4.6,2,3,2,0,0,0,1,0,0,0,0,0,0,1,0,0,0,0,1,0,1,0,0,0,0
23,90916,10,9,5,30,0,1,2,0,36.3,20,2015,12,0.9,3.0,0,2,2,0,1,0,1,0,0,0,1,0,0,1,0,0,0,1,0,0,0,0,1,0,0
48,21099,6,4,3,34,1,3,1,1,5.1,28,2019,5,0.67,5.7,2,0,0,0,0,0,0,1,0,0,1,0,0,0,0,0,1,0,1,0,0,1,0,0,0
55,40242,4,3,3,34,0,1,2,5,15.9,27,2021,2,0.75,8.5,3,1,1,0,0,1,0,0,0,0,1,0,0,0,1,0,0,1,0,0,0,0,0,0,0
58,76930,7,4,4,3,1,5,2,0,24.1,4,2018,12,0.57,0.4,3,2,1,1,0,0,0,1,0,1,0,0,0,0,0,0,1,0,0,0,0,0,0,0,1
30,37024,3,1,4,37,1,3,1,3,46.0,8,2022,12,0.33,12.3,0,0,2,0,1,0,0,0,1,0,0,0,1,0,0,1,0,0,0,0,1,0,0,0,0
38,113623,4,3,1,21,1,2,4,5,13.9,26,2021,4,0.75,5.2,1,3,1,0,1,0,0,0,0,0,1,0,0,0,1,0,0,0,0,0,0,0,0,1,0
60,103303,5,2,1,14,0,1,1,2,5.5,21,2020,9,0.4,2.8,3,3,0,0,0,0,0,1,0,0,0,0,0,0,0,1,0,1,0,1,0,0,0,0,0
29,46048,1,0,5,31,0,2,3,5,37.9,22,2024,1,0.0,31.0,0,1,2,1,0,0,0,1,0,1,0,0,0,0,1,0,0,0,0,0,0,0,1,0,0
24,21159,3,2,5,31,0,1,3,5,4.3,9,2022,4,0.67,10.3,0,0,0,1,0,1,0,0,0,1,0,0,0,0,0,1,0,0,0,0,0,0,0,1,0
39,44468,10,6,1,5,1,2,1,3,49.5,30,2015,11,0.6,0.5,1,1,2,0,1,0,0,0,0,0,0,1,0,1,0,0,0,1,0,0,1,0,0,0,0
50,55758,7,7,4,43,1,1,4,0,35.2,18,2018,9,1.0,6.1,2,1,2,0,0,1,0,0,0,0,0,1,0,0,0,0,1,0,0,1,0,0,0,0,0
57,99377,1,0,5,22,1,5,2,2,23.9,4,2024,6,0.0,22.0,3,2,1,1,0,0,0,1,0,0,0,1,0,0,0,0,1,0,0,0,0,1,0,0,0
32,48403,7,6,1,24,1,1,2,1,8.9,22,2018,10,0.86,3.4,1,1,0,0,0,0,0,1,0,0,1,0,0,0,1,0,0,0,1,0,0,1,0,0,0
54,79641,5,2,1,33,0,4,4,4,32.3,23,2020,7,0.4,6.6,3,2,2,0,0,0,0,0,1,1,0,0,0,0,0,0,0,1,0,0,0,0,1,0,0
33,100496,3,0,2,17,1,2,2,3,44.3,22,2022,6,0.0,5.7,1,3,2,1,0,0,0,1,0,0,0,0,0,0,0,0,1,0,0,0,1,0,0,0,0
45,37606,2,0,4,53,0,4,1,4,36.0,7,2023,5,0.0,26.5,2,0,2,1,0,1,0,0,0,0,0,1,0,0,1,0,0,0,1,0,1,0,0,0,0
37,61408,2,0,2,16,0,3,2,3,40.8,13,2023,1,0.0,8.0,1,1,2,0,1,0,1,0,0,0,0,0,0,0,0,1,0,0,0,0,0,0,0,0,1
60,53567,10,10,2,11,0,2,2,2,1.7,10,2015,7,1.0,1.1,3,1,0,0,0,0,0,0,0,0,0,1,0,0,1,0,0,0,0,0,0,0,0,1,0
56,112393,7,6,3,0,0,4,1,2,6.2,22,2018,3,0.86,0.0,3,3,0,1,0,0,0,1,0,0,0,0,1,0,0,0,1,1,0,0,0,0,0,0,0
47,53572,9,5,5,54,1,4,2,1,38.4,13,2016,10,0.56,6.0,2,1,2,1,0,1,0,0,0,0,0,1,0,0,0,1,0,0,1,0,0,0,0,0,1
23,39985,2,1,4,13,0,2,1,2,34.9,28,2023,10,0.5,6.5,0,0,2,1,0,0,0,0,0,1,0,0,0,0,1,0,0,1,0,0,1,0,0,0,0
30,36338,8,8,2,43,1,4,3,4,19.4,14,2017,1,1.0,5.4,0,0,1,0,0,0,0,1,0,0,0,0,1,1,0,0,0,1,0,0,0,1,0,0,0
48,40033,6,0,5,40,1,1,4,4,32.9,0,2019,2,0.0,6.7,2,1,2,0,0,0,1,0,0,0,1,0,0,0,0,0,1,0,1,0,0,0,1,0,0
53,95619,6,6,5,1,1,5,3,2,16.6,25,2019,11,1.0,0.2,3,2,1,1,0,0,0,0,0,0,0,1,0,0,1,0,0,0,1,0,0,0,1,0,0
46,71741,6,6,4,12,1,1,2,3,12.5,26,2019,12,1.0,2.0,2,2,1,1,0,0,0,0,1,0,0,0,0,0,0,1,0,0,0,1,0,0,0,0,0
51,30467,7,2,5,37,0,2,1,0,43.0,30,2018,1,0.29,5.3,3,0,2,0,1,1,0,0,0,1,0,0,0,0,0,0,0,0,1,0,0,0,0,1,0
36,93202,3,0,3,13,1,3,4,4,20.4,1,2022,2,0.0,4.3,1,2,1,0,0,0,0,0,0,0,0,0,1,0,1,0,0,0,1,0,0,0,0,1,0
43,45708,10,5,1,57,0,4,2,3,8.7,2,2015,7,0.5,5.7,2,1,0,0,0,0,0,1,0,0,1,0,0,0,0,0,0,0,1,0,0,0,1,0,0
36,60423,3,1,2,50,1,4,1,3,26.4,18,2022,9,0.33,16.7,1,1,2,0,1,0,1,0,0,0,1,0,0,1,0,0,0,1,0,0,0,1,0,0,0
32,106406,9,1,2,50,0,5,2,3,46.1,3,2016,4,0.11,5.6,1,3,2,0,0,0,1,0,0,0,0,1,0,0,0,0,1,0,1,1,0,0,0,0,0
34,33517,2,1,5,35,0,2,3,4,4.2,3,2023,12,0.5,17.5,1,0,0,0,0,1,0,0,0,0,0,1,0,0,0,0,1,0,1,0,0,1,0,0,0
42,112839,7,2,5,39,0,4,1,1,46.8,6,2018,9,0.29,5.6,2,3,2,1,0,0,1,0,0,0,0,0,0,0,0,0,0,1,0,1,0,0,0,0,0
39,116128,1,0,2,25,0,2,1,2,17.8,25,2024,4,0.0,25.0,1,3,1,0,1,0,0,0,1,1,0,0,0,1,0,0,0,0,1,0,0,0,1,0,0
59,65648,9,9,3,25,0,5,3,1,19.7,16,2016,11,1.0,2.8,3,1,1,0,0,0,1,0,0,0,0,1,0,0,0,1,0,1,0,1,0,0,0,0,0
50,95738,8,1,2,12,1,1,3,3,3.1,25,2017,9,0.12,1.5,2,2,0,1,0,1,0,0,0,0,0,0,0,0,0,0,1,1,0,0,0,1,0,0,0
34,37480,6,0,4,0,1,3,1,4,21.3,28,2019,4,0.0,0.0,1,0,1,1,0,0,0,0,0,1,0,0,0,0,0,0,1,1,0,0,0,1,0,0,0
48,86374,10,10,2,51,0,5,2,1,16.5,10,2015,7,1.0,5.1,2,2,1,0,1,0,0,1,0,0,0,0,1,1,0,0,0,0,1,0,0,1,0,0,0
40,75618,5,4,3,23,1,4,3,1,44.8,22,2020,6,0.8,4.6,1,2,2,0,0,0,0,0,1,0,0,0,1,0,1,0,0,0,1,0,0,1,0,0,0
32,84134,7,2,3,9,1,4,4,2,3.6,15,2018,7,0.29,1.3,1,2,0,0,1,0,1,0,0,0,0,1,0,1,0,0,0,0,0,0,1,0,0,0,0
47,82546,9,2,1,20,0,5,2,5,5.7,18,2016,7,0.22,2.2,2,2,0,0,1,1,0,0,0,0,0,1,0,1,0,0,0,1,0,0,0,0,0,0,1
32,100093,6,3,1,11,0,4,1,4,6.3,23,2019,3,0.5,1.8,1,3,0,0,1,1,0,0,0,0,1,0,0,0,0,1,0,1,0,0,0,0,0,1,0
48,67902,7,2,5,15,0,5,2,2,13.9,2,2018,11,0.29,2.1,2,1,1,1,0,0,0,0,1,0,0,1,0,0,0,1,0,1,0,0,0,0,0,0,0
30,61759,4,0,1,42,0,1,4,3,18.9,14,2021,7,0.0,10.5,0,1,1,1,0,0,0,0,1,0,0,1,0,0,0,0,0,1,0,1,0,0,0,0,0
25,34507,3,2,4,26,1,4,2,3,13.1,12,2022,6,0.67,8.7,0,0,1,0,0,1,0,0,0,0,0,0,1,0,0,0,0,0,0,0,0,0,0,1,0
37,21219,9,7,4,6,1,3,2,4,41.0,28,2016,5,0.78,0.7,1,0,2,0,1,0,0,0,0,0,1,0,0,0,1,0,0,0,1,0,0,1,0,0,0
40,52066,9,6,2,13,1,3,1,0,16.0,6,2016,6,0.67,1.4,1,1,1,0,0,1,0,0,0,0,0,0,0,0,1,0,0,0,0,0,0,0,1,0,0
50,83541,6,0,3,38,1,4,2,4,16.7,25,2019,6,0.0,6.3,2,2,1,0,0,1,0,0,0,0,0,0,1,0,1,0,0,0,1,0,0,0,0,1,0
56,80156,3,1,5,30,0,3,2,3,49.9,0,2022,6,0.33,10.0,3,2,2,0,0,0,0,1,0,0,0,1,0,0,0,0,1,0,1,1,0,0,0,0,0
58,15946,8,3,3,55,0,3,1,5,1.3,2,2017,4,0.38,6.9,3,0,0,1,0,0,0,0,1,0,1,0,0,0,1,0,0,0,1,0,0,0,0,1,0
27,96525,8,8,2,33,0,5,3,0,39.8,24,2017,8,1.0,4.1,0,2,2,1,0,0,0,1,0,0,1,0,0,0,0,0,0,1,0,0,0,0,0,0,1
56,119459,7,7,5,57,1,3,1,5,48.5,19,2018,5,1.0,8.1,3,3,2,1,0,1,0,0,0,1,0,0,0,0,0,1,0,1,0,1,0,0,0,0,0
44,108967,9,2,1,5,0,1,3,3,27.9,18,2016,9,0.22,0.6,2,3,2,1,0,0,0,0,1,0,0,1,0,1,0,0,0,1,0,0,0,0,0,0,1
35,68159,2,2,2,9,1,3,4,4,9.5,27,2023,3,1.0,4.5,1,1,0,1,0,0,0,0,1,0,0,0,0,0,1,0,0,0,1,1,0,0,0,0,0
27,34895,4,0,3,42,0,3,4,3,40.9,23,2021,11,0.0,10.5,0,0,2,0,1,0,0,0,1,0,0,0,0,0,0,0,0,1,0,0,0,0,1,0,0
51,61286,8,3,3,31,1,3,2,2,46.9,16,2017,1,0.38,3.9,3,1,2,0,1,0,0,1,0,1,0,0,0,0,0,0,1,0,1,0,0,1,0,0,0
24,62958,7,5,2,24,0,4,2,1,20.8,17,2018,3,0.71,3.4,0,1,1,1,0,0,0,0,1,0,0,1,0,0,0,1,0,0,1,0,0,0,0,1,0
40,88744,9,3,3,24,1,4,4,5,17.1,23,2016,5,0.33,2.7,1,2,1,0,0,0,0,1,0,0,0,0,0,0,0,0,0,0,0,1,0,0,0,0,0
49,47373,6,5,1,7,0,3,4,2,45.1,12,2019,2,0.83,1.2,2,1,2,0,0,0,0,1,0,0,1,0,0,1,0,0,0,0,1,0,0,1,0,0,0
36,99381,3,0,4,55,1,1,4,3,3.3,19,2022,9,0.0,18.3,1,2,0,0,0,0,0,1,0,0,1,0,0,0,0,1,0,0,1,0,0,1,0,0,0
49,83742,8,0,5,7,1,1,2,1,4.3,2,2017,11,0.0,0.9,2,2,0,0,1,0,0,1,0,0,1,0,0,0,0,1,0,0,0,0,0,0,1,0,0
26,109936,8,0,3,27,1,1,2,1,31.0,12,2017,6,0.0,3.4,0,3,2,1,0,0,0,0,1,0,0,1,0,0,1,0,0,1,0,1,0,0,0,0,0
38,73119,4,0,1,4,1,1,4,1,44.7,2,2021,6,0.0,1.0,1,2,2,1,0,0,1,0,0,0,0,0,0,0,0,1,0,1,0,0,0,0,1,0,0
45,70656,7,4,2,4,0,4,3,4,6.9,3,2018,9,0.57,0.6,2,2,0,0,1,0,1,0,0,0,0,1,0,1,0,0,0,0,1,0,0,0,0,0,1
25,71496,8,5,4,51,1,3,3,5,38.1,5,2017,11,0.62,6.4,0,2,2,1,0,1,0,0,0,0,0,0,0,0,0,0,0,0,0,0,0,0,1,0,0
42,47611,6,0,4,7,0,2,1,0,35.2,5,2019,10,0.0,1.2,2,1,2,0,0,0,0,0,1,0,0,0,0,0,0,1,0,0,1,0,0,0,1,0,0
52,40470,10,0,5,31,1,1,4,0,16.2,13,2015,12,0.0,3.1,3,1,1,1,0,1,0,0,0,0,0,0,0,0,0,0,0,0,1,0,0,1,0,0,0
56,58683,5,4,5,36,1,2,1,5,14.1,7,2020,11,0.8,7.2,3,1,1,0,1,0,1,0,0,0,0,1,0,0,0,1,0,0,1,1,0,0,0,0,0
51,108124,9,6,4,44,1,1,3,5,47.7,6,2016,8,0.67,4.9,3,3,2,0,1,0,1,0,0,0,0,1,0,1,0,0,0,1,0,0,0,0,0,0,0
28,61734,6,5,1,56,0,2,4,3,11.8,24,2019,4,0.83,9.3,0,1,1,0,0,0,1,0,0,1,0,0,0,0,0,0,0,0,1,0,0,0,1,0,0
44,51234,8,5,2,13,0,3,3,0,8.7,14,2017,10,0.62,1.6,2,1,0,0,1,0,0,0,0,0,1,0,0,0,0,0,1,0,0,1,0,0,0,0,0
33,103459,3,3,5,0,0,5,4,2,25.6,28,2022,5,1.0,0.0,1,3,2,0,1,0,1,0,0,0,0,0,1,0,1,0,0,0,0,0,0,0,1,0,0
46,101515,3,0,5,37,1,2,4,1,19.8,10,2022,7,0.0,12.3,2,3,1,0,1,0,0,0,1,0,1,0,0,0,0,0,1,0,0,0,0,0,0,0,1
52,111226,2,2,1,8,0,1,1,5,49.8,10,2023,9,1.0,4.0,3,3,2,0,1,0,1,0,0,1,0,0,0,1,0,0,0,0,0,0,0,0,0,0,1
41,101278,1,0,5,55,1,2,3,1,2.3,12,2024,4,0.0,55.0,2,3,0,1,0,0,0,1,0,1,0,0,0,0,0,0,1,0,0,0,0,0,0,0,1
43,62765,6,1,2,44,1,1,4,2,20.2,21,2019,6,0.17,7.3,2,1,1,0,0,0,0,0,1,0,1,0,0,0,0,0,1,1,0,0,0,0,1,0,0
42,23412,2,0,2,22,0,1,4,0,22.5,25,2023,2,0.0,11.0,2,0,1,1,0,1,0,0,0,0,0,1,0,1,0,0,0,0,1,0,0,0,0,0,0
58,42099,3,2,4,13,1,1,2,0,44.3,14,2022,12,0.67,4.3,3,1,2,1,0,1,0,0,0,0,0,0,1,0,0,0,1,0,0,0,0,0,1,0,0
23,45723,7,5,2,55,0,1,4,0,30.7,23,2018,11,0.71,7.9,0,1,2,1,0,0,1,0,0,0,0,1,0,0,1,0,0,0,1,0,0,0,0,1,0
37,73167,9,6,4,34,1,5,4,4,48.2,3,2016,11,0.67,3.8,1,2,2,0,1,1,0,0,0,0,0,1,0,1,0,0,0,0,0,0,1,0,0,0,0
48,49366,2,1,5,8,0,5,3,0,4.2,26,2023,7,0.5,4.0,2,1,0,1,0,0,0,0,0,1,0,0,0,0,0,1,0,0,0,0,1,0,0,0,0
27,44487,9,6,3,41,1,4,4,3,40.9,18,2016,5,0.67,4.6,0,1,2,1,0,1,0,0,0,1,0,0,0,1,0,0,0,1,0,0,0,0,0,1,0
40,48757,7,0,1,40,0,2,2,4,3.9,0,2018,10,0.0,5.7,1,1,0,0,1,1,0,0,0,0,1,0,0,0,0,0,1,0,1,0,0,0,0,0,0
54,36557,2,0,3,59,1,5,4,4,46.3,30,2023,4,0.0,29.5,3,0,2,1,0,0,1,0,0,0,1,0,0,0,0,0,1,0,1,0,0,1,0,0,0
43,99013,5,2,1,57,0,3,2,5,30.4,11,2020,2,0.4,11.4,2,2,2,0,0,0,0,0,0,0,0,1,0,0,1,0,0,0,0,0,0,0,1,0,0
22,21804,9,2,4,30,0,4,1,3,49.5,3,2016,12,0.22,3.3,0,0,2,0,0,0,0,0,1,0,1,0,0,1,0,0,0,0,1,1,0,0,0,0,0
48,34163,3,2,1,44,0,2,4,5,24.9,22,2022,11,0.67,14.7,2,0,1,1,0,0,0,0,0,1,0,0,0,0,0,1,0,1,0,0,0,0,1,0,0
42,118645,6,3,2,32,0,3,4,2,35.7,11,2019,8,0.5,5.3,2,3,2,1,0,0,0,1,0,0,0,0,0,0,0,0,1,1,0,0,1,0,0,0,0
59,27774,3,1,2,22,1,5,3,4,2.8,2,2022,5,0.33,7.3,3,0,0,0,1,1,0,0,0,0,0,1,0,0,0,0,0,0,0,0,0,0,0,0,0
44,101441,3,1,3,17,0,2,1,3,24.6,12,2022,8,0.33,5.7,2,3,1,0,0,0,0,1,0,0,0,0,0,0,0,0,1,0,1,0,1,0,0,0,0
50,102548,8,4,5,38,1,5,4,1,31.7,0,2017,12,0.5,4.8,2,3,2,0,0,0,0,0,1,0,0,1,0,0,0,0,1,0,0,1,0,0,0,0,0
49,87991,5,5,4,48,0,2,1,1,44.6,30,2020,12,1.0,9.6,2,2,2,1,0,0,0,0,1,0,0,1,0,1,0,0,0,0,1,0,0,0,0,0,1
25,102935,7,4,5,45,0,5,3,1,42.2,20,2018,5,0.57,6.4,0,3,2,0,0,0,0,0,0,0,0,0,1,1,0,0,0,0,1,0,1,0,0,0,0
22,99758,6,2,2,33,0,2,3,1,47.3,19,2019,9,0.33,5.5,0,2,2,0,0,0,0,0,0,1,0,0,0,1,0,0,0,0,1,0,0,1,0,0,0
35,67044,7,0,1,55,0,2,1,0,23.3,10,2018,6,0.0,7.9,1,1,1,1,0,0,0,0,1,0,0,1,0,0,0,0,0,0,0,0,0,0,1,0,0
27,106817,3,3,4,31,0,3,3,5,6.4,2,2022,6,1.0,10.3,0,3,0,0,1,0,0,1,0,0,0,1,0,0,0,0,1,0,1,0,0,0,0,1,0
31,40925,5,5,3,14,1,3,1,4,33.9,21,2020,3,1.0,2.8,1,1,2,0,1,1,0,0,0,0,1,0,0,0,0,0,1,1,0,0,0,1,0,0,0
32,57228,3,0,3,46,1,2,3,1,34.7,19,2022,3,0.0,15.3,1,1,2,1,0,0,0,1,0,1,0,0,0,0,0,0,0,1,0,1,0,0,0,0,0
22,109515,2,2,3,9,1,2,3,3,27.2,12,2023,8,1.0,4.5,0,3,2,1,0,0,0,0,0,0,0,0,1,0,0,1,0,0,1,0,0,0,0,1,0
38,39397,2,2,2,3,0,1,2,3,11.2,15,2023,4,1.0,1.5,1,0,1,0,0,0,0,1,0,1,0,0,0,0,0,0,0,1,0,0,0,1,0,0,0
50,76629,9,4,3,58,1,5,4,3,24.1,9,2016,6,0.44,6.4,2,2,1,1,0,1,0,0,0,0,0,0,0,0,0,0,0,0,1,0,0,0,0,0,1
59,71789,9,8,2,2,1,4,3,0,42.9,3,2016,9,0.89,0.2,3,2,2,0,1,0,0,0,0,0,0,0,1,0,0,0,1,0,1,0,1,0,0,0,0
26,25512,4,4,1,11,0,1,3,3,7.0,19,2021,4,1.0,2.8,0,0,0,0,1,0,0,1,0,0,0,0,1,1,0,0,0,0,1,0,0,0,0,0,1
38,50474,2,2,4,21,1,1,4,2,6.2,4,2023,3,1.0,10.5,1,1,0,0,1,0,0,0,1,0,0,0,0,0,0,0,0,1,0,1,0,0,0,0,0
32,29015,5,0,4,43,1,2,2,1,27.9,9,2020,1,0.0,8.6,1,0,2,0,0,1,0,0,0,1,0,0,0,0,0,0,0,0,1,1,0,0,0,0,0
40,15530,2,0,4,53,1,3,2,0,44.0,2,2023,2,0.0,26.5,1,0,2,1,0,0,0,0,0,0,0,1,0,0,0,0,1,0,0,0,0,0,1,0,0
53,98726,7,2,3,3,0,3,3,1,22.8,3,2018,1,0.29,0.4,3,2,1,0,0,0,0,0,0,0,0,0,0,0,0,1,0,0,0,0,0,0,0,0,0
40,15232,6,1,2,39,0,1,4,5,15.1,1,2019,8,0.17,6.5,1,0,1,0,0,0,0,0,1,0,0,0,0,0,1,0,0,0,0,0,0,0,0,0,1
26,21669,7,3,2,57,1,2,1,1,26.2,7,2018,7,0.43,8.1,0,0,2,1,0,0,0,0,1,0,0,0,1,0,0,1,0,1,0,0,1,0,0,0,0
23,22358,5,3,3,51,1,4,4,4,1.2,18,2020,11,0.6,10.2,0,0,0,1,0,0,1,0,0,1,0,0,0,0,0,0,0,0,0,0,0,0,0,0,0
43,119055,6,3,3,38,1,4,4,1,34.8,30,2019,4,0.5,6.3,2,3,2,0,0,0,0,0,1,0,0,1,0,0,1,0,0,0,0,0,1,0,0,0,0
42,105092,7,1,2,38,1,2,3,5,40.0,6,2018,3,0.14,5.4,2,3,2,0,0,1,0,0,0,0,0,0,0,0,0,0,1,1,0,1,0,0,0,0,0
33,82468,9,2,2,25,1,3,1,1,19.1,18,2016,3,0.22,2.8,1,2,1,1,0,0,1,0,0,0,1,0,0,0,0,0,1,0,1,0,0,1,0,0,0
22,24063,6,0,5,38,1,1,4,4,24.2,21,2019,4,0.0,6.3,0,0,1,0,0,0,0,1,0,1,0,0,0,1,0,0,0,1,0,0,0,0,1,0,0
36,21707,5,2,4,32,1,1,3,4,10.1,11,2020,7,0.4,6.4,1,0,1,1,0,0,0,0,1,1,0,0,0,0,0,0,0,0,1,0,0,0,0,1,0
34,64046,2,1,4,56,1,4,4,4,47.8,1,2023,4,0.5,28.0,1,1,2,0,1,0,1,0,0,0,0,1,0,0,0,0,0,0,0,0,0,0,0,0,0
57,37133,3,2,2,7,1,4,1,0,10.3,5,2022,7,0.67,2.3,3,0,1,0,0,0,0,0,1,0,0,1,0,0,0,0,1,0,0,0,0,0,1,0,0
56,26351,8,6,1,60,1,4,1,3,14.5,20,2017,7,0.75,7.5,3,0,1,0,1,1,0,0,0,0,0,0,1,1,0,0,0,1,0,0,0,0,1,0,0
30,105881,2,2,5,43,1,5,4,4,1.5,7,2023,12,1.0,21.5,0,3,0,1,0,1,0,0,0,1,0,0,0,0,0,0,0,1,0,0,0,0,0,1,0
43,91933,10,2,3,33,0,3,3,1,4.0,7,2015,12,0.2,3.3,2,2,0,1,0,1,0,0,0,0,0,1,0,0,0,1,0,0,0,0,0,0,1,0,0
43,82627,6,5,2,11,1,3,2,3,30.9,27,2019,6,0.83,1.8,2,2,2,1,0,0,1,0,0,0,0,1,0,1,0,0,0,0,1,0,1,0,0,0,0
23,65469,10,2,2,47,0,4,4,2,30.5,25,2015,11,0.2,4.7,0,1,2,0,1,1,0,0,0,0,0,1,0,0,0,0,1,1,0,0,0,1,0,0,0
59,28699,9,1,4,49,1,4,3,5,15.4,19,2016,5,0.11,5.4,3,0,1,1,0,1,0,0,0,0,0,0,0,0,0,1,0,0,1,0,0,1,0,0,0
59,45896,2,2,5,45,1,5,2,3,33.0,17,2023,4,1.0,22.5,3,1,2,0,1,0,0,1,0,0,0,0,0,0,0,1,0,1,0,0,0,0,0,0,0
28,78497,8,6,2,44,0,3,4,1,13.4,30,2017,5,0.75,5.5,0,2,1,0,1,0,0,0,1,0,1,0,0,0,0,0,1,0,0,0,1,0,0,0,0
42,63610,3,0,5,39,0,5,1,1,27.8,20,2022,5,0.0,13.0,2,1,2,0,0,0,0,1,0,0,1,0,0,0,0,0,0,0,0,0,0,0,0,0,1
53,99322,5,5,1,30,1,4,2,4,30.2,6,2020,11,1.0,6.0,3,2,2,1,0,0,0,0,0,0,1,0,0,0,0,0,1,0,0,0,0,0,0,1,0
54,86954,4,1,1,24,1,4,3,5,27.2,0,2021,11,0.25,6.0,3,2,2,1,0,0,0,0,0,1,0,0,0,0,0,0,0,0,0,0,0,0,0,0,1
31,65125,4,2,5,52,0,4,4,1,23.4,18,2021,9,0.5,13.0,1,1,1,0,0,1,0,0,0,0,0,0,0,0,1,0,0,1,0,1,0,0,0,0,0
22,80421,1,0,1,24,0,1,4,4,43.6,8,2024,2,0.0,24.0,0,2,2,0,1,0,0,0,1,0,0,0,0,0,0,0,1,0,0,0,0,0,1,0,0
27,66493,8,5,2,38,0,1,1,1,44.4,3,2017,4,0.62,4.8,0,1,2,0,0,0,0,0,0,1,0,0,0,1,0,0,0,1,0,0,0,0,0,0,0
38,110910,4,4,1,35,1,3,1,1,47.4,30,2021,3,1.0,8.8,1,3,2,0,1,1,0,0,0,0,0,1,0,0,0,0,1,0,1,0,0,0,0,0,1
35,37599,5,4,3,23,1,3,4,5,21.5,26,2020,9,0.8,4.6,1,0,1,0,0,1,0,0,0,0,0,1,0,0,0,0,1,0,1,0,1,0,0,0,0
39,110680,6,6,4,35,0,2,1,4,27.3,11,2019,3,1.0,5.8,1,3,2,0,0,0,0,0,1,0,1,0,0,0,0,1,0,1,0,1,0,0,0,0,0
26,61734,2,0,2,27,0,1,2,4,42.5,17,2023,12,0.0,13.5,0,1,2,0,1,1,0,0,0,0,0,0,1,1,0,0,0,0,0,0,1,0,0,0,0
52,112067,9,6,5,44,0,4,4,0,33.9,12,2016,5,0.67,4.9,3,3,2,1,0,0,0,0,1,0,0,0,0,0,0,0,1,0,0,0,0,1,0,0,0
39,118377,2,2,5,37,0,1,4,5,45.8,25,2023,1,1.0,18.5,1,3,2,1,0,1,0,0,0,0,0,1,0,1,0,0,0,0,0,0,0,0,0,0,1
26,49521,6,6,1,44,1,5,2,0,22.0,23,2019,1,1.0,7.3,0,1,1,0,0,0,0,1,0,1,0,0,0,0,0,1,0,1,0,0,0,0,0,0,0
52,23574,7,4,1,46,0,1,3,5,13.3,17,2018,10,0.57,6.6,3,0,1,1,0,1,0,0,0,1,0,0,0,0,0,1,0,0,1,0,0,0,0,0,1
53,87723,8,4,2,35,1,2,4,3,10.2,22,2017,10,0.5,4.4,3,2,1,0,1,0,0,0,1,0,1,0,0,0,1,0,0,0,0,0,0,0,1,0,0
34,89520,8,4,1,1,0,3,2,1,12.8,8,2017,12,0.5,0.1,1,2,1,1,0,1,0,0,0,0,0,0,0,0,0,0,1,1,0,0,0,0,0,0,0
23,60086,8,2,4,8,1,5,2,1,24.9,18,2017,2,0.25,1.0,0,1,1,1,0,0,0,0,1,1,0,0,0,0,0,0,1,1,0,1,0,0,0,0,0
51,35100,7,4,3,58,0,1,1,0,23.2,25,2018,6,0.57,8.3,3,0,1,0,0,0,0,0,0,0,1,0,0,0,0,1,0,1,0,0,0,1,0,0,0
46,42218,3,2,5,20,1,4,1,5,15.8,23,2022,7,0.67,6.7,2,1,1,1,0,1,0,0,0,0,0,0,1,0,0,0,1,1,0,0,0,1,0,0,0
32,16048,8,5,1,58,0,2,3,1,29.0,5,2017,11,0.62,7.2,1,0,2,0,0,0,0,0,0,0,0,0,0,0,0,1,0,0,1,1,0,0,0,0,0
49,52171,2,0,3,58,0,4,3,2,49.9,28,2023,4,0.0,29.0,2,1,2,1,0,0,1,0,0,0,1,0,0,0,0,0,1,0,0,0,1,0,0,0,0
32,35214,4,3,3,10,0,1,1,0,29.9,9,2021,12,0.75,2.5,1,0,2,1,0,0,0,0,0,1,0,0,0,0,0,1,0,0,0,0,1,0,0,0,0
41,35070,7,4,2,12,0,2,1,5,41.3,8,2018,9,0.57,1.7,2,0,2,0,1,0,0,0,0,1,0,0,0,1,0,0,0,1,0,0,0,0,1,0,0
56,67976,6,6,2,12,1,3,3,2,40.9,25,2019,12,1.0,2.0,3,1,2,0,1,0,0,1,0,1,0,0,0,1,0,0,0,0,1,0,0,0,1,0,0
52,39799,8,8,4,48,0,3,1,0,48.3,18,2017,2,1.0,6.0,3,0,2,1,0,0,0,1,0,0,0,1,0,0,1,0,0,0,1,0,0,0,1,0,0
51,50545,8,4,2,39,1,3,2,2,18.9,0,2017,9,0.5,4.9,3,1,1,1,0,0,0,0,1,0,0,0,0,0,1,0,0,0,0,0,0,0,0,1,0
29,103438,3,0,5,16,1,4,1,4,48.6,12,2022,8,0.0,5.3,0,3,2,0,0,0,0,0,0,0,1,0,0,0,1,0,0,1,0,0,1,0,0,0,0
39,62082,10,5,2,26,1,4,2,5,40.1,5,2015,12,0.5,2.6,1,1,2,1,0,0,0,0,1,1,0,0,0,1,0,0,0,0,1,0,0,1,0,0,0
45,54138,10,10,2,29,0,3,2,2,37.9,21,2015,7,1.0,2.9,2,1,2,0,1,0,0,1,0,0,0,0,0,0,0,1,0,0,1,0,0,0,1,0,0
47,98565,8,3,4,4,1,5,3,0,33.6,28,2017,5,0.38,0.5,2,2,2,1,0,0,0,0,0,0,1,0,0,0,0,0,1,0,1,0,0,0,0,0,0
54,102970,4,1,1,56,1,4,2,4,37.9,16,2021,3,0.25,14.0,3,3,2,0,1,1,0,0,0,0,1,0,0,0,0,0,1,0,0,0,1,0,0,0,0
29,88238,8,0,4,36,0,3,1,3,24.0,25,2017,8,0.0,4.5,0,2,1,0,1,1,0,0,0,0,0,1,0,0,0,0,1,0,0,0,0,0,0,0,0
59,80317,5,2,4,12,1,5,4,4,39.5,22,2020,5,0.4,2.4,3,2,2,1,0,1,0,0,0,0,0,1,0,1,0,0,0,1,0,1,0,0,0,0,0
57,104687,8,4,4,37,1,3,1,3,40.4,11,2017,8,0.5,4.6,3,3,2,0,1,0,1,0,0,0,0,1,0,1,0,0,0,1,0,0,0,0,1,0,0
53,50302,3,0,4,40,0,3,1,0,27.6,6,2022,3,0.0,13.3,3,1,2,1,0,0,1,0,0,0,0,1,0,0,0,1,0,0,0,0,0,0,0,1,0
38,101256,2,2,4,6,1,1,4,1,19.6,18,2023,6,1.0,3.0,1,3,1,0,0,0,0,1,0,0,0,0,0,0,0,0,0,1,0,0,0,0,0,0,0
57,96758,10,3,1,46,1,2,4,2,35.2,20,2015,7,0.3,4.6,3,2,2,0,0,0,1,0,0,0,0,0,1,1,0,0,0,0,1,0,0,0,0,1,0
34,98628,3,0,4,1,1,4,1,3,45.5,3,2022,7,0.0,0.3,1,2,2,1,0,0,0,0,0,0,1,0,0,0,0,0,0,0,0,0,0,0,0,0,1
46,33181,3,3,1,46,1,4,2,4,3.1,11,2022,6,1.0,15.3,2,0,0,1,0,0,0,0,1,0,0,0,0,0,0,0,1,0,0,0,0,0,0,0,0
48,19717,9,4,3,39,0,1,4,0,35.9,28,2016,4,0.44,4.3,2,0,2,0,1,1,0,0,0,0,0,1,0,0,1,0,0,0,0,0,0,1,0,0,0
46,55522,2,0,4,24,1,1,3,1,38.6,14,2023,7,0.0,12.0,2,1,2,0,1,0,0,1,0,1,0,0,0,0,1,0,0,1,0,0,0,0,0,0,1
49,89713,3,3,5,20,1,5,4,4,18.2,5,2022,7,1.0,6.7,2,2,1,1,0,0,0,0,0,1,0,0,0,0,0,0,0,0,1,0,0,0,1,0,0
46,16989,8,4,5,41,1,2,3,3,12.9,17,2017,5,0.5,5.1,2,0,1,0,0,0,0,1,0,0,0,0,1,0,0,0,1,1,0,0,0,0,0,1,0
34,81925,7,3,4,23,1,5,4,1,5.5,17,2018,10,0.43,3.3,1,2,0,1,0,0,1,0,0,0,0,0,0,1,0,0,0,0,1,0,0,0,0,0,1
38,28618,3,2,2,25,1,4,4,5,8.1,9,2022,10,0.67,8.3,1,0,0,0,0,1,0,0,0,0,0,0,1,0,0,0,0,1,0,0,0,0,0,0,1
43,86111,10,5,1,18,0,3,3,0,9.9,22,2015,7,0.5,1.8,2,2,0,0,0,0,0,0,1,1,0,0,0,0,1,0,0,1,0,0,0,1,0,0,0
29,17696,9,8,1,26,1,1,1,1,31.5,6,2016,3,0.89,2.9,0,0,2,0,1,0,0,0,1,1,0,0,0,1,0,0,0,0,1,0,0,0,1,0,0
38,63647,3,2,2,21,1,5,2,5,7.4,30,2022,10,0.67,7.0,1,1,0,0,1,0,0,1,0,0,0,0,1,0,0,0,0,0,0,0,0,0,0,0,1
25,26545,8,8,4,54,0,4,2,5,32.8,10,2017,3,1.0,6.8,0,0,2,0,0,0,0,0,0,0,1,0,0,0,0,1,0,1,0,0,0,0,0,1,0
28,50411,5,0,5,50,0,3,3,5,9.0,17,2020,10,0.0,10.0,0,1,0,0,0,1,0,0,0,1,0,0,0,0,0,0,0,0,1,0,0,0,0,1,0
45,72695,1,1,5,47,1,5,3,4,48.6,12,2024,3,1.0,47.0,2,2,2,0,0,0,0,0,0,0,0,1,0,0,0,1,0,1,0,1,0,0,0,0,0
60,59694,1,1,1,56,1,4,2,3,26.4,8,2024,4,1.0,56.0,3,1,2,0,1,0,1,0,0,0,1,0,0,0,1,0,0,0,0,0,0,0,1,0,0
41,79071,6,2,4,52,0,5,1,4,4.0,27,2019,6,0.33,8.7,2,2,0,0,1,0,0,1,0,0,0,0,1,0,0,0,1,0,1,0,0,0,1,0,0
38,74654,8,1,4,40,1,3,2,0,46.9,4,2017,5,0.12,5.0,1,2,2,0,1,1,0,0,0,1,0,0,0,0,1,0,0,0,1,0,1,0,0,0,0
60,111797,3,1,1,50,1,3,4,1,34.3,2,2022,8,0.33,16.7,3,3,2,0,0,0,1,0,0,0,0,0,1,1,0,0,0,0,0,0,1,0,0,0,0
55,17955,5,5,5,51,1,3,3,0,42.7,22,2020,4,1.0,10.2,3,0,2,0,0,0,1,0,0,0,1,0,0,0,0,0,0,0,1,0,1,0,0,0,0
24,45571,9,7,5,18,1,1,4,1,14.9,0,2016,6,0.78,2.0,0,1,1,0,0,1,0,0,0,0,0,1,0,0,0,0,0,0,0,0,1,0,0,0,0
30,107224,7,2,5,46,1,2,2,5,33.1,23,2018,7,0.29,6.6,0,3,2,0,0,1,0,0,0,1,0,0,0,0,0,0,1,0,1,0,0,0,0,0,0
43,57504,6,3,4,52,1,5,1,1,23.1,18,2019,7,0.5,8.7,2,1,1,0,0,0,0,0,1,0,1,0,0,0,0,0,1,0,1,0,0,0,1,0,0
48,18910,5,4,4,48,1,5,3,2,22.6,1,2020,5,0.8,9.6,2,0,1,0,1,0,0,0,1,0,1,0,0,1,0,0,0,0,0,1,0,0,0,0,0
57,108839,2,2,2,31,1,4,1,2,42.5,7,2023,12,1.0,15.5,3,3,2,1,0,0,0,1,0,0,0,0,0,0,0,0,0,0,1,0,0,0,1,0,0
44,44245,10,7,3,54,0,3,3,2,16.4,22,2015,8,0.7,5.4,2,1,1,0,1,0,0,0,1,0,1,0,0,1,0,0,0,1,0,0,0,0,1,0,0
26,101497,8,2,2,17,1,2,4,5,42.8,12,2017,1,0.25,2.1,0,3,2,0,1,0,0,1,0,0,0,1,0,0,1,0,0,0,1,0,0,0,0,0,0
33,92669,8,8,4,10,1,5,2,0,33.7,21,2017,6,1.0,1.2,1,2,2,0,1,1,0,0,0,0,0,0,0,0,0,1,0,0,0,0,0,1,0,0,0
26,42643,2,1,2,2,1,2,4,0,20.7,9,2023,8,0.5,1.0,0,1,1,1,0,0,0,1,0,1,0,0,0,1,0,0,0,0,1,0,0,0,1,0,0
37,110549,6,5,4,32,0,3,4,3,7.5,0,2019,4,0.83,5.3,1,3,0,0,1,0,0,0,0,0,0,1,0,0,0,0,1,0,1,0,0,0,0,1,0
46,80372,4,4,5,7,0,1,2,3,2.6,27,2021,2,1.0,1.8,2,2,0,0,1,0,1,0,0,0,0,0,0,0,0,1,0,0,1,0,0,0,0,0,1
33,55672,9,6,4,27,1,5,4,5,21.9,18,2016,11,0.67,3.0,1,1,1,1,0,1,0,0,0,0,0,0,1,0,0,0,0,1,0,0,0,0,0,0,1
41,56928,4,0,1,42,1,1,2,5,48.8,29,2021,7,0.0,10.5,2,1,2,0,0,1,0,0,0,0,0,1,0,0,0,0,0,0,1,0,0,0,0,0,1
22,27517,6,3,4,46,0,3,2,1,29.0,8,2019,8,0.5,7.7,0,0,2,1,0,0,0,0,0,0,0,1,0,0,0,1,0,1,0,0,0,0,0,1,0
58,82978,8,7,2,9,0,4,2,4,5.9,18,2017,1,0.88,1.1,3,2,0,1,0,0,0,1,0,0,0,1,0,0,1,0,0,1,0,0,0,0,0,0,0
25,33739,4,2,2,28,0,2,2,0,42.0,18,2021,5,0.5,7.0,0,0,2,0,1,0,0,0,1,0,0,0,1,0,0,0,0,1,0,0,0,1,0,0,0
59,50988,3,2,1,59,1,3,3,3,7.2,21,2022,8,0.67,19.7,3,1,0,0,0,0,1,0,0,0,1,0,0,0,0,0,1,0,0,1,0,0,0,0,0
42,80706,5,5,1,6,0,1,3,5,40.7,1,2020,11,1.0,1.2,2,2,2,1,0,0,0,0,0,0,1,0,0,0,0,1,0,1,0,0,0,0,0,1,0
57,69864,5,1,1,45,0,3,3,2,49.7,29,2020,4,0.2,9.0,3,1,2,0,0,0,0,0,1,1,0,0,0,0,0,0,1,1,0,0,0,0,0,0,1
54,102296,6,5,1,46,0,3,3,2,4.2,27,2019,12,0.83,7.7,3,3,0,1,0,0,0,1,0,0,1,0,0,0,0,1,0,1,0,0,0,1,0,0,0
55,98664,7,5,4,30,0,5,3,3,17.3,13,2018,3,0.71,4.3,3,2,1,0,0,0,0,0,1,0,0,0,1,0,0,1,0,0,1,0,0,0,0,0,1
59,85585,2,2,2,6,0,2,3,0,24.6,22,2023,5,1.0,3.0,3,2,1,0,0,0,0,1,0,1,0,0,0,0,0,1,0,0,1,0,0,0,1,0,0
60,27145,7,2,3,5,0,2,1,5,48.7,14,2018,7,0.29,0.7,3,0,2,0,1,0,0,0,1,0,0,1,0,0,0,1,0,1,0,0,1,0,0,0,0
33,103048,9,3,2,13,0,5,2,4,19.7,11,2016,5,0.33,1.4,1,3,1,0,1,0,1,0,0,0,0,0,1,0,0,0,0,1,0,0,0,1,0,0,0
32,50625,4,1,3,16,0,2,2,0,29.7,10,2021,11,0.25,4.0,1,1,2,1,0,0,0,0,0,0,0,0,0,0,1,0,0,1,0,0,0,0,0,1,0
52,28727,7,5,3,11,1,2,1,3,30.9,29,2018,12,0.71,1.6,3,0,2,1,0,0,0,0,0,1,0,0,0,1,0,0,0,1,0,0,0,0,1,0,0
53,58609,5,3,3,24,0,2,4,5,14.3,27,2020,7,0.6,4.8,3,1,1,1,0,0,0,0,1,0,0,0,1,0,1,0,0,1,0,0,0,1,0,0,0
49,96278,5,2,2,14,1,5,2,1,26.6,14,2020,6,0.4,2.8,2,2,2,0,0,0,0,1,0,0,0,0,0,1,0,0,0,0,0,0,0,1,0,0,0
27,90346,3,0,5,8,1,4,4,3,21.5,17,2022,2,0.0,2.7,0,2,1,0,1,0,0,1,0,1,0,0,0,1,0,0,0,1,0,0,1,0,0,0,0
44,36729,10,10,2,25,0,4,3,4,22.9,13,2015,8,1.0,2.5,2,0,1,0,0,1,0,0,0,0,0,1,0,0,0,0,0,0,0,0,0,1,0,0,0
26,110728,8,2,4,7,1,2,2,4,14.6,0,2017,10,0.25,0.9,0,3,1,0,0,0,0,0,0,0,0,1,0,0,0,0,1,0,0,0,0,0,0,0,0
39,34080,7,7,1,19,1,5,1,1,48.4,12,2018,5,1.0,2.7,1,0,2,0,0,0,0,0,0,0,0,0,0,0,0,1,0,1,0,0,0,0,0,0,0
38,84191,2,1,3,54,0,2,4,1,20.2,14,2023,12,0.5,27.0,1,2,1,1,0,0,0,0,0,0,0,0,0,0,0,1,0,1,0,0,0,0,0,1,0
52,45879,6,2,1,35,1,2,1,4,43.9,25,2019,1,0.33,5.8,3,1,2,0,1,0,0,1,0,0,0,0,0,0,1,0,0,0,0,1,0,0,0,0,0
34,101887,9,0,2,35,1,4,3,1,7.9,7,2016,12,0.0,3.9,1,3,0,1,0,0,1,0,0,0,1,0,0,0,0,1,0,0,0,0,0,1,0,0,0
59,57035,4,0,2,42,1,2,4,1,27.0,11,2021,7,0.0,10.5,3,1,2,0,1,0,0,0,0,0,1,0,0,0,0,0,0,0,1,0,0,1,0,0,0
31,119227,4,0,5,45,0,4,2,1,9.6,8,2021,1,0.0,11.2,1,3,0,1,0,0,0,0,0,0,0,1,0,0,0,1,0,0,1,0,0,1,0,0,0
24,24683,1,0,5,1,0,2,1,4,35.5,8,2024,5,0.0,1.0,0,0,2,1,0,0,0,1,0,1,0,0,0,1,0,0,0,0,0,0,0,0,0,1,0
34,88051,10,5,4,54,1,1,1,3,5.6,27,2015,12,0.5,5.4,1,2,0,0,1,0,0,0,0,0,0,0,1,0,1,0,0,1,0,0,0,0,0,0,0
51,47678,3,3,4,52,0,5,1,1,33.5,26,2022,8,1.0,17.3,3,1,2,0,1,1,0,0,0,1,0,0,0,0,0,0,1,1,0,0,0,0,0,0,0
34,24928,6,0,1,30,1,2,1,4,40.5,12,2019,11,0.0,5.0,1,0,2,0,0,0,0,0,1,1,0,0,0,1,0,0,0,0,1,0,0,0,0,0,1
29,81085,8,6,2,51,1,1,2,0,34.5,30,2017,12,0.75,6.4,0,2,2,1,0,0,0,0,0,1,0,0,0,0,0,1,0,0,0,1,0,0,0,0,0
29,55172,10,3,1,54,1,5,4,0,14.6,3,2015,10,0.3,5.4,0,1,1,0,1,1,0,0,0,1,0,0,0,1,0,0,0,1,0,0,1,0,0,0,0
50,20342,5,4,3,1,0,2,3,4,18.3,14,2020,7,0.8,0.2,2,0,1,0,1,0,0,1,0,0,1,0,0,0,0,0,0,0,1,0,0,0,0,0,0
55,81001,6,5,1,11,0,2,2,2,41.9,13,2019,7,0.83,1.8,3,2,2,0,0,1,0,0,0,0,0,1,0,0,0,0,1,1,0,0,0,1,0,0,0
56,76654,3,2,4,39,1,4,4,4,16.8,29,2022,2,0.67,13.0,3,2,1,0,0,0,0,1,0,0,0,0,1,0,1,0,0,0,1,0,0,1,0,0,0
25,49423,2,2,5,43,1,1,1,4,26.4,18,2023,9,1.0,21.5,0,1,2,1,0,1,0,0,0,0,0,0,1,0,0,1,0,1,0,0,0,1,0,0,0
47,15646,4,4,2,20,1,1,1,3,27.0,25,2021,12,1.0,5.0,2,0,2,0,0,0,0,0,1,1,0,0,0,0,0,0,0,1,0,0,0,0,0,0,1
40,56132,6,5,1,14,1,5,2,3,2.2,19,2019,1,0.83,2.3,1,1,0,0,0,0,1,0,0,0,0,0,1,0,0,0,0,0,1,0,0,1,0,0,0
26,17707,6,0,3,11,1,3,4,4,5.0,21,2019,11,0.0,1.8,0,0,0,0,1,0,0,0,0,0,0,0,0,0,0,0,0,1,0,0,0,0,0,0,0
33,67611,6,3,2,20,1,2,2,0,45.1,5,2019,11,0.5,3.3,1,1,2,0,0,1,0,0,0,0,0,0,1,0,0,0,0,0,1,0,0,0,0,1,0
34,106871,9,6,5,9,1,4,2,5,17.9,6,2016,5,0.67,1.0,1,3,1,0,0,0,0,0,0,0,1,0,0,1,0,0,0,0,0,0,0,0,1,0,0
52,37712,2,0,5,41,0,4,1,1,45.0,1,2023,1,0.0,20.5,3,0,2,1,0,0,0,1,0,1,0,0,0,0,0,1,0,1,0,0,0,0,0,1,0
33,30573,4,0,1,54,1,3,1,2,27.0,12,2021,4,0.0,13.5,1,0,2,0,1,0,0,0,0,0,0,0,0,0,1,0,0,1,0,0,0,0,0,0,0
57,60714,8,7,4,48,0,2,1,5,19.6,25,2017,5,0.88,6.0,3,1,1,0,1,1,0,0,0,0,0,0,1,1,0,0,0,0,1,0,1,0,0,0,0
23,95353,2,2,5,36,1,3,3,1,28.4,6,2023,1,1.0,18.0,0,2,2,0,0,0,1,0,0,0,0,0,0,0,0,0,1,0,0,0,0,0,0,0,1
56,116633,10,0,1,38,1,2,3,3,5.3,23,2015,12,0.0,3.8,3,3,0,0,1,0,0,0,0,0,0,0,0,0,1,0,0,1,0,0,0,0,0,1,0
26,68136,3,1,4,35,0,3,4,2,3.5,5,2022,10,0.33,11.7,0,1,0,0,1,0,0,0,0,0,1,0,0,0,0,0,1,0,0,0,1,0,0,0,0
35,60492,4,2,4,40,0,3,2,1,44.7,2,2021,2,0.5,10.0,1,1,2,0,0,0,0,0,1,0,0,1,0,0,0,0,0,0,0,0,0,0,0,1,0
54,105042,6,0,1,33,0,4,2,0,34.0,19,2019,4,0.0,5.5,3,3,2,0,0,1,0,0,0,0,0,0,1,0,0,0,1,0,0,0,0,1,0,0,0
24,107945,5,5,4,34,0,5,3,0,44.6,17,2020,1,1.0,6.8,0,3,2,0,1,0,1,0,0,0,0,0,0,0,1,0,0,0,1,1,0,0,0,0,0
47,31898,7,5,4,21,0,5,3,0,42.4,22,2018,7,0.71,3.0,2,0,2,0,1,0,0,0,1,0,0,0,1,0,0,0,0,1,0,1,0,0,0,0,0
54,36995,5,2,2,32,0,1,1,1,13.5,1,2020,3,0.4,6.4,3,0,1,0,0,0,1,0,0,0,0,1,0,0,0,0,1,0,0,0,0,0,1,0,0
41,79665,8,3,5,23,0,3,3,5,17.2,13,2017,6,0.38,2.9,2,2,1,0,0,0,1,0,0,0,1,0,0,1,0,0,0,0,1,0,0,0,0,0,1
52,43714,5,3,4,60,1,1,1,0,28.0,3,2020,2,0.6,12.0,3,1,2,0,0,0,1,0,0,0,1,0,0,1,0,0,0,0,0,0,0,1,0,0,0
31,95741,5,3,4,50,1,2,3,5,39.3,7,2020,12,0.6,10.0,1,2,2,1,0,1,0,0,0,1,0,0,0,0,1,0,0,0,0,0,0,0,1,0,0
32,95249,8,7,2,3,0,4,4,4,37.3,5,2017,4,0.88,0.4,1,2,2,1,0,0,0,0,0,0,0,1,0,0,0,0,0,0,1,1,0,0,0,0,0
34,103337,2,0,3,49,0,3,3,0,34.3,5,2023,3,0.0,24.5,1,3,2,0,1,1,0,0,0,1,0,0,0,0,0,0,0,1,0,0,0,0,0,0,1
40,94885,2,2,3,4,1,2,3,2,16.8,13,2023,6,1.0,2.0,1,2,1,0,0,0,0,1,0,0,0,1,0,0,0,1,0,0,1,0,0,1,0,0,0
39,90477,6,4,1,59,0,5,3,5,19.5,21,2019,7,0.67,9.8,1,2,1,1,0,1,0,0,0,1,0,0,0,0,0,1,0,0,0,0,0,0,0,0,1
56,115732,8,2,2,29,1,3,3,3,5.1,27,2017,7,0.25,3.6,3,3,0,0,0,1,0,0,0,1,0,0,0,0,0,0,1,0,0,1,0,0,0,0,0
30,108908,10,9,3,4,1,2,1,3,18.3,28,2015,12,0.9,0.4,0,3,1,1,0,0,1,0,0,0,0,0,0,0,0,0,0,1,0,0,0,0,0,1,0
36,33112,9,1,5,22,0,1,1,5,12.4,23,2016,3,0.11,2.4,1,0,1,1,0,0,0,1,0,0,0,0,0,0,1,0,0,0,0,0,0,0,0,1,0
30,54446,4,3,4,17,1,1,1,2,7.5,25,2021,2,0.75,4.2,0,1,0,0,0,0,1,0,0,1,0,0,0,0,0,1,0,1,0,0,0,0,0,0,0
37,71327,6,2,4,47,0,1,4,2,49.1,21,2019,3,0.33,7.8,1,2,2,0,0,0,0,0,1,0,0,0,1,0,0,0,0,0,0,0,0,1,0,0,0
30,68130,6,3,3,33,1,1,4,5,15.0,10,2019,5,0.5,5.5,0,1,1,0,0,0,0,1,0,1,0,0,0,1,0,0,0,0,0,1,0,0,0,0,0
57,83698,7,2,2,18,1,4,1,0,39.4,13,2018,6,0.29,2.6,3,2,2,1,0,1,0,0,0,0,1,0,0,0,1,0,0,1,0,1,0,0,0,0,0
41,57676,3,0,3,1,0,2,4,2,17.0,13,2022,10,0.0,0.3,2,1,1,0,1,0,0,0,0,0,0,0,1,1,0,0,0,0,1,0,0,0,0,0,0
22,82326,3,1,3,60,0,5,1,1,16.6,13,2022,2,0.33,20.0,0,2,1,1,0,0,0,1,0,0,0,1,0,0,0,0,0,1,0,0,0,0,0,0,1
26,67243,9,3,2,48,0,2,3,0,25.5,7,2016,6,0.33,5.3,0,1,2,0,1,0,0,0,0,0,0,1,0,1,0,0,0,0,1,0,0,1,0,0,0
34,79369,2,2,3,40,0,5,2,4,48.2,24,2023,4,1.0,20.0,1,2,2,1,0,0,0,1,0,0,0,0,1,0,0,1,0,1,0,0,0,0,0,1,0
29,28831,10,2,4,37,1,5,1,1,15.7,29,2015,10,0.2,3.7,0,0,1,0,1,0,0,0,1,0,0,0,0,0,0,1,0,0,0,0,0,0,1,0,0
55,96741,9,3,2,39,1,3,4,5,26.3,20,2016,6,0.33,4.3,3,2,2,0,1,0,0,0,0,0,0,0,0,0,0,0,0,0,0,0,1,0,0,0,0
57,25427,10,9,2,32,0,2,1,3,42.7,17,2015,8,0.9,3.2,3,0,2,0,0,0,0,0,1,0,1,0,0,0,1,0,0,0,0,0,0,0,0,1,0
29,68990,7,1,5,18,0,2,4,2,25.3,7,2018,5,0.14,2.6,0,1,2,0,0,0,0,0,1,0,0,0,0,0,0,0,1,0,1,0,0,0,0,0,0
53,94258,7,1,2,51,0,5,1,3,9.3,18,2018,4,0.14,7.3,3,2,0,0,1,0,1,0,0,0,0,1,0,0,0,0,1,1,0,0,0,0,0,0,0
59,69143,6,4,2,16,0,5,4,5,18.4,6,2019,4,0.67,2.7,3,1,1,0,0,0,0,0,1,0,0,0,1,0,0,0,1,0,1,0,0,0,1,0,0
23,39078,4,1,4,0,1,1,1,1,2.7,17,2021,3,0.25,0.0,0,0,0,1,0,0,1,0,0,1,0,0,0,0,1,0,0,1,0,0,0,0,0,1,0
27,56466,6,3,2,36,1,2,3,0,24.9,20,2019,9,0.5,6.0,0,1,1,1,0,0,0,1,0,0,1,0,0,0,1,0,0,1,0,0,0,0,0,0,1
24,64298,7,5,4,37,1,3,3,0,46.7,14,2018,9,0.71,5.3,0,1,2,1,0,0,0,1,0,0,1,0,0,0,0,0,1,0,1,0,0,1,0,0,0
31,84633,4,1,1,40,0,2,3,4,31.5,14,2021,3,0.25,10.0,1,2,2,0,1,0,0,1,0,0,0,0,0,0,0,0,1,0,1,0,0,0,0,1,0
50,100680,2,1,1,50,1,4,2,0,15.7,19,2023,6,0.5,25.0,2,3,1,0,0,0,0,0,1,0,0,0,0,0,0,0,0,0,1,0,0,0,1,0,0
24,84745,3,2,5,17,0,4,4,5,19.8,7,2022,5,0.67,5.7,0,2,1,0,1,1,0,0,0,0,0,1,0,0,0,0,1,0,1,0,0,0,0,0,1
23,109416,7,0,1,21,1,2,3,5,13.9,29,2018,3,0.0,3.0,0,3,1,0,0,0,0,0,1,1,0,0,0,0,0,0,0,0,0,0,0,1,0,0,0
32,113495,7,0,2,14,0,2,2,3,32.2,8,2018,1,0.0,2.0,1,3,2,0,0,0,0,0,1,1,0,0,0,0,0,0,0,0,0,0,0,0,0,0,0
49,18902,5,5,3,2,0,3,2,5,47.8,11,2020,6,1.0,0.4,2,0,2,0,0,0,0,0,1,0,0,0,1,0,0,1,0,1,0,0,0,0,0,0,0
38,117453,3,0,4,52,1,2,4,4,5.9,14,2022,8,0.0,17.3,1,3,0,0,1,1,0,0,0,0,0,1,0,0,1,0,0,0,0,0,0,0,0,1,0
53,111529,7,2,1,38,1,3,4,2,1.6,5,2018,4,0.29,5.4,3,3,0,0,0,0,0,0,0,0,0,0,1,0,1,0,0,1,0,0,0,1,0,0,0
53,80670,9,5,3,40,1,3,4,2,17.2,27,2016,8,0.56,4.4,3,2,1,1,0,0,1,0,0,0,0,0,0,1,0,0,0,0,1,1,0,0,0,0,0
30,19524,9,9,5,4,0,3,4,3,46.6,24,2016,10,1.0,0.4,0,0,2,1,0,0,0,0,0,0,0,0,1,1,0,0,0,1,0,1,0,0,0,0,0
57,62998,8,0,4,27,1,2,2,0,26.7,15,2017,11,0.0,3.4,3,1,2,0,0,1,0,0,0,0,1,0,0,0,1,0,0,0,0,0,0,0,0,1,0
34,52122,4,0,2,34,0,1,3,5,38.4,21,2021,11,0.0,8.5,1,1,2,0,0,0,0,1,0,0,0,0,0,0,1,0,0,0,1,0,0,0,1,0,0
25,45961,5,5,4,31,0,4,4,2,41.3,20,2020,2,1.0,6.2,0,1,2,0,0,0,0,0,1,0,0,0,0,1,0,0,0,0,0,0,0,0,0,1,0
59,100242,3,2,3,25,0,1,1,2,16.4,12,2022,5,0.67,8.3,3,3,1,0,1,0,0,0,1,0,0,0,1,0,1,0,0,0,0,0,1,0,0,0,0
29,113539,5,4,2,36,1,5,1,1,18.6,21,2020,6,0.8,7.2,0,3,1,0,1,0,0,0,0,0,0,0,0,1,0,0,0,0,0,0,0,0,0,0,1
37,54345,9,1,5,54,1,2,1,4,39.0,18,2016,1,0.11,6.0,1,1,2,0,1,0,1,0,0,1,0,0,0,0,0,1,0,0,1,0,0,0,0,1,0
39,104802,6,5,3,12,1,1,1,0,30.7,4,2019,7,0.83,2.0,1,3,2,0,0,1,0,0,0,0,0,0,0,0,0,0,1,1,0,0,0,0,0,0,1
39,98797,8,7,3,17,1,4,2,2,25.5,8,2017,10,0.88,2.1,1,2,2,1,0,0,0,0,0,0,0,0,0,0,0,1,0,0,1,1,0,0,0,0,0
59,17402,2,1,3,33,0,2,3,5,39.4,28,2023,5,0.5,16.5,3,0,2,1,0,1,0,0,0,0,0,0,1,0,0,1,0,1,0,0,0,0,0,0,1
26,38656,9,9,4,33,0,1,1,0,1.1,6,2016,11,1.0,3.7,0,0,0,0,0,1,0,0,0,1,0,0,0,0,1,0,0,0,1,0,0,1,0,0,0
39,55088,7,3,4,46,0,5,4,0,37.7,13,2018,7,0.43,6.6,1,1,2,1,0,0,0,1,0,0,0,0,0,0,0,0,1,0,1,0,0,0,1,0,0
39,17637,1,1,5,12,0,4,2,4,41.1,10,2024,3,1.0,12.0,1,0,2,1,0,0,0,1,0,1,0,0,0,0,1,0,0,1,0,0,0,0,0,0,0
48,108749,3,1,4,21,0,1,2,3,28.6,4,2022,8,0.33,7.0,2,3,2,1,0,0,0,0,0,0,1,0,0,1,0,0,0,0,1,1,0,0,0,0,0
49,114860,4,2,5,37,0,3,4,3,9.1,2,2021,6,0.5,9.2,2,3,0,1,0,0,0,0,0,1,0,0,0,0,0,0,1,0,1,1,0,0,0,0,0
38,50308,9,2,2,18,0,2,1,4,25.8,1,2016,2,0.22,2.0,1,1,2,1,0,1,0,0,0,0,1,0,0,0,1,0,0,0,0,0,0,1,0,0,0
45,15158,3,1,1,45,1,1,2,5,23.7,0,2022,10,0.33,15.0,2,0,1,0,0,0,0,1,0,0,0,0,0,0,0,0,1,0,1,0,0,0,1,0,0
27,67817,8,3,4,21,0,2,2,1,44.6,19,2017,9,0.38,2.6,0,1,2,1,0,0,1,0,0,0,0,1,0,1,0,0,0,1,0,0,0,1,0,0,0
29,50409,1,1,1,51,0,4,3,3,9.6,15,2024,3,1.0,51.0,0,1,0,0,0,0,0,1,0,0,0,0,1,0,0,1,0,1,0,0,0,0,0,0,1
23,103325,8,5,5,23,1,4,2,4,37.1,28,2017,2,0.62,2.9,0,3,2,0,1,0,0,0,1,0,1,0,0,1,0,0,0,0,0,0,0,0,0,0,1
22,67459,9,4,5,9,0,3,3,1,10.5,26,2016,1,0.44,1.0,0,1,1,0,1,0,0,1,0,1,0,0,0,0,0,0,1,0,1,0,0,1,0,0,0
55,96274,8,6,2,55,1,1,4,4,32.9,9,2017,11,0.75,6.9,3,2,2,1,0,0,0,0,0,1,0,0,0,0,1,0,0,1,0,0,1,0,0,0,0
48,74489,5,0,5,32,0,3,1,2,25.1,2,2020,11,0.0,6.4,2,2,2,1,0,0,1,0,0,0,1,0,0,0,0,0,0,0,1,0,0,0,0,0,0
31,61881,3,1,3,28,1,5,4,4,46.1,9,2022,11,0.33,9.3,1,1,2,1,0,0,0,0,1,0,0,0,0,0,1,0,0,1,0,0,0,0,1,0,0
32,54600,8,8,4,10,1,2,1,0,17.4,21,2017,2,1.0,1.2,1,1,1,0,0,0,1,0,0,0,1,0,0,0,0,0,0,0,1,0,0,0,1,0,0
51,72381,3,2,2,26,1,3,2,3,38.6,26,2022,3,0.67,8.7,3,2,2,1,0,0,0,0,1,0,0,0,0,0,0,0,0,1,0,0,0,0,0,0,1
24,82337,4,0,2,34,0,5,2,2,26.9,12,2021,6,0.0,8.5,0,2,2,0,1,1,0,0,0,0,1,0,0,0,0,0,1,0,1,0,1,0,0,0,0
44,117304,5,5,1,10,1,3,1,2,27.5,29,2020,9,1.0,2.0,2,3,2,1,0,0,0,0,0,1,0,0,0,0,0,0,0,0,0,1,0,0,0,0,0
53,68712,9,4,1,48,0,2,4,5,1.7,4,2016,5,0.44,5.3,3,1,0,0,0,0,0,0,1,0,1,0,0,0,1,0,0,1,0,1,0,0,0,0,0
51,26077,5,1,2,5,1,1,3,1,19.0,9,2020,12,0.2,1.0,3,0,1,0,1,0,1,0,0,0,0,0,1,0,1,0,0,1,0,0,1,0,0,0,0
39,57859,7,0,5,33,0,3,3,1,29.4,26,2018,9,0.0,4.7,1,1,2,1,0,0,0,1,0,0,1,0,0,0,1,0,0,0,1,0,0,0,0,0,1
33,37175,1,1,1,42,1,1,2,0,3.6,15,2024,1,1.0,42.0,1,0,0,1,0,1,0,0,0,1,0,0,0,0,1,0,0,0,1,0,0,0,0,0,0
32,110730,2,0,2,35,0,5,4,3,16.7,5,2023,6,0.0,17.5,1,3,1,0,1,0,0,0,0,0,0,1,0,0,0,0,1,0,0,0,0,0,0,0,0
57,52845,1,1,3,53,1,5,4,3,11.9,10,2024,5,1.0,53.0,3,1,1,0,0,0,1,0,0,0,0,0,0,0,0,1,0,0,1,1,0,0,0,0,0
41,70431,2,0,5,31,1,1,1,1,2.2,21,2023,10,0.0,15.5,2,2,0,0,1,0,1,0,0,0,0,0,1,0,1,0,0,1,0,0,0,0,0,0,0
47,62020,5,0,4,2,0,1,1,0,9.1,1,2020,12,0.0,0.4,2,1,0,0,0,0,0,0,0,0,0,0,0,0,0,1,0,1,0,0,1,0,0,0,0
33,103229,5,2,2,38,1,2,2,5,44.8,9,2020,2,0.4,7.6,1,3,2,0,1,1,0,0,0,0,0,0,0,0,0,0,0,0,1,0,0,0,0,0,1
43,53469,9,3,5,11,0,4,4,4,5.8,0,2016,4,0.33,1.2,2,1,0,1,0,0,0,0,1,0,0,0,0,0,0,1,0,0,0,0,1,0,0,0,0
25,76180,9,6,3,59,0,2,4,3,42.3,7,2016,9,0.67,6.6,0,2,2,0,0,0,0,0,0,0,0,0,0,0,0,1,0,0,1,0,0,1,0,0,0
31,107256,6,0,2,60,1,5,3,5,8.3,6,2019,2,0.0,10.0,1,3,0,0,0,0,1,0,0,0,1,0,0,0,1,0,0,0,0,0,1,0,0,0,0
24,101614,1,1,1,50,0,5,4,2,45.4,30,2024,1,1.0,50.0,0,3,2,0,1,0,0,1,0,0,0,1,0,0,0,1,0,0,0,0,0,0,1,0,0
39,115025,3,1,4,22,1,3,4,3,35.5,5,2022,3,0.33,7.3,1,3,2,0,0,0,0,0,0,1,0,0,0,0,0,0,0,0,0,0,0,1,0,0,0
34,25621,8,4,5,16,1,2,1,5,17.2,22,2017,4,0.5,2.0,1,0,1,0,1,0,0,0,0,1,0,0,0,0,0,0,0,0,0,0,0,1,0,0,0
33,108051,6,6,1,30,0,3,2,5,12.1,11,2019,1,1.0,5.0,1,3,1,1,0,0,0,0,0,0,0,1,0,0,0,1,0,0,0,0,0,0,0,1,0
22,74937,10,5,2,41,1,3,4,2,40.5,11,2015,9,0.5,4.1,0,2,2,1,0,0,0,1,0,0,0,0,0,0,1,0,0,1,0,0,0,0,1,0,0
58,46940,8,0,2,53,0,1,3,2,24.1,29,2017,3,0.0,6.6,3,1,1,1,0,0,0,0,0,0,0,1,0,0,0,0,1,0,1,0,0,0,0,0,1
53,119080,7,7,5,2,1,3,1,1,13.6,11,2018,6,1.0,0.3,3,3,1,1,0,0,1,0,0,0,1,0,0,0,0,1,0,1,0,0,0,0,1,0,0
29,63231,7,6,1,51,1,4,1,1,49.4,4,2018,7,0.86,7.3,0,1,2,0,0,0,0,0,0,0,0,0,1,1,0,0,0,0,0,0,0,0,0,0,0
30,26305,1,1,3,27,1,1,1,2,26.6,12,2024,4,1.0,27.0,0,0,2,0,1,0,0,1,0,0,0,1,0,0,0,0,0,0,0,1,0,0,0,0,0
34,97268,5,3,3,35,1,4,1,3,45.2,1,2020,10,0.6,7.0,1,2,2,0,1,0,0,1,0,0,0,0,1,0,0,1,0,0,1,0,0,0,0,0,1
27,113991,6,4,4,49,1,3,4,5,41.8,3,2019,2,0.67,8.2,0,3,2,1,0,0,1,0,0,0,1,0,0,1,0,0,0,0,1,0,1,0,0,0,0
30,33287,2,0,3,20,0,5,4,1,38.2,23,2023,11,0.0,10.0,0,0,2,0,0,1,0,0,0,1,0,0,0,1,0,0,0,0,0,1,0,0,0,0,0
49,84725,7,5,5,3,0,2,4,4,11.0,22,2018,1,0.71,0.4,2,2,1,0,0,0,0,0,0,1,0,0,0,0,0,0,0,1,0,0,1,0,0,0,0
33,17218,2,1,5,54,0,3,2,0,10.0,24,2023,3,0.5,27.0,1,0,0,0,1,0,0,1,0,0,0,0,1,0,0,0,1,1,0,0,0,0,0,1,0
52,93560,7,7,2,54,1,5,3,0,29.1,9,2018,3,1.0,7.7,3,2,2,1,0,0,1,0,0,0,0,0,0,0,0,1,0,0,1,0,0,0,0,0,0
32,44634,10,9,3,4,1,4,2,1,12.1,23,2015,11,0.9,0.4,1,1,1,0,0,1,0,0,0,1,0,0,0,0,0,0,0,0,0,1,0,0,0,0,0
39,85589,2,0,3,26,1,4,1,0,34.3,1,2023,2,0.0,13.0,1,2,2,0,0,0,0,1,0,0,1,0,0,0,0,0,1,0,1,0,0,0,0,0,1
56,29413,10,6,2,14,1,3,4,4,3.3,19,2015,9,0.6,1.4,3,0,0,0,1,0,0,0,0,1,0,0,0,0,0,1,0,0,1,0,0,0,0,0,1
43,67747,7,6,2,45,1,3,3,5,40.5,22,2018,1,0.86,6.4,2,1,2,0,1,0,0,0,1,0,0,1,0,0,0,1,0,0,0,0,1,0,0,0,0
34,72000,8,6,4,38,1,5,3,1,19.4,13,2017,10,0.75,4.8,1,2,1,1,0,0,0,1,0,0,1,0,0,0,1,0,0,0,1,0,0,0,0,0,0
33,77310,4,1,3,55,0,5,3,4,20.3,1,2021,11,0.25,13.8,1,2,1,1,0,0,0,0,1,0,0,1,0,0,0,0,1,0,0,1,0,0,0,0,0
39,75232,5,5,3,35,1,3,2,4,28.5,5,2020,4,1.0,7.0,1,2,2,0,0,0,0,0,0,0,1,0,0,1,0,0,0,0,1,0,0,1,0,0,0
32,67993,2,0,1,44,0,1,3,0,5.8,29,2023,5,0.0,22.0,1,1,0,0,1,1,0,0,0,1,0,0,0,0,0,1,0,1,0,0,0,0,0,0,1
23,86742,6,3,3,19,1,4,4,0,44.6,1,2019,3,0.5,3.2,0,2,2,1,0,0,1,0,0,1,0,0,0,0,1,0,0,1,0,0,0,0,0,1,0
32,97598,6,4,3,57,0,4,1,5,8.5,7,2019,2,0.67,9.5,1,2,0,0,1,0,0,0,1,0,1,0,0,1,0,0,0,0,1,0,0,1,0,0,0
54,102636,5,5,2,57,1,2,3,2,9.1,9,2020,6,1.0,11.4,3,3,0,0,1,0,0,1,0,0,0,0,1,0,0,0,0,1,0,0,0,0,1,0,0
27,39143,3,0,2,37,1,1,2,2,47.1,5,2022,2,0.0,12.3,0,0,2,0,0,1,0,0,0,0,1,0,0,1,0,0,0,1,0,0,1,0,0,0,0
39,104469,4,4,1,53,1,2,3,2,46.9,21,2021,2,1.0,13.2,1,3,2,0,0,0,0,0,0,0,1,0,0,0,1,0,0,0,1,1,0,0,0,0,0
53,58974,8,5,2,12,1,4,3,1,7.0,10,2017,4,0.62,1.5,3,1,0,0,0,0,0,0,1,0,0,1,0,0,0,1,0,1,0,0,0,0,0,0,1
38,16293,4,1,2,22,1,3,1,0,5.6,6,2021,4,0.25,5.5,1,0,0,0,0,1,0,0,0,0,0,0,1,0,0,0,1,1,0,1,0,0,0,0,0
36,76431,9,2,2,9,1,4,4,5,19.2,6,2016,2,0.22,1.0,1,2,1,1,0,0,0,0,1,0,0,0,0,0,0,0,1,0,0,0,0,0,0,0,0
38,96224,8,1,2,35,0,5,4,2,41.2,5,2017,11,0.12,4.4,1,2,2,1,0,0,0,0,0,0,0,0,1,0,0,0,0,1,0,1,0,0,0,0,0
59,92495,4,3,2,46,1,5,1,3,21.8,29,2021,7,0.75,11.5,3,2,1,0,1,0,1,0,0,0,1,0,0,0,0,0,0,0,0,0,0,1,0,0,0
37,88919,6,0,5,18,0,3,3,4,18.3,30,2019,12,0.0,3.0,1,2,1,0,0,0,1,0,0,0,1,0,0,0,0,0,0,0,1,0,0,1,0,0,0
53,55780,4,0,3,27,1,4,2,4,46.0,24,2021,5,0.0,6.8,3,1,2,0,1,1,0,0,0,0,0,0,0,1,0,0,0,0,0,0,0,0,1,0,0
36,16639,3,2,1,11,0,3,2,3,5.8,26,2022,8,0.67,3.7,1,0,0,0,1,0,1,0,0,0,1,0,0,0,1,0,0,0,1,1,0,0,0,0,0
44,76461,6,4,5,6,1,2,4,2,16.3,20,2019,3,0.67,1.0,2,2,1,0,1,0,1,0,0,0,0,0,1,0,0,0,0,1,0,0,0,1,0,0,0
25,112147,6,2,5,35,1,1,3,5,14.9,20,2019,12,0.33,5.8,0,3,1,1,0,0,1,0,0,0,0,0,1,1,0,0,0,0,0,1,0,0,0,0,0
26,100942,2,0,1,36,1,4,4,5,30.3,25,2023,7,0.0,18.0,0,3,2,1,0,0,0,0,0,0,0,1,0,0,0,0,0,0,0,0,0,0,0,1,0
54,89989,2,0,4,10,0,2,1,2,44.6,10,2023,6,0.0,5.0,3,2,2,0,0,0,0,1,0,0,0,0,1,0,0,0,1,1,0,0,0,0,1,0,0
46,16572,8,3,5,27,1,4,3,1,36.9,15,2017,8,0.38,3.4,2,0,2,0,0,0,0,0,0,1,0,0,0,0,0,1,0,1,0,0,0,0,0,0,1
26,37347,7,6,4,21,0,5,1,0,33.8,14,2018,7,0.86,3.0,0,0,2,1,0,1,0,0,0,0,0,0,0,1,0,0,0,0,1,0,0,0,1,0,0
41,30013,7,6,5,29,1,1,4,3,32.1,29,2018,3,0.86,4.1,2,0,2,0,0,0,1,0,0,0,0,0,0,0,1,0,0,0,0,0,0,0,1,0,0
57,38546,9,4,2,55,1,1,2,4,18.6,3,2016,8,0.44,6.1,3,0,1,0,1,0,1,0,0,1,0,0,0,0,0,0,0,1,0,0,0,0,0,1,0
59,47062,10,1,5,12,0,5,1,1,9.0,3,2015,10,0.1,1.2,3,1,0,0,0,0,0,0,0,1,0,0,0,1,0,0,0,0,0,0,0,1,0,0,0
53,74334,3,1,1,29,1,5,1,5,35.8,17,2022,10,0.33,9.7,3,2,2,0,0,1,0,0,0,0,0,0,0,0,0,1,0,0,1,0,1,0,0,0,0
57,46894,6,6,2,20,1,1,3,4,17.1,2,2019,10,1.0,3.3,3,1,1,0,1,0,0,0,1,0,0,0,1,0,0,0,0,0,1,0,0,1,0,0,0
25,59528,1,0,1,8,0,4,4,5,25.5,4,2024,6,0.0,8.0,0,1,2,0,1,0,1,0,0,0,0,0,0,0,0,0,1,0,0,0,0,0,0,1,0
25,82960,3,3,5,36,0,2,2,5,17.8,30,2022,12,1.0,12.0,0,2,1,1,0,0,1,0,0,1,0,0,0,0,1,0,0,0,0,0,0,0,0,1,0
46,32171,2,0,3,3,1,3,2,3,5.5,17,2023,2,0.0,1.5,2,0,0,0,1,0,1,0,0,0,1,0,0,0,0,1,0,0,1,0,0,0,0,1,0
54,83539,7,5,5,55,1,2,4,4,1.2,17,2018,1,0.71,7.9,3,2,0,0,0,0,0,1,0,0,1,0,0,0,0,0,0,1,0,0,1,0,0,0,0
44,89253,3,1,4,30,0,1,4,4,18.0,30,2022,12,0.33,10.0,2,2,1,0,1,1,0,0,0,0,0,0,0,0,0,0,1,0,1,0,0,1,0,0,0
28,23858,3,1,2,27,1,2,2,3,34.0,27,2022,3,0.33,9.0,0,0,2,0,1,0,1,0,0,0,0,0,0,0,0,0,0,0,1,0,0,0,0,1,0
41,49942,8,3,2,59,0,4,3,5,32.3,21,2017,7,0.38,7.4,2,1,2,0,0,0,0,0,0,0,0,0,1,0,0,0,1,0,0,0,0,0,1,0,0
30,96718,3,1,1,8,0,1,4,5,49.2,27,2022,9,0.33,2.7,0,2,2,1,0,0,0,0,0,0,0,0,0,0,1,0,0,0,1,0,1,0,0,0,0
39,53305,3,3,2,28,0,3,2,1,10.4,12,2022,1,1.0,9.3,1,1,1,1,0,0,0,1,0,0,0,0,0,0,1,0,0,1,0,0,0,0,0,1,0
48,109806,10,4,3,43,0,1,1,3,25.3,8,2015,12,0.4,4.3,2,3,2,0,0,0,0,1,0,0,0,0,1,0,0,0,1,0,0,0,0,0,0,0,1
45,56750,4,1,3,13,0,5,4,1,20.5,26,2021,9,0.25,3.2,2,1,1,0,0,0,0,0,1,0,0,0,0,1,0,0,0,0,0,0,0,0,0,0,1
56,80626,8,6,1,19,0,2,3,4,23.0,5,2017,2,0.75,2.4,3,2,1,0,1,0,0,0,0,1,0,0,0,0,1,0,0,0,1,0,0,1,0,0,0
23,62821,7,0,5,44,0,2,1,4,18.6,4,2018,12,0.0,6.3,0,1,1,1,0,1,0,0,0,0,0,0,1,1,0,0,0,0,0,1,0,0,0,0,0
46,39202,6,0,5,20,1,5,2,3,26.7,14,2019,6,0.0,3.3,2,0,2,0,1,1,0,0,0,0,0,0,0,0,1,0,0,0,1,0,0,0,0,0,1
23,45078,5,0,2,41,0,5,1,1,4.9,11,2020,9,0.0,8.2,0,1,0,0,0,0,0,0,1,0,0,1,0,1,0,0,0,0,1,0,1,0,0,0,0
38,81888,10,4,5,47,1,1,2,3,16.1,1,2015,7,0.4,4.7,1,2,1,0,0,1,0,0,0,0,1,0,0,1,0,0,0,0,1,0,1,0,0,0,0
22,46134,9,7,2,38,0,2,2,3,26.0,27,2016,1,0.78,4.2,0,1,2,0,0,0,0,1,0,1,0,0,0,0,0,0,1,1,0,0,0,0,1,0,0
32,74309,6,1,5,41,1,1,4,3,8.0,28,2019,2,0.17,6.8,1,2,0,1,0,0,0,0,0,0,0,0,1,0,0,0,1,0,0,0,0,0,1,0,0
41,60571,9,9,5,46,0,3,3,1,39.9,24,2016,8,1.0,5.1,2,1,2,0,0,0,1,0,0,0,0,0,0,0,0,0,0,1,0,0,0,0,0,1,0
50,90073,8,1,2,55,1,2,3,2,45.2,13,2017,10,0.12,6.9,2,2,2,1,0,0,0,0,1,1,0,0,0,0,0,1,0,1,0,0,0,1,0,0,0
54,18425,7,6,2,25,0,5,4,1,34.0,2,2018,7,0.86,3.6,3,0,2,0,1,0,0,0,0,0,0,0,1,1,0,0,0,0,1,0,0,0,1,0,0
22,30557,4,3,2,25,0,3,3,1,33.5,22,2021,4,0.75,6.2,0,0,2,1,0,0,0,1,0,0,0,0,1,1,0,0,0,1,0,0,1,0,0,0,0
29,94469,8,4,4,44,0,3,2,4,4.1,15,2017,4,0.5,5.5,0,2,0,0,0,0,0,0,0,0,0,0,0,0,1,0,0,0,1,0,0,1,0,0,0
38,107131,4,3,2,49,0,5,4,1,2.4,28,2021,7,0.75,12.2,1,3,0,0,1,1,0,0,0,0,0,0,1,0,1,0,0,0,0,0,0,1,0,0,0
30,45559,3,2,2,16,0,3,4,2,36.4,17,2022,1,0.67,5.3,0,1,2,0,0,0,0,0,1,0,0,1,0,1,0,0,0,0,1,0,0,1,0,0,0
36,91367,2,2,4,58,0,2,2,0,1.7,20,2023,7,1.0,29.0,1,2,0,0,1,0,0,1,0,0,0,0,1,0,1,0,0,1,0,1,0,0,0,0,0
30,93616,5,2,4,9,1,4,4,3,30.8,4,2020,2,0.4,1.8,0,2,2,0,1,0,0,0,0,0,0,0,0,0,1,0,0,1,0,0,0,1,0,0,0
48,113837,6,3,1,45,1,5,4,1,30.8,16,2019,11,0.5,7.5,2,3,2,1,0,0,0,0,0,0,0,1,0,0,0,0,1,1,0,0,0,0,0,0,0
32,89546,8,7,1,51,0,5,1,0,34.4,9,2017,4,0.88,6.4,1,2,2,1,0,0,0,1,0,0,0,0,1,0,1,0,0,0,1,1,0,0,0,0,0
57,73931,7,5,1,44,1,2,2,1,34.8,26,2018,7,0.71,6.3,3,2,2,1,0,0,0,1,0,0,1,0,0,1,0,0,0,1,0,0,0,0,0,1,0
29,92756,7,0,3,54,1,4,2,0,12.4,24,2018,6,0.0,7.7,0,2,1,0,1,0,1,0,0,0,0,0,1,0,0,0,0,1,0,0,0,0,0,0,0
38,106488,10,5,3,9,0,1,4,2,32.2,8,2015,6,0.5,0.9,1,3,2,0,0,0,0,1,0,0,0,0,0,0,0,0,1,1,0,0,1,0,0,0,0
36,91745,9,7,4,25,1,5,3,2,27.7,2,2016,1,0.78,2.8,1,2,2,0,0,0,0,0,0,0,0,0,1,0,1,0,0,0,0,0,0,0,0,1,0
48,27567,2,1,3,21,1,1,2,2,39.4,19,2023,10,0.5,10.5,2,0,2,0,1,0,0,0,0,0,1,0,0,0,0,0,0,0,1,0,1,0,0,0,0
31,31997,8,7,1,16,1,4,1,0,6.2,11,2017,7,0.88,2.0,1,0,0,0,0,0,0,0,1,0,0,0,1,0,0,0,0,0,1,0,0,0,0,0,1
49,97478,10,10,2,41,0,1,2,3,14.7,10,2015,10,1.0,4.1,2,2,1,0,1,1,0,0,0,0,0,1,0,0,0,0,0,0,0,0,0,0,0,0,1
29,117818,4,1,2,52,1,1,1,1,23.6,10,2021,8,0.25,13.0,0,3,1,0,0,1,0,0,0,0,0,0,0,1,0,0,0,0,1,0,0,0,0,0,0
23,115130,9,6,2,22,0,2,1,1,39.7,17,2016,4,0.67,2.4,0,3,2,1,0,0,1,0,0,0,0,0,0,0,1,0,0,0,0,1,0,0,0,0,0
28,21153,8,8,2,56,1,4,2,5,26.3,24,2017,2,1.0,7.0,0,0,2,1,0,0,0,1,0,0,0,0,1,0,1,0,0,0,1,0,0,0,1,0,0
56,50872,2,0,5,50,1,5,1,5,29.9,26,2023,4,0.0,25.0,3,1,2,0,1,0,0,0,0,1,0,0,0,0,0,0,1,0,1,0,0,1,0,0,0
56,110139,5,2,1,59,1,1,1,1,40.5,11,2020,2,0.4,11.8,3,3,2,0,1,1,0,0,0,0,0,0,0,0,0,0,0,0,0,0,1,0,0,0,0
30,20182,9,9,5,28,1,4,2,1,26.6,9,2016,4,1.0,3.1,0,0,2,0,1,0,0,0,1,0,0,0,0,0,0,0,0,1,0,0,1,0,0,0,0
38,59796,6,5,5,26,0,2,2,5,39.0,27,2019,3,0.83,4.3,1,1,2,0,0,0,0,0,0,0,0,0,0,1,0,0,0,1,0,0,0,0,0,0,1
52,102214,5,2,1,4,1,3,3,3,7.7,1,2020,2,0.4,0.8,3,3,0,1,0,0,0,1,0,1,0,0,0,0,0,1,0,0,1,0,0,0,0,1,0
42,38342,3,0,5,22,0,5,3,0,11.3,29,2022,2,0.0,7.3,2,0,1,1,0,0,0,0,0,0,0,1,0,0,0,0,0,0,0,0,1,0,0,0,0
22,54472,7,4,2,35,1,5,3,5,7.8,4,2018,2,0.57,5.0,0,1,0,0,0,1,0,0,0,0,1,0,0,0,0,0,1,0,0,0,0,0,0,0,1
22,52988,9,8,3,1,1,1,4,3,35.9,8,2016,5,0.89,0.1,0,1,2,1,0,0,0,0,0,0,1,0,0,0,0,0,0,0,0,1,0,0,0,0,0
23,117572,6,3,1,45,0,5,1,1,35.6,3,2019,9,0.5,7.5,0,3,2,1,0,1,0,0,0,0,0,0,0,0,1,0,0,0,1,0,0,0,1,0,0
38,103046,9,7,1,39,0,2,2,3,42.1,28,2016,9,0.78,4.3,1,3,2,1,0,0,0,0,0,0,0,0,1,0,0,0,1,0,1,0,0,0,0,1,0
54,82696,2,2,3,30,0,2,4,0,12.6,23,2023,10,1.0,15.0,3,2,1,1,0,0,1,0,0,0,0,0,0,1,0,0,0,0,0,0,0,0,0,0,0
32,46403,9,5,2,43,0,4,1,5,46.5,3,2016,5,0.56,4.8,1,1,2,0,1,1,0,0,0,0,0,0,1,0,0,1,0,0,0,0,0,1,0,0,0
60,92074,4,0,1,25,0,4,1,1,13.6,20,2021,7,0.0,6.2,3,2,1,0,1,0,0,0,0,0,1,0,0,0,1,0,0,1,0,0,0,0,0,1,0
23,85241,6,5,3,21,0,1,4,3,36.0,3,2019,10,0.83,3.5,0,2,2,1,0,0,0,0,0,0,1,0,0,1,0,0,0,0,1,0,0,1,0,0,0
22,49536,4,2,3,54,1,4,1,1,20.7,12,2021,4,0.5,13.5,0,1,1,0,0,0,1,0,0,1,0,0,0,1,0,0,0,0,1,0,0,0,0,1,0
37,45157,4,3,5,50,0,5,1,0,39.1,0,2021,3,0.75,12.5,1,1,2,0,1,0,0,1,0,0,0,1,0,0,0,0,0,0,1,0,0,0,1,0,0
28,53130,7,6,3,39,0,3,2,2,41.9,3,2018,4,0.86,5.6,0,1,2,1,0,0,0,0,0,0,0,1,0,0,1,0,0,0,0,0,1,0,0,0,0
36,56537,7,5,5,7,0,2,1,2,40.3,15,2018,10,0.71,1.0,1,1,2,0,1,1,0,0,0,0,0,1,0,0,0,1,0,1,0,0,1,0,0,0,0
57,118041,6,0,3,18,0,1,3,4,28.5,8,2019,9,0.0,3.0,3,3,2,1,0,1,0,0,0,0,0,1,0,0,0,0,1,1,0,0,0,0,0,1,0
23,109516,2,0,4,6,0,4,3,4,41.0,26,2023,4,0.0,3.0,0,3,2,0,1,0,0,0,1,0,0,0,0,0,0,1,0,0,0,0,0,0,0,0,0
25,103509,3,1,5,5,0,2,4,4,10.6,17,2022,4,0.33,1.7,0,3,1,0,0,0,0,0,0,0,1,0,0,0,0,0,0,0,1,0,0,0,0,1,0
57,40213,6,1,3,21,0,4,3,4,32.9,20,2019,9,0.17,3.5,3,1,2,0,0,0,0,0,0,0,0,0,1,0,0,0,1,0,0,0,1,0,0,0,0
39,35467,5,1,5,47,1,3,2,3,49.0,1,2020,12,0.2,9.4,1,0,2,0,0,0,1,0,0,0,1,0,0,0,0,1,0,1,0,0,0,1,0,0,0
34,64398,6,6,5,51,1,3,4,5,4.1,11,2019,8,1.0,8.5,1,1,0,0,0,0,0,0,1,0,1,0,0,0,1,0,0,1,0,0,1,0,0,0,0
50,20090,2,0,2,11,1,4,3,2,32.4,8,2023,12,0.0,5.5,2,0,2,0,0,0,0,0,1,0,1,0,0,1,0,0,0,1,0,0,1,0,0,0,0
34,65919,5,1,2,53,1,3,4,2,46.3,14,2020,3,0.2,10.6,1,1,2,0,0,0,0,1,0,0,0,0,1,0,0,0,1,0,1,0,0,0,1,0,0
22,111662,3,3,2,11,0,5,1,4,1.6,10,2022,10,1.0,3.7,0,3,0,0,0,0,1,0,0,1,0,0,0,1,0,0,0,1,0,1,0,0,0,0,0
57,72344,4,2,1,3,1,1,4,3,10.2,4,2021,12,0.5,0.8,3,2,1,1,0,0,0,0,0,0,0,0,1,1,0,0,0,0,0,1,0,0,0,0,0
42,59794,3,1,1,51,1,1,4,5,42.9,8,2022,12,0.33,17.0,2,1,2,0,0,0,0,0,1,0,0,1,0,0,0,1,0,0,0,0,0,0,0,0,1
45,44778,6,4,3,57,1,2,1,0,42.8,29,2019,1,0.67,9.5,2,1,2,0,0,0,0,0,0,0,0,0,0,1,0,0,0,0,1,0,0,0,0,1,0
31,71913,4,2,5,59,0,2,1,3,45.9,17,2021,11,0.5,14.8,1,2,2,0,1,0,1,0,0,0,1,0,0,0,0,1,0,0,0,0,1,0,0,0,0
44,102139,3,0,2,44,1,5,2,4,40.3,24,2022,9,0.0,14.7,2,3,2,0,0,0,0,0,0,1,0,0,0,1,0,0,0,0,1,0,0,0,0,0,1
49,51659,1,0,2,54,0,3,2,3,16.9,10,2024,1,0.0,54.0,2,1,1,0,1,0,0,0,1,0,1,0,0,0,0,0,1,0,0,0,0,0,0,0,1
31,102242,4,1,2,32,0,3,1,1,25.6,28,2021,3,0.25,8.0,1,3,2,0,0,0,0,0,0,0,0,1,0,0,1,0,0,1,0,0,0,0,0,1,0
25,60599,3,1,5,21,0,2,2,3,49.8,17,2022,8,0.33,7.0,0,1,2,0,1,0,1,0,0,0,0,0,1,0,0,0,0,1,0,0,1,0,0,0,0
28,114754,9,2,1,59,1,2,1,2,17.4,9,2016,7,0.22,6.6,0,3,1,0,1,0,1,0,0,0,0,0,0,0,0,0,1,0,0,0,0,0,0,0,1
52,25112,6,3,4,13,0,2,2,2,26.5,2,2019,8,0.5,2.2,3,0,2,0,0,1,0,0,0,0,0,1,0,0,0,0,0,1,0,0,0,0,0,0,0
24,23557,5,1,4,32,1,4,3,2,37.0,20,2020,2,0.2,6.4,0,0,2,0,1,0,0,0,1,0,0,1,0,0,0,0,1,0,0,0,1,0,0,0,0
36,100346,2,2,4,43,0,5,1,0,7.0,15,2023,9,1.0,21.5,1,3,0,0,1,1,0,0,0,1,0,0,0,0,0,0,0,0,0,0,0,0,1,0,0
59,108448,5,4,2,9,1,3,1,3,17.8,24,2020,2,0.8,1.8,3,3,1,0,1,0,1,0,0,1,0,0,0,0,0,0,0,0,1,1,0,0,0,0,0
57,103299,4,4,3,58,0,2,3,4,32.1,12,2021,6,1.0,14.5,3,3,2,0,0,0,0,0,1,1,0,0,0,1,0,0,0,0,1,0,0,0,0,1,0
46,100239,4,4,2,50,0,3,4,2,42.2,27,2021,12,1.0,12.5,2,3,2,0,1,0,0,0,0,0,0,1,0,0,0,0,1,1,0,0,0,0,0,0,1
54,22885,2,1,4,36,0,3,4,3,41.3,1,2023,12,0.5,18.0,3,0,2,0,1,0,0,0,1,0,0,0,1,1,0,0,0,1,0,1,0,0,0,0,0
31,85929,2,0,5,12,0,5,4,5,24.3,26,2023,10,0.0,6.0,1,2,1,0,1,0,0,1,0,0,0,0,0,0,1,0,0,0,1,1,0,0,0,0,0
46,67903,6,5,4,45,1,5,2,0,40.9,12,2019,1,0.83,7.5,2,1,2,0,0,1,0,0,0,0,1,0,0,0,0,0,0,1,0,0,0,0,0,0,1
29,21262,8,1,3,40,0,4,2,0,21.9,15,2017,3,0.12,5.0,0,0,1,0,1,0,1,0,0,0,1,0,0,0,0,1,0,0,1,1,0,0,0,0,0
50,86724,3,2,1,26,0,3,4,2,43.9,0,2022,6,0.67,8.7,2,2,2,0,0,1,0,0,0,0,1,0,0,1,0,0,0,1,0,0,0,0,0,1,0
23,28789,6,2,4,39,1,3,3,4,31.1,25,2019,12,0.33,6.5,0,0,2,0,1,0,0,0,0,0,1,0,0,1,0,0,0,0,0,0,0,0,0,0,1
40,101078,2,2,2,14,1,2,4,2,28.7,23,2023,2,1.0,7.0,1,3,2,0,1,1,0,0,0,1,0,0,0,0,0,0,1,0,0,0,0,0,1,0,0
40,75657,7,0,1,51,0,2,1,2,28.8,3,2018,3,0.0,7.3,1,2,2,0,0,0,0,0,1,1,0,0,0,1,0,0,0,1,0,0,0,0,0,0,1
51,103650,4,1,5,27,1,5,2,2,2.8,24,2021,12,0.25,6.8,3,3,0,0,1,0,0,0,0,1,0,0,0,0,1,0,0,0,1,0,0,0,1,0,0
29,37814,5,5,4,30,1,5,2,2,31.0,9,2020,1,1.0,6.0,0,0,2,0,0,0,0,1,0,0,0,0,0,0,1,0,0,0,1,0,0,0,0,1,0
46,75027,8,8,5,39,1,4,3,0,49.3,19,2017,2,1.0,4.9,2,2,2,1,0,0,0,0,1,0,0,0,0,1,0,0,0,1,0,1,0,0,0,0,0
56,89795,7,0,4,35,0,2,2,4,44.4,17,2018,10,0.0,5.0,3,2,2,1,0,0,0,1,0,0,1,0,0,0,0,0,1,0,1,0,0,0,0,0,0
55,20431,8,5,4,30,1,4,3,0,46.1,3,2017,6,0.62,3.8,3,0,2,0,0,0,0,0,0,0,0,0,0,1,0,0,0,0,1,0,0,0,0,0,0
24,89485,9,5,4,38,0,1,1,0,44.8,5,2016,5,0.56,4.2,0,2,2,0,1,0,0,1,0,1,0,0,0,0,0,0,0,1,0,0,0,0,0,0,0
35,16063,6,3,3,42,1,3,2,0,9.7,16,2019,10,0.5,7.0,1,0,0,1,0,0,1,0,0,0,0,0,0,0,0,0,0,1,0,0,0,0,0,0,0
27,97128,5,2,2,52,0,3,1,1,23.5,30,2020,8,0.4,10.4,0,2,1,0,0,0,0,0,0,0,0,0,1,0,0,0,1,0,1,0,0,0,0,1,0
41,98434,5,5,5,57,0,2,2,1,31.5,13,2020,12,1.0,11.4,2,2,2,0,0,0,0,1,0,0,1,0,0,0,1,0,0,1,0,0,0,0,0,0,0
22,115505,5,4,5,10,0,1,1,0,8.3,7,2020,4,0.8,2.0,0,3,0,1,0,1,0,0,0,1,0,0,0,0,0,0,0,0,1,0,0,0,0,1,0
34,115697,3,0,4,42,1,4,3,3,42.1,13,2022,10,0.0,14.0,1,3,2,0,1,0,0,0,1,1,0,0,0,0,0,0,0,0,0,0,0,1,0,0,0
58,69894,5,5,5,33,0,4,3,1,30.4,18,2020,4,1.0,6.6,3,1,2,0,0,0,0,0,1,0,0,0,1,0,0,0,0,1,0,0,0,0,0,0,0
42,113133,8,3,5,9,0,3,4,2,18.6,10,2017,4,0.38,1.1,2,3,1,0,0,0,1,0,0,1,0,0,0,0,0,1,0,1,0,0,0,0,0,0,1
52,71792,3,0,4,16,1,1,2,0,4.8,30,2022,1,0.0,5.3,3,2,0,1,0,0,1,0,0,0,1,0,0,0,1,0,0,0,1,0,0,0,1,0,0
49,51610,6,0,3,46,1,4,3,3,10.6,13,2019,12,0.0,7.7,2,1,1,0,0,1,0,0,0,0,0,0,1,0,1,0,0,1,0,0,0,0,0,1,0
45,33524,2,2,2,53,0,5,4,5,9.7,13,2023,12,1.0,26.5,2,0,0,1,0,0,0,0,1,0,0,0,1,0,0,0,0,0,1,1,0,0,0,0,0
33,87344,2,2,3,48,1,3,2,5,43.9,23,2023,9,1.0,24.0,1,2,2,1,0,1,0,0,0,1,0,0,0,1,0,0,0,1,0,0,1,0,0,0,0
48,21457,5,0,4,6,0,5,1,0,33.4,2,2020,1,0.0,1.2,2,0,2,1,0,0,0,1,0,0,0,1,0,1,0,0,0,1,0,0,1,0,0,0,0
51,41513,5,4,2,46,1,4,3,2,33.9,27,2020,7,0.8,9.2,3,1,2,0,1,0,0,0,0,0,1,0,0,0,0,1,0,0,1,0,0,0,0,0,1
46,39238,2,2,5,27,1,5,2,3,40.0,30,2023,8,1.0,13.5,2,0,2,0,0,0,1,0,0,0,0,0,1,0,0,0,0,0,0,0,0,0,0,1,0
33,106980,8,0,5,32,0,2,2,5,14.3,15,2017,11,0.0,4.0,1,3,1,0,1,0,0,0,0,0,0,0,0,0,0,1,0,0,1,0,0,0,0,0,1
56,94610,8,8,4,13,1,3,1,5,21.4,14,2017,2,1.0,1.6,3,2,1,0,1,0,0,1,0,0,0,0,1,0,0,0,0,0,1,0,0,0,0,1,0
33,78708,4,4,3,7,0,5,4,0,2.5,6,2021,9,1.0,1.8,1,2,0,1,0,0,0,1,0,0,0,0,1,0,0,0,0,1,0,0,1,0,0,0,0
26,23172,6,2,1,17,0,1,1,0,14.4,5,2019,11,0.33,2.8,0,0,1,0,1,0,0,0,0,0,1,0,0,0,1,0,0,0,0,0,1,0,0,0,0
22,79582,4,0,5,29,0,5,1,4,25.3,29,2021,12,0.0,7.2,0,2,2,0,1,0,0,0,0,0,1,0,0,0,0,0,0,0,0,0,1,0,0,0,0
60,115828,9,3,2,15,1,5,1,2,26.4,20,2016,1,0.33,1.7,3,3,2,1,0,0,1,0,0,0,1,0,0,0,0,1,0,0,1,0,0,1,0,0,0
25,78284,5,4,5,5,0,4,2,3,48.4,7,2020,5,0.8,1.0,0,2,2,1,0,0,0,1,0,0,0,0,0,0,0,1,0,0,0,0,0,0,0,1,0
50,49810,8,3,3,31,0,2,4,2,6.7,4,2017,4,0.38,3.9,2,1,0,0,0,0,1,0,0,0,0,1,0,1,0,0,0,1,0,1,0,0,0,0,0
47,27353,9,6,4,22,0,4,2,2,47.2,29,2016,6,0.67,2.4,2,0,2,1,0,0,0,1,0,1,0,0,0,0,0,1,0,1,0,0,0,0,0,1,0
60,45148,3,2,5,44,1,1,2,2,47.9,3,2022,9,0.67,14.7,3,1,2,1,0,0,0,0,0,0,0,0,1,0,0,0,1,0,0,0,0,0,0,0,0
56,73774,8,0,5,0,1,4,4,1,19.3,8,2017,6,0.0,0.0,3,2,1,0,1,0,0,0,1,1,0,0,0,1,0,0,0,0,0,0,0,0,0,1,0
47,105032,3,2,3,51,0,1,1,1,32.1,10,2022,7,0.67,17.0,2,3,2,0,1,0,0,1,0,0,0,1,0,1,0,0,0,0,0,0,0,0,0,0,0
36,81700,9,5,2,17,1,2,2,4,27.4,15,2016,1,0.56,1.9,1,2,2,1,0,0,0,1,0,0,1,0,0,0,0,0,1,0,1,0,0,0,0,1,0
45,46850,4,4,1,43,0,3,4,4,21.2,4,2021,12,1.0,10.8,2,1,1,0,1,0,1,0,0,0,0,0,0,0,1,0,0,1,0,1,0,0,0,0,0
54,58778,8,0,1,60,1,2,3,2,45.2,20,2017,11,0.0,7.5,3,1,2,1,0,0,1,0,0,0,0,0,0,0,0,0,0,1,0,0,0,0,0,0,1
37,34301,2,2,1,27,1,1,3,3,31.5,12,2023,11,1.0,13.5,1,0,2,0,1,0,0,0,0,1,0,0,0,0,0,0,1,0,0,0,0,0,0,1,0
25,79429,1,1,4,37,1,1,2,5,42.4,3,2024,3,1.0,37.0,0,2,2,0,0,0,0,0,1,0,1,0,0,1,0,0,0,1,0,0,0,1,0,0,0
54,64833,3,2,1,53,0,2,1,4,43.9,18,2022,11,0.67,17.7,3,1,2,0,1,0,0,0,1,0,1,0,0,0,0,1,0,0,0,0,0,0,0,1,0
25,111980,5,2,3,52,1,3,2,0,23.1,16,2020,8,0.4,10.4,0,3,1,0,1,0,1,0,0,1,0,0,0,0,1,0,0,0,1,1,0,0,0,0,0
51,49343,1,1,1,16,0,3,4,0,6.3,5,2024,1,1.0,16.0,3,1,0,0,1,1,0,0,0,1,0,0,0,0,0,0,1,0,1,0,0,1,0,0,0
34,106825,2,0,5,57,1,5,4,1,39.7,2,2023,6,0.0,28.5,1,3,2,0,1,0,0,0,1,1,0,0,0,0,0,0,1,0,0,0,0,1,0,0,0
28,95013,6,6,2,19,1,3,1,0,20.2,4,2019,7,1.0,3.2,0,2,1,0,1,0,1,0,0,1,0,0,0,0,0,0,0,1,0,1,0,0,0,0,0
60,34324,3,3,5,29,0,2,4,3,32.2,29,2022,12,1.0,9.7,3,0,2,0,1,0,0,1,0,0,0,1,0,0,0,0,0,0,1,0,0,1,0,0,0
53,46933,3,0,4,15,0,4,1,2,44.9,28,2022,4,0.0,5.0,3,1,2,1,0,0,0,1,0,1,0,0,0,0,0,1,0,0,1,0,0,0,1,0,0
48,90063,2,1,5,59,0,4,4,3,41.6,13,2023,11,0.5,29.5,2,2,2,0,0,0,1,0,0,0,0,0,1,0,0,0,0,0,1,0,0,0,0,0,1
36,62615,1,1,4,52,0,5,3,5,46.0,10,2024,5,1.0,52.0,1,1,2,0,0,0,0,0,0,0,0,0,0,0,1,0,0,1,0,0,0,1,0,0,0
37,34806,4,3,1,18,1,3,1,2,6.1,30,2021,6,0.75,4.5,1,0,0,1,0,0,1,0,0,1,0,0,0,0,0,0,0,0,0,0,1,0,0,0,0
37,54343,5,0,2,35,1,4,4,0,7.5,11,2020,3,0.0,7.0,1,1,0,1,0,0,0,1,0,1,0,0,0,0,1,0,0,1,0,0,0,1,0,0,0
36,35294,6,2,4,50,0,2,4,2,1.7,0,2019,6,0.33,8.3,1,0,0,0,0,0,1,0,0,0,1,0,0,0,1,0,0,1,0,0,0,1,0,0,0
23,30159,4,4,3,49,1,4,2,3,21.6,0,2021,10,1.0,12.2,0,0,1,0,1,0,0,0,0,0,1,0,0,0,0,0,0,0,1,0,0,0,0,1,0
59,109872,9,2,1,34,0,3,2,5,18.8,4,2016,7,0.22,3.8,3,3,1,1,0,0,1,0,0,1,0,0,0,1,0,0,0,1,0,0,0,0,0,0,1
26,64614,9,3,4,13,0,2,1,2,17.9,11,2016,10,0.33,1.4,0,1,1,0,1,0,0,1,0,0,1,0,0,0,0,1,0,0,1,0,0,1,0,0,0
28,74006,5,5,3,40,1,1,3,5,25.6,2,2020,10,1.0,8.0,0,2,2,0,0,1,0,0,0,1,0,0,0,1,0,0,0,1,0,0,0,0,0,0,0
40,62584,5,4,3,36,0,4,3,4,2.3,19,2020,4,0.8,7.2,1,1,0,0,1,0,0,1,0,0,0,0,1,0,0,0,1,1,0,0,0,0,1,0,0
56,94219,8,8,1,42,1,3,4,0,28.9,4,2017,5,1.0,5.2,3,2,2,0,0,0,1,0,0,0,0,0,0,1,0,0,0,0,1,0,0,0,0,1,0
44,43032,9,9,2,41,0,2,3,4,42.4,26,2016,8,1.0,4.6,2,1,2,1,0,0,0,1,0,1,0,0,0,0,0,1,0,0,0,1,0,0,0,0,0
37,63991,9,8,5,35,1,4,4,4,23.5,11,2016,8,0.89,3.9,1,1,1,0,0,0,1,0,0,1,0,0,0,0,0,0,1,0,1,0,0,0,1,0,0
32,39235,8,3,5,42,1,2,3,1,41.2,26,2017,10,0.38,5.2,1,0,2,0,0,0,0,1,0,0,0,0,0,0,0,0,1,0,0,0,0,1,0,0,0
51,72339,2,2,1,15,0,3,2,2,24.7,30,2023,1,1.0,7.5,3,2,1,0,1,1,0,0,0,1,0,0,0,0,0,1,0,1,0,1,0,0,0,0,0
48,83029,3,1,4,58,1,4,4,5,12.5,6,2022,4,0.33,19.3,2,2,1,1,0,0,0,0,0,0,0,1,0,0,0,1,0,0,1,0,1,0,0,0,0
35,119647,4,2,5,60,0,3,2,5,25.6,15,2021,11,0.5,15.0,1,3,2,0,0,1,0,0,0,1,0,0,0,0,0,0,0,0,0,0,1,0,0,0,0
33,64995,4,1,2,60,1,4,1,5,1.2,9,2021,5,0.25,15.0,1,1,0,0,0,1,0,0,0,1,0,0,0,0,0,0,0,1,0,0,0,0,0,1,0
27,115338,6,2,3,40,1,2,2,1,30.0,30,2019,5,0.33,6.7,0,3,2,1,0,0,0,0,1,0,0,0,0,0,0,0,1,1,0,0,0,0,0,0,0
23,105471,8,0,5,25,0,2,2,5,39.1,12,2017,4,0.0,3.1,0,3,2,1,0,0,0,1,0,0,0,0,1,1,0,0,0,0,0,0,0,0,0,0,0
29,70734,10,2,2,30,0,1,3,3,10.7,6,2015,6,0.2,3.0,0,2,1,0,0,0,0,1,0,0,0,0,0,0,0,0,1,1,0,1,0,0,0,0,0
35,75033,9,4,5,55,1,2,1,5,47.4,16,2016,12,0.44,6.1,1,2,2,0,1,1,0,0,0,0,1,0,0,0,1,0,0,0,1,0,0,0,0,0,1
22,37232,5,0,1,52,0,2,2,3,6.1,11,2020,4,0.0,10.4,0,0,0,0,1,0,1,0,0,0,1,0,0,0,0,0,0,0,1,1,0,0,0,0,0
41,33926,7,6,5,19,1,5,4,4,15.4,10,2018,3,0.86,2.7,2,0,1,0,1,0,1,0,0,0,1,0,0,0,0,0,0,0,0,0,1,0,0,0,0
60,70292,8,3,2,28,1,5,4,2,26.1,19,2017,5,0.38,3.5,3,2,2,1,0,0,0,0,1,0,1,0,0,0,0,1,0,0,0,0,0,1,0,0,0
56,41733,9,0,2,53,0,3,1,1,47.2,2,2016,3,0.0,5.9,3,1,2,1,0,0,0,0,1,0,0,0,1,0,0,1,0,0,0,0,0,0,0,0,0
28,35123,3,0,2,8,0,5,4,3,12.6,22,2022,12,0.0,2.7,0,0,1,0,1,0,0,0,1,1,0,0,0,1,0,0,0,0,1,0,0,1,0,0,0
44,96769,5,1,3,14,0,3,3,3,29.8,9,2020,3,0.2,2.8,2,2,2,0,1,1,0,0,0,1,0,0,0,0,0,0,0,0,1,0,0,1,0,0,0
57,85725,8,5,5,56,0,1,2,5,5.7,24,2017,7,0.62,7.0,3,2,0,1,0,0,0,0,0,0,1,0,0,1,0,0,0,0,0,0,0,0,0,0,1
40,73085,10,0,2,60,1,2,2,5,25.4,12,2015,12,0.0,6.0,1,2,2,0,0,0,0,1,0,0,1,0,0,0,0,0,1,0,0,0,0,1,0,0,0
23,106016,3,3,3,7,1,1,3,0,32.2,27,2022,1,1.0,2.3,0,3,2,0,1,1,0,0,0,1,0,0,0,1,0,0,0,1,0,0,0,0,0,0,0
27,108424,9,0,5,6,0,1,3,2,24.4,19,2016,3,0.0,0.7,0,3,1,0,0,0,0,0,0,1,0,0,0,0,0,0,1,0,0,0,0,0,0,1,0
59,84041,6,0,1,26,0,2,1,3,4.4,5,2019,4,0.0,4.3,3,2,0,1,0,0,0,0,1,0,1,0,0,0,1,0,0,1,0,0,0,0,0,1,0
53,74648,4,1,5,53,1,1,4,1,4.4,28,2021,3,0.25,13.2,3,2,0,0,1,1,0,0,0,0,0,0,0,0,0,0,1,0,1,0,0,1,0,0,0
55,115463,6,2,2,39,0,5,3,2,46.8,15,2019,4,0.33,6.5,3,3,2,0,0,0,0,0,1,0,1,0,0,0,0,0,0,0,0,1,0,0,0,0,0
44,90436,3,2,4,26,0,4,4,5,36.8,8,2022,1,0.67,8.7,2,2,2,1,0,0,0,0,1,0,0,0,1,0,0,0,0,0,1,0,0,0,0,1,0
22,31515,8,2,3,42,1,4,4,1,18.5,25,2017,2,0.25,5.2,0,0,1,0,1,0,0,0,0,0,1,0,0,0,1,0,0,0,0,0,0,0,0,0,1
48,48866,4,0,1,25,0,2,3,5,29.4,12,2021,2,0.0,6.2,2,1,2,0,1,0,0,0,0,0,0,0,1,0,1,0,0,1,0,0,0,0,0,0,1
59,95800,8,1,5,60,0,5,3,2,17.0,20,2017,4,0.12,7.5,3,2,1,0,1,0,0,1,0,1,0,0,0,1,0,0,0,1,0,0,0,0,0,0,1
30,95139,8,3,2,28,0,5,2,2,40.4,23,2017,2,0.38,3.5,0,2,2,1,0,0,0,0,0,0,0,0,1,0,0,0,1,0,1,0,1,0,0,0,0
38,106496,2,2,2,24,0,2,2,4,30.3,19,2023,3,1.0,12.0,1,3,2,1,0,0,0,0,0,0,0,1,0,0,0,0,0,0,1,1,0,0,0,0,0
60,94158,10,8,2,41,1,1,1,0,45.1,8,2015,9,0.8,4.1,3,2,2,0,1,0,1,0,0,0,0,0,0,0,0,1,0,0,1,0,1,0,0,0,0
50,77608,2,2,4,7,0,2,4,5,11.8,0,2023,12,1.0,3.5,2,2,1,0,1,0,0,0,0,0,1,0,0,0,0,1,0,0,1,0,0,1,0,0,0
57,55066,6,1,5,54,1,2,3,3,45.3,9,2019,5,0.17,9.0,3,1,2,1,0,0,0,1,0,0,1,0,0,0,0,1,0,1,0,0,0,0,0,0,1
41,30812,3,0,3,11,0,5,2,1,29.3,11,2022,1,0.0,3.7,2,0,2,0,0,0,0,0,0,0,0,0,0,0,1,0,0,0,0,0,0,0,0,1,0
27,33936,9,0,3,36,1,4,4,0,27.0,6,2016,10,0.0,4.0,0,0,2,0,0,1,0,0,0,0,1,0,0,1,0,0,0,1,0,0,0,0,1,0,0
26,107920,9,7,3,46,1,4,3,5,9.8,10,2016,12,0.78,5.1,0,3,0,0,0,1,0,0,0,0,1,0,0,0,0,0,0,1,0,0,0,0,0,0,0
48,111813,5,0,3,37,1,4,3,0,12.2,4,2020,5,0.0,7.4,2,3,1,0,1,0,1,0,0,0,0,0,0,0,0,0,0,0,1,0,0,0,0,1,0
45,41716,10,9,2,22,1,3,4,2,15.8,30,2015,7,0.9,2.2,2,1,1,1,0,0,0,1,0,1,0,0,0,1,0,0,0,0,1,0,0,0,0,1,0
60,58780,3,0,2,54,1,1,3,4,16.1,29,2022,5,0.0,18.0,3,1,1,1,0,0,0,1,0,0,0,0,1,0,0,0,1,0,1,0,0,0,0,0,0
30,43881,8,1,3,38,1,1,2,1,8.7,27,2017,7,0.12,4.8,0,1,0,0,0,1,0,0,0,1,0,0,0,0,0,0,1,0,0,0,0,0,0,0,0
42,114134,5,5,5,35,1,1,2,0,23.7,19,2020,5,1.0,7.0,2,3,1,0,0,0,1,0,0,0,1,0,0,0,1,0,0,0,1,1,0,0,0,0,0
26,41111,9,2,2,16,0,4,1,4,31.0,22,2016,7,0.22,1.8,0,1,2,0,0,0,1,0,0,0,0,1,0,0,1,0,0,0,0,0,0,0,1,0,0
42,78104,8,5,5,9,1,2,4,0,10.2,16,2017,7,0.62,1.1,2,2,1,0,0,0,0,0,1,0,0,0,0,0,1,0,0,1,0,0,0,0,0,0,0
45,103166,4,4,3,13,1,1,3,5,8.3,2,2021,9,1.0,3.2,2,3,0,1,0,0,0,0,0,0,0,0,1,0,0,1,0,0,0,0,0,0,0,0,0
36,47804,2,2,1,40,0,5,1,4,10.5,6,2023,9,1.0,20.0,1,1,1,1,0,0,0,0,1,0,0,0,1,0,0,0,1,0,0,0,0,0,0,0,0
44,54908,1,1,2,42,0,1,3,4,30.5,22,2024,2,1.0,42.0,2,1,2,0,0,1,0,0,0,0,0,0,1,0,0,1,0,1,0,0,0,1,0,0,0
27,104864,8,2,5,43,1,5,2,3,31.2,10,2017,2,0.25,5.4,0,3,2,0,1,0,1,0,0,0,0,0,1,0,0,1,0,0,1,0,0,0,1,0,0
54,90645,2,0,4,10,1,2,4,0,1.4,2,2023,1,0.0,5.0,3,2,0,1,0,0,0,0,1,0,0,1,0,0,1,0,0,0,1,0,0,0,1,0,0
56,114130,6,4,3,11,1,5,3,1,35.9,0,2019,7,0.67,1.8,3,3,2,1,0,0,1,0,0,0,0,0,0,0,0,0,1,0,1,0,0,1,0,0,0
55,98620,5,0,5,24,1,1,1,4,37.9,2,2020,8,0.0,4.8,3,2,2,0,1,0,0,0,1,0,0,1,0,0,0,1,0,0,1,0,0,0,0,1,0
38,104862,9,7,5,44,1,3,4,5,10.6,7,2016,4,0.78,4.9,1,3,1,0,0,0,1,0,0,0,0,1,0,0,0,0,1,0,1,0,0,0,1,0,0
55,65813,10,5,5,3,0,4,4,1,8.9,16,2015,8,0.5,0.3,3,1,0,0,0,0,0,0,0,1,0,0,0,0,0,0,1,1,0,0,0,0,0,1,0
29,58541,9,1,1,25,1,1,1,1,25.7,30,2016,1,0.11,2.8,0,1,2,0,1,0,1,0,0,0,1,0,0,0,1,0,0,0,1,1,0,0,0,0,0
48,93859,9,8,2,4,0,1,2,4,43.6,15,2016,11,0.89,0.4,2,2,2,1,0,0,1,0,0,0,0,1,0,1,0,0,0,0,1,0,0,1,0,0,0
55,38670,3,0,1,6,1,5,2,1,11.5,29,2022,3,0.0,2.0,3,0,1,1,0,0,0,0,0,0,1,0,0,1,0,0,0,0,1,0,0,1,0,0,0
54,37274,2,0,3,22,1,5,2,4,7.7,16,2023,1,0.0,11.0,3,0,0,0,0,0,1,0,0,1,0,0,0,0,0,0,0,0,1,1,0,0,0,0,0
37,29888,9,4,5,20,0,3,2,2,49.6,22,2016,12,0.44,2.2,1,0,2,0,0,1,0,0,0,0,0,0,0,0,0,1,0,1,0,0,0,0,0,0,1
39,31491,6,6,2,45,0,4,3,0,6.4,26,2019,10,1.0,7.5,1,0,0,1,0,0,0,0,0,0,0,1,0,0,1,0,0,0,1,0,0,0,0,0,1
44,115853,6,6,2,24,0,3,4,3,15.1,10,2019,3,1.0,4.0,2,3,1,0,0,0,0,0,0,0,0,0,0,1,0,0,0,0,1,1,0,0,0,0,0
59,66185,10,6,5,18,1,5,2,5,2.3,11,2015,9,0.6,1.8,3,1,0,0,0,1,0,0,0,0,0,0,0,0,0,0,0,0,1,0,0,0,0,0,1
30,88460,1,0,1,33,0,4,3,0,21.4,24,2024,4,0.0,33.0,0,2,1,1,0,0,1,0,0,0,1,0,0,0,0,0,1,1,0,0,0,0,1,0,0
56,18057,3,1,1,33,0,2,3,4,49.0,3,2022,8,0.33,11.0,3,0,2,0,0,0,1,0,0,0,0,1,0,1,0,0,0,0,0,0,0,0,1,0,0
45,53314,5,0,2,57,0,2,4,3,10.2,4,2020,10,0.0,11.4,2,1,1,0,1,0,0,0,1,0,0,0,1,0,0,1,0,0,1,0,0,0,1,0,0
25,97929,10,7,1,22,1,5,1,2,11.3,22,2015,6,0.7,2.2,0,2,1,0,0,0,0,0,1,0,0,1,0,0,1,0,0,0,0,0,0,0,0,0,0
40,32890,2,1,2,11,1,5,4,5,18.8,21,2023,6,0.5,5.5,1,0,1,1,0,1,0,0,0,0,0,0,1,0,0,0,0,1,0,0,0,0,1,0,0
25,45317,2,1,3,1,1,2,3,0,46.4,2,2023,6,0.5,0.5,0,1,2,0,0,1,0,0,0,0,0,0,1,0,0,1,0,1,0,0,0,0,0,1,0
46,107336,3,1,5,50,1,4,4,4,31.8,0,2022,5,0.33,16.7,2,3,2,0,1,0,1,0,0,0,0,0,1,0,0,0,0,1,0,0,1,0,0,0,0
36,49031,7,5,3,44,0,5,4,4,20.8,16,2018,7,0.71,6.3,1,1,1,0,1,0,0,0,0,0,0,0,1,0,0,0,1,0,1,0,0,1,0,0,0
33,84540,10,10,2,43,1,3,4,5,25.2,17,2015,12,1.0,4.3,1,2,2,1,0,0,0,1,0,0,0,0,1,1,0,0,0,0,0,0,1,0,0,0,0
46,96573,8,3,3,2,0,4,3,4,48.7,0,2017,12,0.38,0.2,2,2,2,0,1,0,0,0,1,0,0,1,0,0,1,0,0,0,0,1,0,0,0,0,0
57,82168,3,2,2,25,0,3,3,0,21.5,19,2022,12,0.67,8.3,3,2,1,0,0,0,1,0,0,0,0,0,1,1,0,0,0,0,1,0,0,0,0,1,0
45,44859,4,1,4,60,0,3,1,4,39.5,16,2021,12,0.25,15.0,2,1,2,0,1,0,0,0,0,1,0,0,0,0,0,0,1,1,0,0,0,0,0,1,0
35,16726,2,2,3,42,1,5,1,2,22.9,10,2023,10,1.0,21.0,1,0,1,0,0,0,0,0,1,0,0,0,0,1,0,0,0,0,0,0,0,0,1,0,0
54,40097,5,2,2,52,0,4,3,2,49.6,23,2020,12,0.4,10.4,3,1,2,0,0,0,1,0,0,0,0,0,1,0,0,1,0,1,0,1,0,0,0,0,0
52,39892,5,1,5,48,0,1,4,4,48.8,19,2020,8,0.2,9.6,3,0,2,0,0,0,0,0,0,0,0,0,0,0,0,0,1,1,0,0,0,0,0,1,0
39,79376,4,2,5,33,1,2,2,1,5.8,1,2021,10,0.5,8.2,1,2,0,1,0,0,1,0,0,0,0,1,0,0,0,1,0,0,0,0,1,0,0,0,0
29,60725,5,0,5,13,0,2,3,4,6.7,5,2020,2,0.0,2.6,0,1,0,0,1,1,0,0,0,0,0,1,0,0,0,0,0,1,0,0,0,0,0,0,0
41,25018,7,0,1,12,0,3,2,4,41.2,21,2018,11,0.0,1.7,2,0,2,0,0,1,0,0,0,0,0,0,0,0,0,0,0,0,0,0,0,0,0,0,1
36,46742,9,4,4,1,0,1,4,2,31.2,6,2016,2,0.44,0.1,1,1,2,0,0,0,0,0,1,1,0,0,0,0,0,1,0,0,0,0,0,1,0,0,0
34,19210,3,2,2,53,0,1,1,5,33.7,0,2022,6,0.67,17.7,1,0,2,0,0,0,0,0,0,0,0,0,1,1,0,0,0,0,0,0,0,0,0,0,0
40,32443,5,1,2,38,0,3,1,0,42.7,15,2020,1,0.2,7.6,1,0,2,0,0,0,0,1,0,0,1,0,0,0,0,1,0,0,1,0,0,0,0,1,0
57,92200,7,3,4,47,0,5,4,1,29.3,6,2018,7,0.43,6.7,3,2,2,0,0,0,0,0,1,0,0,0,1,0,1,0,0,0,0,0,0,0,0,0,0
60,25643,10,8,4,11,0,4,3,5,17.9,5,2015,6,0.8,1.1,3,0,1,0,0,0,0,0,1,1,0,0,0,0,1,0,0,1,0,0,0,0,1,0,0
47,44950,5,2,4,46,0,3,3,0,6.7,7,2020,9,0.4,9.2,2,1,0,0,0,0,0,0,0,0,0,0,1,1,0,0,0,0,1,0,0,1,0,0,0
60,41775,6,6,2,49,0,4,4,0,11.7,28,2019,4,1.0,8.2,3,1,1,0,1,0,0,0,0,1,0,0,0,0,0,0,1,1,0,0,0,0,0,1,0
48,72546,8,0,5,55,1,5,3,5,29.1,19,2017,3,0.0,6.9,2,2,2,1,0,0,0,1,0,0,0,1,0,0,1,0,0,0,1,0,0,1,0,0,0
57,84609,8,6,3,7,1,5,3,5,8.5,19,2017,10,0.75,0.9,3,2,0,0,1,0,1,0,0,1,0,0,0,0,1,0,0,0,1,1,0,0,0,0,0
29,85195,9,8,1,22,1,4,3,1,36.8,22,2016,9,0.89,2.4,0,2,2,0,1,0,0,0,1,0,0,0,0,0,0,0,0,1,0,0,0,0,0,0,1
33,118638,8,6,1,1,0,1,3,3,30.6,19,2017,11,0.75,0.1,1,3,2,0,0,0,0,0,1,0,0,0,1,0,0,1,0,0,0,0,0,0,0,0,0
51,71709,7,0,1,10,1,1,4,2,8.7,16,2018,9,0.0,1.4,3,2,0,1,0,1,0,0,0,0,0,1,0,0,0,0,1,0,0,1,0,0,0,0,0
47,87959,9,8,1,17,1,3,3,5,20.9,13,2016,11,0.89,1.9,2,2,1,1,0,0,0,1,0,1,0,0,0,0,0,0,0,0,0,0,0,0,0,1,0
30,50794,1,0,4,9,1,2,2,4,34.5,13,2024,3,0.0,9.0,0,1,2,0,0,1,0,0,0,0,0,0,0,0,1,0,0,0,0,0,0,0,0,0,1
23,109065,10,6,4,42,1,3,3,4,27.5,19,2015,8,0.6,4.2,0,3,2,1,0,1,0,0,0,0,0,1,0,0,0,1,0,1,0,0,0,0,0,1,0
56,63879,3,0,2,55,1,1,1,4,11.1,24,2022,9,0.0,18.3,3,1,1,1,0,0,0,0,1,0,1,0,0,0,0,1,0,1,0,0,0,1,0,0,0
40,38843,8,5,4,49,0,3,4,2,30.8,15,2017,1,0.62,6.1,1,0,2,0,0,0,0,0,1,0,0,0,1,0,1,0,0,1,0,0,0,0,0,1,0
23,69517,10,5,4,36,0,3,2,5,34.8,22,2015,7,0.5,3.6,0,1,2,0,0,0,1,0,0,0,0,0,1,1,0,0,0,1,0,0,1,0,0,0,0
52,36352,2,1,5,60,1,3,4,1,40.5,29,2023,8,0.5,30.0,3,0,2,0,0,0,0,0,1,0,0,0,1,0,0,1,0,1,0,0,1,0,0,0,0
38,57772,7,0,1,48,1,1,2,4,49.2,7,2018,1,0.0,6.9,1,1,2,0,1,1,0,0,0,0,0,0,0,0,1,0,0,0,1,0,0,0,0,1,0
30,32657,1,1,4,57,0,4,1,3,40.6,0,2024,6,1.0,57.0,0,0,2,0,1,0,0,0,0,0,1,0,0,0,0,1,0,0,0,0,1,0,0,0,0
29,107734,8,1,4,45,0,5,1,1,2.1,25,2017,7,0.12,5.6,0,3,0,0,1,0,0,0,0,0,0,0,1,0,1,0,0,0,1,1,0,0,0,0,0
48,27799,2,0,1,19,0,1,4,0,10.0,14,2023,12,0.0,9.5,2,0,0,1,0,0,0,1,0,0,0,0,0,0,0,0,1,1,0,0,0,0,0,0,1
30,80254,6,5,3,34,0,2,1,1,33.3,6,2019,9,0.83,5.7,0,2,2,0,0,0,0,1,0,1,0,0,0,0,0,0,1,1,0,0,1,0,0,0,0
23,35708,7,3,1,39,1,1,4,5,17.0,25,2018,9,0.43,5.6,0,0,1,0,0,0,0,1,0,0,1,0,0,0,1,0,0,0,1,0,0,0,1,0,0
26,104563,9,9,4,20,0,5,3,4,1.5,6,2016,11,1.0,2.2,0,3,0,0,0,1,0,0,0,1,0,0,0,0,0,0,1,0,1,0,1,0,0,0,0
28,31422,8,1,5,53,1,1,4,1,31.7,23,2017,3,0.12,6.6,0,0,2,0,0,0,0,0,0,0,0,0,0,0,0,1,0,1,0,1,0,0,0,0,0
38,117560,3,2,2,14,0,3,4,2,43.1,6,2022,11,0.67,4.7,1,3,2,1,0,0,0,0,0,0,0,1,0,0,1,0,0,1,0,1,0,0,0,0,0
25,43819,3,0,2,43,1,1,2,2,26.0,25,2022,6,0.0,14.3,0,1,2,0,1,0,0,0,0,0,1,0,0,0,1,0,0,0,0,0,0,0,0,0,0
39,117350,5,3,2,44,1,5,3,3,38.2,8,2020,1,0.6,8.8,1,3,2,1,0,1,0,0,0,1,0,0,0,0,0,0,1,0,0,0,0,1,0,0,0
43,81891,3,3,1,18,0,3,4,4,47.8,17,2022,10,1.0,6.0,2,2,2,0,0,0,0,1,0,1,0,0,0,0,0,0,1,0,0,1,0,0,0,0,0
33,45384,4,2,4,27,1,1,3,5,29.7,21,2021,3,0.5,6.8,1,1,2,0,0,0,1,0,0,0,1,0,0,1,0,0,0,0,1,0,1,0,0,0,0
39,81645,2,1,2,58,0,4,1,1,44.0,4,2023,9,0.5,29.0,1,2,2,1,0,0,1,0,0,1,0,0,0,0,0,0,1,0,1,1,0,0,0,0,0
27,72595,8,1,1,50,0,2,1,5,38.3,17,2017,7,0.12,6.2,0,2,2,0,1,0,1,0,0,1,0,0,0,0,0,1,0,0,1,0,0,0,0,1,0
32,49788,9,6,5,20,1,1,1,3,49.3,24,2016,1,0.67,2.2,1,1,2,0,1,0,1,0,0,0,0,0,1,0,0,0,0,0,0,0,0,0,0,0,0
42,112828,7,5,5,6,1,4,3,2,49.4,22,2018,4,0.71,0.9,2,3,2,0,0,0,0,0,0,1,0,0,0,0,0,1,0,1,0,0,0,0,0,1,0
36,87622,7,7,2,23,0,2,4,2,45.2,7,2018,5,1.0,3.3,1,2,2,0,0,0,1,0,0,0,0,1,0,0,0,0,0,1,0,0,1,0,0,0,0
53,20407,8,5,1,38,0,3,1,1,31.7,2,2017,7,0.62,4.8,3,0,2,0,1,0,0,0,0,0,0,0,0,0,0,0,0,0,1,0,0,0,0,0,1
38,83543,5,2,3,56,0,3,1,0,2.1,2,2020,12,0.4,11.2,1,2,0,0,1,0,0,0,0,0,0,0,1,1,0,0,0,0,0,0,0,1,0,0,0
31,68570,9,1,2,57,0,4,4,5,19.0,18,2016,6,0.11,6.3,1,1,1,0,0,0,0,0,0,0,0,0,0,0,0,0,0,1,0,0,0,0,0,0,1
42,29086,9,7,4,20,0,1,4,1,22.2,10,2016,2,0.78,2.2,2,0,1,1,0,0,0,1,0,0,0,0,0,0,1,0,0,1,0,0,0,0,1,0,0
44,111758,3,0,1,9,0,1,3,4,16.0,6,2022,6,0.0,3.0,2,3,1,1,0,0,1,0,0,1,0,0,0,0,1,0,0,1,0,1,0,0,0,0,0
29,82398,4,2,3,42,0,2,1,3,16.2,8,2021,3,0.5,10.5,0,2,1,0,1,0,1,0,0,1,0,0,0,0,0,1,0,0,1,0,0,0,0,0,0
44,97181,9,0,4,37,1,5,2,1,31.2,10,2016,3,0.0,4.1,2,2,2,0,0,0,0,0,0,0,0,1,0,0,0,1,0,0,1,0,0,0,1,0,0
29,88428,7,7,2,39,1,2,1,4,48.9,7,2018,10,1.0,5.6,0,2,2,1,0,0,0,0,0,0,0,1,0,1,0,0,0,0,1,1,0,0,0,0,0
42,56789,2,2,2,33,0,3,4,0,44.3,27,2023,4,1.0,16.5,2,1,2,0,0,1,0,0,0,1,0,0,0,0,0,0,1,1,0,0,0,1,0,0,0
28,71501,2,0,3,13,1,5,3,2,16.1,19,2023,3,0.0,6.5,0,2,1,1,0,1,0,0,0,0,0,0,0,0,0,0,1,0,0,0,0,0,0,0,0
29,91198,8,2,2,40,0,5,1,0,20.9,28,2017,7,0.25,5.0,0,2,1,0,1,0,0,1,0,0,1,0,0,0,1,0,0,0,1,0,0,1,0,0,0
55,22863,3,3,1,29,0,2,4,1,42.8,9,2022,8,1.0,9.7,3,0,2,0,1,0,0,0,0,1,0,0,0,0,0,0,0,1,0,0,0,0,1,0,0
29,25287,9,0,1,14,0,1,2,3,2.6,22,2016,3,0.0,1.6,0,0,0,0,1,0,1,0,0,1,0,0,0,0,0,1,0,0,0,0,0,1,0,0,0
44,20750,4,4,4,3,1,3,4,4,32.0,14,2021,1,1.0,0.8,2,0,2,0,0,0,0,0,1,0,0,0,0,0,0,0,1,0,1,0,0,0,0,1,0
24,65846,9,3,4,14,0,5,3,5,10.3,27,2016,6,0.33,1.6,0,1,1,0,0,0,0,1,0,0,0,1,0,0,0,0,0,1,0,0,0,0,0,0,0
24,116197,2,2,5,25,0,3,1,4,14.2,12,2023,7,1.0,12.5,0,3,1,0,1,1,0,0,0,0,0,1,0,0,0,1,0,0,1,0,0,0,0,0,0
43,112638,5,4,2,11,1,2,4,1,13.8,0,2020,3,0.8,2.2,2,3,1,0,1,1,0,0,0,0,1,0,0,1,0,0,0,0,0,0,0,0,0,0,1
42,25478,2,0,3,32,1,1,4,2,40.8,11,2023,6,0.0,16.0,2,0,2,0,0,0,0,0,0,0,0,0,1,1,0,0,0,1,0,0,0,0,1,0,0
37,70449,4,3,5,54,0,1,2,0,19.4,22,2021,10,0.75,13.5,1,2,1,1,0,0,1,0,0,0,0,0,1,0,0,1,0,0,0,0,0,0,0,0,0
22,85783,2,1,4,58,0,3,2,0,16.2,28,2023,2,0.5,29.0,0,2,1,0,1,1,0,0,0,0,1,0,0,0,0,0,0,0,0,0,0,0,0,1,0
42,76657,8,0,2,4,0,4,1,1,39.7,2,2017,2,0.0,0.5,2,2,2,0,0,0,0,0,1,1,0,0,0,1,0,0,0,0,0,0,0,0,0,0,0
31,29887,9,4,4,27,1,1,1,4,39.1,25,2016,5,0.44,3.0,1,0,2,0,0,0,0,1,0,0,1,0,0,0,0,0,1,1,0,0,0,1,0,0,0
54,95082,6,6,2,39,0,5,4,3,6.0,8,2019,11,1.0,6.5,3,2,0,1,0,0,0,0,1,0,0,0,0,0,0,1,0,1,0,0,1,0,0,0,0
41,43855,2,1,2,9,0,3,1,3,20.2,17,2023,12,0.5,4.5,2,1,1,0,1,0,0,1,0,0,0,0,1,0,0,1,0,0,0,0,0,0,0,0,1
37,46666,4,1,3,0,1,5,4,2,20.4,22,2021,4,0.25,0.0,1,1,1,0,1,0,0,0,1,0,1,0,0,0,0,0,1,0,1,0,0,0,0,0,1
31,115897,2,2,3,3,0,4,3,5,2.2,18,2023,10,1.0,1.5,1,3,0,0,1,0,1,0,0,0,0,0,0,0,1,0,0,0,1,1,0,0,0,0,0
41,86845,10,5,1,54,0,4,2,3,16.1,17,2015,12,0.5,5.4,2,2,1,0,0,0,0,0,0,0,0,0,0,1,0,0,0,0,0,0,0,0,0,0,0
54,21972,1,1,1,54,1,2,4,5,4.7,3,2024,1,1.0,54.0,3,0,0,0,0,0,0,1,0,0,0,1,0,1,0,0,0,1,0,0,0,1,0,0,0
60,102745,3,1,2,43,1,5,2,0,16.8,13,2022,10,0.33,14.3,3,3,1,0,0,0,0,1,0,1,0,0,0,0,0,1,0,1,0,0,0,0,1,0,0
23,116549,5,5,1,3,0,2,1,3,8.0,9,2020,2,1.0,0.6,0,3,0,0,0,0,1,0,0,0,0,0,0,1,0,0,0,0,0,1,0,0,0,0,0
25,40418,6,0,2,44,0,4,2,3,20.1,20,2019,11,0.0,7.3,0,1,1,0,1,1,0,0,0,0,0,0,0,0,0,0,1,1,0,0,0,0,1,0,0
41,97907,7,4,4,18,0,2,3,2,36.3,25,2018,5,0.57,2.6,2,2,2,1,0,0,0,1,0,0,1,0,0,1,0,0,0,0,0,0,1,0,0,0,0
39,115503,7,2,3,58,0,4,3,2,22.4,25,2018,5,0.29,8.3,1,3,1,0,0,0,1,0,0,1,0,0,0,1,0,0,0,0,0,0,0,1,0,0,0
57,38240,7,4,3,30,0,3,2,0,4.5,5,2018,8,0.57,4.3,3,0,0,0,1,0,1,0,0,0,1,0,0,0,0,0,1,0,1,0,1,0,0,0,0
55,66637,9,7,3,42,1,2,1,2,49.5,30,2016,12,0.78,4.7,3,1,2,0,1,0,0,0,0,0,0,0,0,0,0,0,1,0,1,0,0,0,0,0,0
33,35040,7,4,2,19,0,4,3,1,12.6,28,2018,1,0.57,2.7,1,0,1,0,0,1,0,0,0,0,0,1,0,1,0,0,0,1,0,1,0,0,0,0,0
59,67831,5,5,3,6,0,4,4,5,19.0,22,2020,5,1.0,1.2,3,1,1,1,0,0,0,0,1,0,0,1,0,0,0,0,1,1,0,0,0,1,0,0,0
46,90284,2,1,5,37,0,2,3,2,40.0,2,2023,10,0.5,18.5,2,2,2,1,0,1,0,0,0,1,0,0,0,0,1,0,0,0,1,0,0,0,0,1,0
56,108256,3,2,3,3,1,5,4,3,44.3,11,2022,5,0.67,1.0,3,3,2,1,0,0,0,1,0,1,0,0,0,0,1,0,0,1,0,0,0,0,0,1,0
45,118547,4,3,3,12,0,1,3,5,35.8,27,2021,6,0.75,3.0,2,3,2,1,0,0,0,0,1,0,0,0,0,0,0,0,1,1,0,0,0,0,1,0,0
25,57759,1,0,4,32,1,1,2,0,9.2,7,2024,2,0.0,32.0,0,1,0,1,0,0,1,0,0,0,0,0,0,0,0,1,0,1,0,0,1,0,0,0,0
55,24830,5,0,3,40,0,4,1,0,26.2,28,2020,8,0.0,8.0,3,0,2,1,0,0,0,0,1,0,0,1,0,0,1,0,0,1,0,0,0,1,0,0,0
54,100240,6,5,5,52,0,1,3,1,16.2,7,2019,9,0.83,8.7,3,3,1,1,0,0,0,0,0,0,0,0,0,0,0,1,0,0,1,0,0,1,0,0,0
59,66147,9,0,4,20,1,4,4,1,4.8,25,2016,3,0.0,2.2,3,1,0,0,0,0,1,0,0,0,0,0,0,0,0,1,0,1,0,0,0,0,1,0,0
58,86745,5,0,5,27,0,5,4,4,30.2,2,2020,4,0.0,5.4,3,2,2,0,1,0,0,0,1,0,1,0,0,1,0,0,0,0,1,1,0,0,0,0,0
44,82901,2,0,5,23,1,3,3,4,33.3,30,2023,8,0.0,11.5,2,2,2,0,1,0,0,0,0,1,0,0,0,0,0,0,0,0,0,0,0,0,0,1,0
44,58717,7,1,4,27,0,2,4,5,44.0,29,2018,1,0.14,3.9,2,1,2,0,0,0,0,0,1,0,1,0,0,1,0,0,0,1,0,0,0,0,1,0,0
24,115219,9,3,4,55,0,5,4,4,27.2,23,2016,11,0.33,6.1,0,3,2,0,0,0,1,0,0,0,0,0,0,0,0,1,0,0,0,0,0,0,0,0,1
41,99837,6,1,4,10,0,1,1,2,13.1,23,2019,9,0.17,1.7,2,2,1,0,1,0,1,0,0,1,0,0,0,0,0,0,0,0,1,0,0,0,1,0,0
44,76213,4,4,5,51,1,5,4,3,29.9,27,2021,9,1.0,12.8,2,2,2,1,0,0,0,1,0,1,0,0,0,0,1,0,0,1,0,0,0,1,0,0,0
47,24027,4,4,4,0,1,5,4,1,7.8,8,2021,1,1.0,0.0,2,0,0,0,1,0,1,0,0,0,0,0,1,0,0,0,1,0,0,0,1,0,0,0,0
22,65314,3,0,4,22,1,1,1,5,37.1,6,2022,7,0.0,7.3,0,1,2,1,0,0,0,0,0,0,0,1,0,0,0,0,1,0,1,0,0,0,0,0,1
24,15498,10,7,4,39,0,3,2,1,1.2,28,2015,7,0.7,3.9,0,0,0,0,1,0,0,0,1,0,0,0,1,0,0,0,1,1,0,0,0,0,1,0,0
39,88924,8,1,4,38,0,1,1,2,35.9,25,2017,5,0.12,4.8,1,2,2,0,1,0,0,0,0,0,0,0,1,0,0,0,1,1,0,0,0,1,0,0,0
40,119153,9,8,3,21,0,5,3,5,22.8,12,2016,10,0.89,2.3,1,3,1,1,0,0,0,1,0,0,0,0,0,0,0,0,0,0,1,0,0,0,0,1,0
50,62810,7,6,3,51,0,5,4,3,5.1,23,2018,4,0.86,7.3,2,1,0,0,0,0,0,0,0,0,1,0,0,0,0,1,0,0,1,0,0,1,0,0,0
55,37362,5,2,3,59,0,3,1,4,32.2,11,2020,5,0.4,11.8,3,0,2,0,0,0,0,0,1,0,0,0,0,0,1,0,0,1,0,0,0,0,1,0,0
54,89230,5,5,1,50,1,1,1,1,31.9,6,2020,6,1.0,10.0,3,2,2,0,0,0,0,0,0,0,0,0,1,0,0,0,0,0,0,0,0,0,0,0,0
49,70497,10,9,5,22,0,2,1,2,30.2,15,2015,12,0.9,2.2,2,2,2,0,1,1,0,0,0,0,0,0,1,0,0,1,0,1,0,1,0,0,0,0,0
45,46114,3,2,3,54,0,3,3,0,15.1,6,2022,8,0.67,18.0,2,1,1,0,1,1,0,0,0,0,1,0,0,0,1,0,0,0,0,1,0,0,0,0,0
25,38204,4,2,2,11,1,1,2,5,6.9,7,2021,10,0.5,2.8,0,0,0,0,1,1,0,0,0,0,0,1,0,0,0,0,0,0,0,1,0,0,0,0,0
37,85819,8,8,5,48,1,3,1,0,42.9,9,2017,4,1.0,6.0,1,2,2,1,0,0,0,0,0,0,0,1,0,0,0,0,1,0,0,1,0,0,0,0,0
27,83065,7,2,3,12,1,4,1,1,11.9,14,2018,9,0.29,1.7,0,2,1,1,0,1,0,0,0,0,1,0,0,0,0,0,0,0,1,0,0,0,0,1,0
24,69943,3,2,2,19,0,5,3,4,18.4,4,2022,5,0.67,6.3,0,1,1,0,0,1,0,0,0,1,0,0,0,1,0,0,0,0,0,0,0,0,0,0,1
39,114613,1,1,4,42,1,2,1,1,41.1,15,2024,3,1.0,42.0,1,3,2,1,0,0,0,0,0,1,0,0,0,0,0,1,0,0,0,0,1,0,0,0,0
31,115376,8,3,4,60,1,4,4,4,26.0,8,2017,6,0.38,7.5,1,3,2,1,0,0,0,0,0,1,0,0,0,0,1,0,0,1,0,0,0,0,0,1,0
32,58465,7,1,5,57,1,1,4,3,49.3,13,2018,9,0.14,8.1,1,1,2,0,0,0,0,1,0,0,0,0,0,0,1,0,0,0,0,0,0,1,0,0,0
35,59977,2,2,5,53,1,2,2,0,47.7,8,2023,7,1.0,26.5,1,1,2,0,1,0,0,1,0,0,0,0,1,1,0,0,0,1,0,0,0,0,0,1,0
40,111563,10,6,3,35,1,3,1,4,27.0,25,2015,12,0.6,3.5,1,3,2,1,0,0,0,1,0,0,0,0,1,0,1,0,0,1,0,1,0,0,0,0,0
49,43221,2,1,2,43,1,4,1,2,41.2,17,2023,6,0.5,21.5,2,1,2,1,0,0,0,1,0,0,1,0,0,0,0,0,0,1,0,0,0,0,0,0,0
40,103807,5,4,1,49,0,2,1,0,16.4,27,2020,5,0.8,9.8,1,3,1,0,1,1,0,0,0,0,0,1,0,0,0,0,1,1,0,0,0,1,0,0,0
33,89975,6,5,2,54,1,5,2,2,16.4,3,2019,4,0.83,9.0,1,2,1,0,1,0,1,0,0,0,1,0,0,0,1,0,0,0,0,0,0,0,0,0,0
51,105335,9,4,4,35,0,1,1,5,21.8,21,2016,10,0.44,3.9,3,3,1,0,0,0,1,0,0,0,0,0,0,0,0,0,1,0,1,0,0,0,1,0,0
50,52243,8,4,5,58,1,3,2,5,40.1,5,2017,6,0.5,7.2,2,1,2,0,0,0,1,0,0,0,0,0,0,0,0,0,1,0,0,0,1,0,0,0,0
36,67059,3,3,5,32,0,4,2,1,28.7,16,2022,8,1.0,10.7,1,1,2,1,0,0,0,0,0,1,0,0,0,0,0,0,1,0,0,1,0,0,0,0,0
32,118741,4,3,3,33,0,2,4,5,40.0,1,2021,11,0.75,8.2,1,3,2,0,0,0,0,1,0,0,0,0,0,0,0,0,1,0,1,0,1,0,0,0,0
38,115517,8,2,4,53,1,2,2,5,25.1,9,2017,12,0.25,6.6,1,3,2,1,0,0,1,0,0,0,0,0,0,0,0,0,0,1,0,1,0,0,0,0,0
50,57288,8,6,3,31,0,5,3,1,2.9,26,2017,7,0.75,3.9,2,1,0,0,0,0,1,0,0,1,0,0,0,1,0,0,0,0,0,0,0,0,0,1,0
40,100890,7,1,1,58,0,5,4,1,41.4,16,2018,3,0.14,8.3,1,3,2,1,0,0,1,0,0,0,1,0,0,0,0,0,1,0,0,0,1,0,0,0,0
48,25421,7,3,4,19,1,5,2,0,32.8,5,2018,4,0.43,2.7,2,0,2,0,1,0,0,1,0,0,1,0,0,0,0,1,0,0,1,0,0,0,1,0,0
47,75958,4,4,2,7,1,2,1,2,23.9,7,2021,6,1.0,1.8,2,2,1,0,1,0,0,0,0,0,0,0,1,0,1,0,0,1,0,1,0,0,0,0,0
23,110214,2,0,1,11,0,2,4,1,30.8,4,2023,4,0.0,5.5,0,3,2,1,0,1,0,0,0,0,0,1,0,0,1,0,0,0,0,0,1,0,0,0,0
41,85154,5,4,1,58,0,1,2,4,1.8,11,2020,11,0.8,11.6,2,2,0,1,0,1,0,0,0,1,0,0,0,0,1,0,0,1,0,0,0,0,0,0,0
33,30627,4,0,3,41,1,4,1,2,30.9,20,2021,3,0.0,10.2,1,0,2,0,0,0,0,0,0,0,0,0,1,0,1,0,0,0,1,0,0,0,0,1,0
40,105267,6,1,5,0,0,5,4,2,11.9,29,2019,8,0.17,0.0,1,3,1,0,0,0,0,0,0,0,1,0,0,0,0,1,0,1,0,0,0,0,0,1,0
35,94344,7,2,3,18,0,4,1,4,37.9,21,2018,5,0.29,2.6,1,2,2,1,0,0,0,1,0,0,0,0,0,1,0,0,0,0,1,0,0,0,0,1,0
34,65062,7,7,4,11,0,2,3,5,21.0,30,2018,9,1.0,1.6,1,1,1,0,0,0,0,1,0,1,0,0,0,1,0,0,0,0,1,0,0,0,0,1,0
45,91020,5,2,2,53,0,3,3,3,23.3,10,2020,8,0.4,10.6,2,2,1,1,0,0,0,0,1,1,0,0,0,0,0,0,1,0,1,0,0,0,0,1,0
47,19516,3,3,1,17,1,4,4,5,25.9,24,2022,4,1.0,5.7,2,0,2,1,0,0,0,0,0,0,0,1,0,0,0,1,0,0,1,0,0,0,0,1,0
23,102057,6,2,4,53,0,4,4,1,36.2,0,2019,2,0.33,8.8,0,3,2,1,0,0,0,0,1,0,1,0,0,0,0,0,1,0,1,0,0,0,0,1,0
57,119809,5,3,1,18,1,1,1,1,9.6,28,2020,1,0.6,3.6,3,3,0,0,1,0,1,0,0,0,0,1,0,1,0,0,0,0,1,0,0,0,0,0,0
50,34022,4,2,2,1,1,2,4,0,25.1,12,2021,8,0.5,0.2,2,0,2,1,0,0,0,1,0,0,0,0,1,0,0,0,0,0,0,0,1,0,0,0,0
50,83643,6,3,4,48,0,4,2,1,37.0,7,2019,6,0.5,8.0,2,2,2,0,0,0,1,0,0,0,0,0,0,0,0,0,1,1,0,0,0,0,0,1,0
25,15954,1,0,4,54,1,1,2,3,39.0,28,2024,4,0.0,54.0,0,0,2,0,1,0,0,0,0,1,0,0,0,0,0,0,0,1,0,0,0,0,0,0,0
49,109089,9,7,3,8,0,1,1,5,33.1,4,2016,12,0.78,0.9,2,3,2,0,0,0,1,0,0,0,0,0,0,0,0,0,1,0,1,0,0,0,0,1,0
45,91954,7,2,2,29,1,3,3,0,38.8,19,2018,12,0.29,4.1,2,2,2,0,1,0,1,0,0,0,1,0,0,0,0,1,0,0,1,0,0,0,0,0,1
49,98617,2,2,2,35,0,3,1,5,4.7,24,2023,4,1.0,17.5,2,2,0,1,0,0,0,0,0,0,0,1,0,0,0,0,0,0,0,0,0,1,0,0,0
41,46374,2,2,4,33,1,3,1,1,39.0,1,2023,3,1.0,16.5,2,1,2,0,1,1,0,0,0,0,0,0,0,0,0,0,1,0,0,0,0,0,1,0,0
25,74486,2,2,3,54,1,2,1,4,48.0,15,2023,4,1.0,27.0,0,2,2,0,0,0,0,0,0,0,0,1,0,0,0,1,0,0,1,0,0,0,1,0,0
46,28964,4,0,2,52,0,4,3,0,48.6,28,2021,8,0.0,13.0,2,0,2,1,0,0,0,1,0,0,0,0,0,0,0,0,1,0,0,1,0,0,0,0,0
39,54977,6,0,5,53,1,2,3,5,20.5,13,2019,2,0.0,8.8,1,1,1,0,0,0,0,1,0,1,0,0,0,0,0,1,0,1,0,1,0,0,0,0,0
59,34303,7,7,4,46,0,4,2,5,48.8,16,2018,7,1.0,6.6,3,0,2,0,1,0,0,0,1,1,0,0,0,0,0,1,0,0,1,0,0,0,0,0,1
22,115779,7,4,3,9,0,2,3,1,5.3,26,2018,4,0.57,1.3,0,3,0,0,0,0,0,0,0,0,0,1,0,0,0,0,0,0,1,0,0,0,0,1,0
38,71632,5,3,3,44,1,1,1,2,35.0,8,2020,3,0.6,8.8,1,2,2,0,1,0,0,0,1,0,0,0,1,0,1,0,0,1,0,0,0,1,0,0,0
44,69718,2,2,2,54,0,5,3,5,9.3,25,2023,5,1.0,27.0,2,1,0,0,0,0,0,0,1,0,1,0,0,1,0,0,0,0,0,0,0,0,1,0,0
47,50492,6,5,4,18,0,3,4,2,38.8,22,2019,3,0.83,3.0,2,1,2,0,0,0,0,0,1,0,0,0,0,0,0,1,0,0,0,0,0,0,1,0,0
24,56794,7,2,3,32,0,1,4,4,45.3,26,2018,8,0.29,4.6,0,1,2,1,0,0,0,0,0,1,0,0,0,0,0,0,1,0,0,0,1,0,0,0,0
34,109656,5,5,2,52,1,1,4,5,44.4,23,2020,8,1.0,10.4,1,3,2,0,0,0,1,0,0,0,0,1,0,0,0,1,0,1,0,0,0,0,0,0,0
28,93407,3,0,3,21,1,1,2,0,39.0,25,2022,7,0.0,7.0,0,2,2,0,0,0,0,0,1,0,0,0,1,1,0,0,0,0,0,0,0,1,0,0,0
58,69580,8,8,1,7,1,1,1,3,9.3,27,2017,12,1.0,0.9,3,1,0,0,1,0,0,1,0,0,1,0,0,0,0,1,0,1,0,0,0,0,1,0,0
26,95535,5,1,4,30,0,4,3,3,21.4,2,2020,7,0.2,6.0,0,2,1,0,1,0,1,0,0,1,0,0,0,0,0,1,0,0,1,0,0,0,0,0,0
45,35654,2,0,2,48,0,3,4,3,20.8,0,2023,12,0.0,24.0,2,0,1,0,0,0,0,0,0,1,0,0,0,1,0,0,0,0,0,0,1,0,0,0,0
40,66431,8,7,2,47,1,5,3,3,22.6,0,2017,5,0.88,5.9,1,1,1,0,0,0,0,0,1,0,0,0,1,0,0,1,0,1,0,0,0,0,0,1,0
40,117252,7,1,2,37,0,4,3,0,30.9,21,2018,11,0.14,5.3,1,3,2,0,0,0,1,0,0,1,0,0,0,0,1,0,0,1,0,0,0,0,0,0,1
51,67438,5,4,1,36,1,4,1,1,33.7,5,2020,8,0.8,7.2,3,1,2,1,0,0,0,0,0,0,0,0,1,1,0,0,0,1,0,0,1,0,0,0,0
52,58167,2,0,4,8,1,1,2,2,2.4,16,2023,5,0.0,4.0,3,1,0,0,0,0,0,0,0,0,0,0,1,1,0,0,0,0,0,0,0,1,0,0,0
48,108688,3,0,2,39,0,3,4,0,10.5,14,2022,9,0.0,13.0,2,3,1,1,0,0,1,0,0,0,1,0,0,0,0,0,0,0,0,0,1,0,0,0,0
57,112540,2,0,2,1,0,2,1,2,16.8,28,2023,1,0.0,0.5,3,3,1,1,0,0,1,0,0,0,1,0,0,0,0,0,0,0,1,0,0,0,0,0,0
49,59635,2,1,4,17,0,4,1,0,43.4,20,2023,9,0.5,8.5,2,1,2,0,1,0,1,0,0,0,0,1,0,0,0,0,0,0,0,0,0,0,0,0,1
39,111262,8,8,2,15,0,1,3,4,15.2,20,2017,10,1.0,1.9,1,3,1,0,0,0,0,0,1,0,0,0,1,0,1,0,0,1,0,0,0,0,0,1,0
51,97139,5,4,3,28,1,4,4,5,5.2,3,2020,8,0.8,5.6,3,2,0,1,0,0,0,0,1,0,0,0,1,0,1,0,0,0,0,0,0,0,0,1,0
60,81063,3,0,4,21,0,4,2,0,36.4,28,2022,1,0.0,7.0,3,2,2,1,0,0,1,0,0,0,0,1,0,0,1,0,0,0,1,0,1,0,0,0,0
27,98217,9,4,2,34,1,1,2,5,23.6,20,2016,6,0.44,3.8,0,2,1,0,0,0,1,0,0,1,0,0,0,0,0,0,1,1,0,0,0,0,1,0,0
23,96823,2,1,2,3,0,5,4,5,34.2,29,2023,9,0.5,1.5,0,2,2,0,0,0,0,0,0,1,0,0,0,0,0,1,0,1,0,0,0,0,0,0,1
29,110477,8,3,4,37,0,2,2,0,21.8,26,2017,10,0.38,4.6,0,3,1,0,0,0,0,0,0,1,0,0,0,0,0,1,0,0,1,0,0,0,0,1,0
39,38773,5,5,3,22,0,4,4,4,46.8,11,2020,4,1.0,4.4,1,0,2,0,1,0,0,0,1,0,1,0,0,0,0,0,0,0,0,0,1,0,0,0,0
42,19736,5,4,3,0,0,3,2,1,38.0,16,2020,4,0.8,0.0,2,0,2,0,1,0,1,0,0,0,0,0,1,1,0,0,0,0,0,0,1,0,0,0,0
58,83802,5,0,3,60,1,5,3,3,29.3,4,2020,3,0.0,12.0,3,2,2,1,0,0,0,0,1,0,0,0,0,1,0,0,0,0,0,0,0,0,1,0,0
43,67006,2,0,4,56,1,1,4,2,32.6,25,2023,10,0.0,28.0,2,1,2,0,0,1,0,0,0,1,0,0,0,0,0,0,1,0,0,0,0,0,0,1,0
53,25386,4,2,1,42,1,5,1,3,6.9,15,2021,12,0.5,10.5,3,0,0,0,1,0,0,0,0,0,0,0,1,1,0,0,0,0,0,0,1,0,0,0,0
51,83630,6,1,1,44,0,2,1,4,27.3,16,2019,3,0.17,7.3,3,2,2,0,0,1,0,0,0,0,0,1,0,0,0,0,0,0,1,0,1,0,0,0,0
22,56384,7,3,1,5,1,3,4,4,28.6,1,2018,10,0.43,0.7,0,1,2,1,0,0,0,1,0,0,0,0,0,1,0,0,0,1,0,0,0,0,0,1,0
33,98632,2,0,3,8,0,2,2,4,2.9,27,2023,12,0.0,4.0,1,2,0,0,0,0,1,0,0,0,0,0,1,0,0,0,1,1,0,0,0,1,0,0,0
57,42784,3,3,2,17,0,5,1,4,18.0,24,2022,3,1.0,5.7,3,1,1,0,0,0,0,1,0,0,1,0,0,0,0,0,1,1,0,1,0,0,0,0,0
47,66656,1,0,2,53,1,1,3,3,4.8,3,2024,2,0.0,53.0,2,1,0,0,0,0,0,0,1,1,0,0,0,0,0,0,1,0,0,0,0,0,0,0,1
59,29703,2,1,4,17,0,3,4,0,24.1,21,2023,1,0.5,8.5,3,0,1,0,0,0,0,0,1,1,0,0,0,1,0,0,0,1,0,0,0,0,0,0,0
58,65056,8,3,3,2,1,5,1,4,36.5,19,2017,6,0.38,0.2,3,1,2,0,0,0,1,0,0,1,0,0,0,0,0,0,0,0,0,0,0,0,0,0,1
36,88041,3,1,2,43,1,3,1,2,31.7,23,2022,5,0.33,14.3,1,2,2,1,0,0,0,1,0,0,0,0,0,0,0,0,0,0,0,0,0,0,0,0,1
46,35006,7,6,3,60,0,5,2,2,31.9,4,2018,1,0.86,8.6,2,0,2,0,0,0,0,1,0,1,0,0,0,0,0,1,0,0,1,0,1,0,0,0,0
23,21892,6,4,3,60,1,3,2,0,43.0,24,2019,1,0.67,10.0,0,0,2,1,0,0,1,0,0,0,0,0,0,0,0,0,0,0,1,0,0,0,1,0,0
25,80142,2,1,1,32,0,4,1,5,33.7,29,2023,11,0.5,16.0,0,2,2,1,0,0,1,0,0,0,1,0,0,0,0,0,0,0,1,1,0,0,0,0,0
51,85892,6,2,1,48,1,2,1,3,10.4,17,2019,11,0.33,8.0,3,2,1,1,0,0,1,0,0,0,0,1,0,0,0,0,1,0,1,0,0,1,0,0,0
49,78263,2,1,5,19,1,5,2,1,49.1,24,2023,9,0.5,9.5,2,2,2,1,0,0,0,0,1,0,0,0,0,0,0,1,0,1,0,0,0,0,0,1,0
24,96143,3,0,2,35,1,4,3,0,31.1,18,2022,12,0.0,11.7,0,2,2,0,1,0,0,0,0,0,0,0,0,0,0,0,1,1,0,0,0,1,0,0,0
51,36711,9,2,2,46,1,5,4,0,23.4,24,2016,2,0.22,5.1,3,0,1,1,0,1,0,0,0,0,0,0,1,0,0,1,0,0,1,0,1,0,0,0,0
32,29651,8,2,2,24,0,4,1,1,13.2,16,2017,6,0.25,3.0,1,0,1,0,1,1,0,0,0,0,0,1,0,0,0,0,1,0,1,0,0,1,0,0,0
30,51387,1,0,2,18,0,2,2,2,27.1,28,2024,4,0.0,18.0,0,1,2,0,0,1,0,0,0,0,1,0,0,0,0,0,0,0,1,0,0,0,0,0,0
25,47957,3,1,5,46,1,3,4,1,27.0,28,2022,12,0.33,15.3,0,1,2,0,0,0,0,0,1,0,0,1,0,0,0,1,0,0,0,0,0,0,0,0,1
42,36179,3,2,2,20,0,1,1,3,40.9,26,2022,10,0.67,6.7,2,0,2,0,0,0,0,1,0,0,0,1,0,0,0,0,0,1,0,0,0,0,0,0,1
39,25780,2,1,2,52,0,4,1,0,45.9,7,2023,3,0.5,26.0,1,0,2,1,0,0,0,0,1,1,0,0,0,0,0,0,1,1,0,0,0,1,0,0,0
35,38041,4,2,3,9,0,5,1,2,27.1,29,2021,7,0.5,2.2,1,0,2,0,1,0,0,1,0,0,0,1,0,0,0,1,0,0,1,0,0,0,0,1,0
59,114017,1,0,3,5,1,4,2,1,13.2,15,2024,4,0.0,5.0,3,3,1,0,0,0,1,0,0,1,0,0,0,0,0,0,0,0,0,0,0,0,0,0,0
39,79259,10,9,2,31,0,1,2,0,12.1,16,2015,7,0.9,3.1,1,2,1,1,0,0,0,0,0,0,0,1,0,0,0,1,0,1,0,0,0,0,0,1,0
60,30047,4,3,5,24,0,1,2,5,7.2,1,2021,1,0.75,6.0,3,0,0,1,0,0,0,1,0,0,0,0,1,0,1,0,0,1,0,0,0,0,0,0,1
38,31181,10,9,3,3,0,5,3,0,10.5,0,2015,8,0.9,0.3,1,0,1,0,0,0,0,1,0,1,0,0,0,0,1,0,0,1,0,0,1,0,0,0,0
27,112780,4,0,2,52,1,2,1,4,39.9,2,2021,11,0.0,13.0,0,3,2,0,1,0,0,1,0,0,0,0,1,0,0,1,0,1,0,0,0,0,1,0,0
40,74264,2,0,1,15,1,3,2,2,29.8,7,2023,3,0.0,7.5,1,2,2,0,0,0,0,1,0,0,1,0,0,0,0,0,0,0,0,0,0,0,0,0,1
35,22859,6,2,1,8,0,3,3,5,32.6,4,2019,9,0.33,1.3,1,0,2,1,0,0,1,0,0,0,1,0,0,0,0,0,1,0,0,0,0,0,0,1,0
24,89101,4,2,3,44,0,5,1,1,33.4,4,2021,11,0.5,11.0,0,2,2,0,1,0,0,1,0,1,0,0,0,0,0,0,1,0,0,0,0,0,0,1,0
53,28033,5,1,2,3,0,4,2,3,37.0,7,2020,12,0.2,0.6,3,0,2,1,0,0,0,0,1,0,0,0,1,0,1,0,0,0,0,0,0,0,0,1,0
56,37904,8,4,1,43,0,3,2,4,18.1,20,2017,12,0.5,5.4,3,0,1,1,0,0,0,0,1,0,1,0,0,0,0,0,0,0,1,0,1,0,0,0,0
38,33822,5,4,5,15,1,3,2,5,12.7,14,2020,8,0.8,3.0,1,0,1,0,1,1,0,0,0,0,0,1,0,0,0,1,0,0,1,0,0,1,0,0,0
45,82889,3,1,3,15,1,3,4,2,5.7,4,2022,2,0.33,5.0,2,2,0,0,0,0,0,0,1,1,0,0,0,0,1,0,0,0,0,0,0,0,0,1,0
35,24748,7,7,1,26,1,3,2,4,3.9,25,2018,2,1.0,3.7,1,0,0,1,0,0,0,0,1,0,0,0,0,0,0,0,1,1,0,0,0,0,0,0,0
39,25923,1,1,1,43,1,2,2,2,44.6,17,2024,5,1.0,43.0,1,0,2,0,0,1,0,0,0,0,0,1,0,0,0,0,1,0,0,0,1,0,0,0,0
48,62720,6,1,1,29,0,1,2,1,12.5,18,2019,11,0.17,4.8,2,1,1,1,0,0,0,0,1,0,0,0,1,0,0,0,0,0,0,0,0,0,0,0,0
44,24226,4,1,5,52,0,4,3,3,34.3,27,2021,10,0.25,13.0,2,0,2,0,0,0,0,1,0,0,0,1,0,0,0,0,1,0,1,0,0,0,0,0,1
40,67711,5,2,3,24,0,5,3,5,7.8,15,2020,10,0.4,4.8,1,1,0,0,1,0,1,0,0,1,0,0,0,1,0,0,0,0,0,0,0,0,1,0,0
46,82754,1,1,3,24,0,5,2,0,49.3,28,2024,1,1.0,24.0,2,2,2,1,0,0,0,1,0,0,0,1,0,0,0,1,0,0,1,0,0,0,1,0,0
43,73495,9,1,2,14,1,5,2,1,13.3,18,2016,5,0.11,1.6,2,2,1,0,0,0,1,0,0,0,1,0,0,1,0,0,0,0,0,0,0,0,0,0,0
37,76054,9,3,4,8,0,1,2,5,42.0,14,2016,5,0.33,0.9,1,2,2,0,0,0,0,0,0,0,0,0,0,0,0,0,0,0,1,0,0,1,0,0,0
27,60538,7,3,4,3,1,5,2,0,28.6,13,2018,11,0.43,0.4,0,1,2,1,0,0,0,0,1,0,0,1,0,0,0,0,0,1,0,0,0,0,0,0,0
48,64783,4,2,5,57,1,1,3,5,47.7,6,2021,4,0.5,14.2,2,1,2,0,1,0,0,1,0,0,0,1,0,0,0,1,0,0,1,0,0,0,0,0,1
41,24975,9,7,1,41,0,4,3,1,21.5,18,2016,2,0.78,4.6,2,0,1,1,0,0,0,0,1,1,0,0,0,0,0,0,0,0,1,0,0,0,0,0,1
37,16899,8,3,3,36,1,2,4,4,27.4,28,2017,6,0.38,4.5,1,0,2,0,1,0,0,0,0,0,0,1,0,0,1,0,0,0,0,0,0,1,0,0,0
33,17688,6,2,1,59,0,1,4,4,42.8,29,2019,1,0.33,9.8,1,0,2,0,0,0,0,0,1,1,0,0,0,0,0,0,0,1,0,0,0,0,0,1,0
25,102524,9,3,1,41,1,1,1,2,8.5,29,2016,10,0.33,4.6,0,3,0,0,1,0,0,1,0,0,1,0,0,1,0,0,0,0,1,1,0,0,0,0,0
59,58371,8,6,3,19,0,4,1,4,24.4,17,2017,2,0.75,2.4,3,1,1,1,0,0,0,1,0,0,1,0,0,1,0,0,0,0,0,0,0,0,1,0,0
31,69976,7,2,4,45,0,5,1,1,45.2,14,2018,11,0.29,6.4,1,1,2,0,0,0,1,0,0,0,0,1,0,1,0,0,0,0,0,0,0,0,0,1,0
25,114514,4,4,5,59,1,4,1,0,31.8,27,2021,9,1.0,14.8,0,3,2,1,0,0,0,1,0,0,0,0,0,0,0,0,1,1,0,0,1,0,0,0,0
27,114545,6,1,3,50,1,4,3,4,25.6,17,2019,3,0.17,8.3,0,3,2,0,0,0,0,0,0,0,0,0,1,1,0,0,0,1,0,0,0,1,0,0,0
53,68987,3,3,3,39,1,4,2,2,5.5,0,2022,3,1.0,13.0,3,1,0,0,1,0,1,0,0,1,0,0,0,0,0,0,0,0,0,0,1,0,0,0,0
25,69816,3,1,1,14,0,1,3,5,28.6,29,2022,1,0.33,4.7,0,1,2,0,1,0,1,0,0,1,0,0,0,0,0,0,1,1,0,0,1,0,0,0,0
24,83559,1,0,5,14,0,3,1,4,13.9,10,2024,1,0.0,14.0,0,2,1,0,0,0,1,0,0,0,0,0,1,0,0,1,0,0,0,0,0,1,0,0,0
57,116486,10,2,3,40,1,1,2,2,46.3,13,2015,12,0.2,4.0,3,3,2,0,0,1,0,0,0,0,0,1,0,0,0,0,0,1,0,0,0,0,0,0,1
51,87131,6,5,5,12,0,2,3,0,32.1,4,2019,11,0.83,2.0,3,2,2,0,0,0,0,1,0,0,1,0,0,0,0,0,0,0,0,0,0,0,0,0,0
32,15461,4,0,3,40,0,5,1,2,23.4,6,2021,9,0.0,10.0,1,0,1,0,1,0,0,0,0,0,0,0,0,0,0,0,0,0,0,0,0,0,0,0,0
31,15198,8,8,1,13,1,5,3,1,24.0,10,2017,3,1.0,1.6,1,0,1,0,1,0,1,0,0,0,0,0,0,0,0,0,1,0,1,1,0,0,0,0,0
37,61607,9,9,4,59,0,2,2,1,37.5,23,2016,12,1.0,6.6,1,1,2,0,1,1,0,0,0,0,1,0,0,0,0,0,1,0,0,1,0,0,0,0,0
33,39991,6,3,2,34,0,2,3,5,40.3,18,2019,7,0.5,5.7,1,0,2,0,1,1,0,0,0,1,0,0,0,0,0,1,0,0,1,0,0,1,0,0,0
52,112789,2,0,1,2,0,3,4,3,26.8,10,2023,12,0.0,1.0,3,3,2,0,1,0,0,1,0,0,1,0,0,0,1,0,0,0,1,0,0,0,0,1,0
29,18352,8,4,3,26,1,3,1,1,31.1,21,2017,9,0.5,3.2,0,0,2,0,1,0,0,0,1,0,0,0,0,1,0,0,0,1,0,0,0,0,0,1,0
51,105686,9,7,1,47,0,1,2,0,3.0,9,2016,2,0.78,5.2,3,3,0,0,0,0,1,0,0,0,1,0,0,0,0,0,0,0,0,1,0,0,0,0,0
59,114378,7,5,5,9,1,3,2,5,7.0,1,2018,8,0.71,1.3,3,3,0,1,0,0,0,1,0,0,0,0,0,1,0,0,0,1,0,1,0,0,0,0,0
53,50377,7,6,2,16,0,4,3,4,13.0,28,2018,5,0.86,2.3,3,1,1,0,0,0,1,0,0,0,0,0,0,1,0,0,0,0,0,0,1,0,0,0,0
27,64687,6,5,2,41,1,4,3,1,23.4,6,2019,9,0.83,6.8,0,1,1,0,0,0,0,1,0,0,0,1,0,0,0,0,1,0,0,0,0,0,0,0,1
29,112984,9,2,5,26,1,4,3,0,7.9,20,2016,8,0.22,2.9,0,3,0,1,0,0,0,0,1,0,0,0,0,1,0,0,0,1,0,1,0,0,0,0,0
49,23952,3,2,3,30,0,1,3,4,29.7,1,2022,5,0.67,10.0,2,0,2,0,1,0,1,0,0,0,0,0,1,0,0,0,1,0,0,0,0,0,0,0,1
28,20008,8,8,5,22,0,5,1,1,11.8,4,2017,5,1.0,2.8,0,0,1,0,1,0,0,0,1,0,0,0,0,0,0,0,0,1,0,0,0,1,0,0,0
54,72545,8,8,5,15,1,5,4,5,48.8,27,2017,10,1.0,1.9,3,2,2,1,0,0,1,0,0,1,0,0,0,0,0,0,1,0,0,0,1,0,0,0,0
30,89019,10,10,4,44,1,4,3,1,26.3,21,2015,6,1.0,4.4,0,2,2,0,0,0,0,1,0,0,0,1,0,0,0,0,1,0,0,0,0,1,0,0,0
54,115498,4,4,5,17,0,4,4,2,42.5,13,2021,5,1.0,4.2,3,3,2,0,0,1,0,0,0,0,0,0,1,1,0,0,0,0,1,0,0,0,0,0,0
33,34230,1,1,1,1,0,5,3,0,8.8,7,2024,1,1.0,1.0,1,0,0,0,0,0,0,1,0,0,1,0,0,1,0,0,0,0,1,1,0,0,0,0,0
56,68491,7,0,2,19,1,3,2,4,49.9,9,2018,10,0.0,2.7,3,1,2,1,0,1,0,0,0,0,0,0,0,0,1,0,0,0,0,0,0,1,0,0,0
37,77963,4,3,4,6,0,4,2,5,7.8,16,2021,7,0.75,1.5,1,2,0,0,1,0,1,0,0,0,0,0,1,1,0,0,0,1,0,0,1,0,0,0,0
57,67809,2,2,1,20,0,4,4,4,25.5,21,2023,5,1.0,10.0,3,1,2,0,0,0,1,0,0,1,0,0,0,0,1,0,0,0,1,0,0,1,0,0,0
48,30915,4,1,4,41,1,3,2,3,43.6,21,2021,9,0.25,10.2,2,0,2,1,0,0,0,1,0,1,0,0,0,1,0,0,0,0,0,0,0,0,0,0,0
32,66605,7,7,2,21,0,4,1,5,14.4,3,2018,12,1.0,3.0,1,1,1,0,1,1,0,0,0,0,1,0,0,0,0,0,1,1,0,0,0,1,0,0,0
47,107367,8,4,2,11,1,5,4,3,21.6,29,2017,11,0.5,1.4,2,3,1,1,0,0,0,1,0,0,0,0,1,1,0,0,0,0,0,0,0,0,0,1,0
54,22408,4,1,3,34,0,5,1,0,32.4,24,2021,11,0.25,8.5,3,0,2,1,0,0,1,0,0,0,0,0,0,1,0,0,0,1,0,0,0,0,1,0,0
51,88230,7,6,5,43,1,3,1,3,20.5,23,2018,5,0.86,6.1,3,2,1,1,0,1,0,0,0,1,0,0,0,0,1,0,0,1,0,0,1,0,0,0,0
43,56105,1,1,4,17,1,3,3,5,19.7,12,2024,4,1.0,17.0,2,1,1,0,0,0,0,1,0,1,0,0,0,0,1,0,0,1,0,0,0,0,0,0,0
49,28318,8,3,4,3,0,4,3,2,18.4,19,2017,6,0.38,0.4,2,0,1,1,0,0,1,0,0,0,0,0,0,0,0,1,0,0,1,0,0,0,1,0,0
57,77957,6,0,2,13,1,3,3,4,8.2,5,2019,2,0.0,2.2,3,2,0,0,1,0,0,0,0,1,0,0,0,0,0,1,0,0,1,0,1,0,0,0,0
53,72002,7,5,4,50,1,4,2,0,36.1,20,2018,2,0.71,7.1,3,2,2,0,1,1,0,0,0,0,0,0,1,0,1,0,0,0,1,0,0,0,0,0,0
49,47931,10,8,2,42,1,2,4,0,27.1,26,2015,12,0.8,4.2,2,1,2,0,1,0,0,0,1,1,0,0,0,0,0,0,1,0,1,0,0,1,0,0,0
59,51961,8,0,5,16,0,1,1,5,33.5,9,2017,11,0.0,2.0,3,1,2,0,0,1,0,0,0,0,0,1,0,0,0,0,1,0,0,0,0,0,0,1,0
57,71973,4,1,3,17,0,1,1,5,35.8,26,2021,9,0.25,4.2,3,2,2,1,0,0,0,1,0,1,0,0,0,0,0,0,1,0,1,0,0,0,0,0,0
59,119755,6,3,5,35,1,4,1,5,46.3,16,2019,9,0.5,5.8,3,3,2,1,0,0,0,0,1,0,1,0,0,0,0,0,0,0,0,0,0,0,0,0,0
46,58921,9,4,2,13,0,1,3,1,31.9,3,2016,8,0.44,1.4,2,1,2,0,1,1,0,0,0,1,0,0,0,0,0,0,1,1,0,0,0,0,0,0,0
43,51392,9,5,1,40,0,5,4,4,37.8,14,2016,7,0.56,4.4,2,1,2,0,0,0,0,0,0,0,0,0,1,0,0,1,0,1,0,0,0,1,0,0,0
42,59127,3,0,3,59,0,5,3,2,27.9,7,2022,6,0.0,19.7,2,1,2,1,0,0,0,1,0,0,0,1,0,0,0,0,0,1,0,0,0,0,0,1,0
37,80913,7,0,4,46,0,3,4,5,36.6,18,2018,3,0.0,6.6,1,2,2,0,1,0,0,0,0,0,0,0,0,0,0,0,0,1,0,1,0,0,0,0,0
55,24548,10,9,2,27,1,3,4,2,11.4,6,2015,9,0.9,2.7,3,0,1,0,0,0,0,0,1,0,0,0,0,0,0,0,0,0,0,0,0,0,0,0,0
27,81571,9,3,2,12,0,4,4,0,9.3,12,2016,7,0.33,1.3,0,2,0,0,0,0,1,0,0,0,1,0,0,1,0,0,0,1,0,0,1,0,0,0,0
41,115331,7,2,1,50,0,5,3,4,36.9,10,2018,11,0.29,7.1,2,3,2,0,0,0,1,0,0,0,0,0,1,0,0,0,1,0,0,0,0,0,0,1,0
25,43352,8,3,4,50,1,4,3,2,2.3,18,2017,12,0.38,6.2,0,1,0,0,0,0,1,0,0,0,1,0,0,0,0,1,0,0,1,0,0,0,1,0,0
53,47765,6,3,3,13,1,1,2,2,44.1,22,2019,1,0.5,2.2,3,1,2,1,0,0,1,0,0,0,0,0,1,0,1,0,0,0,0,0,0,0,0,0,1
26,15622,6,0,3,10,1,2,3,2,37.1,22,2019,5,0.0,1.7,0,0,2,0,0,0,1,0,0,0,1,0,0,0,0,1,0,0,0,0,0,0,0,0,1
41,62982,9,8,5,34,0,1,3,2,29.7,8,2016,4,0.89,3.8,2,1,2,1,0,0,1,0,0,1,0,0,0,1,0,0,0,0,1,0,0,0,0,0,0
51,56852,5,5,2,26,0,3,2,4,49.2,9,2020,12,1.0,5.2,3,1,2,0,0,0,0,1,0,1,0,0,0,1,0,0,0,1,0,0,0,0,0,1,0
45,117592,6,0,1,41,0,4,1,1,36.1,20,2019,7,0.0,6.8,2,3,2,0,0,0,1,0,0,0,0,1,0,0,1,0,0,0,0,0,0,0,0,1,0
39,45599,4,2,2,52,0,4,3,5,18.7,0,2021,7,0.5,13.0,1,1,1,1,0,1,0,0,0,0,0,0,1,1,0,0,0,1,0,0,0,1,0,0,0
42,95827,9,9,2,52,1,3,3,2,27.2,3,2016,11,1.0,5.8,2,2,2,0,1,0,0,0,1,0,0,1,0,0,0,1,0,0,1,0,0,0,0,1,0
26,90698,3,1,4,8,1,3,4,0,2.8,22,2022,9,0.33,2.7,0,2,0,1,0,0,0,0,1,0,0,0,0,0,0,0,1,0,1,0,0,0,0,0,1
44,65588,3,0,4,16,0,3,1,1,49.4,5,2022,5,0.0,5.3,2,1,2,0,0,1,0,0,0,1,0,0,0,0,0,0,1,0,0,0,0,0,0,0,1
50,35377,2,2,3,41,0,5,1,3,36.4,27,2023,8,1.0,20.5,2,0,2,0,0,1,0,0,0,0,0,0,0,1,0,0,0,0,1,0,0,0,0,0,1
40,81272,4,0,1,13,1,5,1,2,26.9,2,2021,2,0.0,3.2,1,2,2,1,0,1,0,0,0,0,1,0,0,0,1,0,0,0,1,0,1,0,0,0,0
26,80482,3,0,1,6,1,2,2,5,20.2,28,2022,5,0.0,2.0,0,2,1,0,1,1,0,0,0,0,0,1,0,0,0,0,0,1,0,0,0,0,1,0,0
45,57926,2,0,2,38,1,1,1,1,39.8,11,2023,11,0.0,19.0,2,1,2,1,0,0,0,1,0,0,0,0,1,0,0,0,1,1,0,0,0,0,1,0,0
49,56623,9,1,2,0,1,5,2,3,25.8,29,2016,3,0.11,0.0,2,1,2,0,0,1,0,0,0,0,0,0,0,0,1,0,0,0,0,0,0,0,0,0,0
57,84735,10,9,3,59,1,3,1,2,19.2,26,2015,10,0.9,5.9,3,2,1,1,0,0,0,1,0,1,0,0,0,1,0,0,0,0,0,0,0,0,1,0,0
24,37360,9,4,4,34,1,3,3,3,13.4,20,2016,1,0.44,3.8,0,0,1,1,0,0,0,0,1,0,0,0,0,0,1,0,0,0,1,1,0,0,0,0,0
23,75704,7,2,5,41,0,3,2,1,28.7,21,2018,10,0.29,5.9,0,2,2,0,1,0,1,0,0,0,0,1,0,0,0,0,1,0,1,1,0,0,0,0,0
38,28735,6,4,4,25,1,5,3,0,4.1,8,2019,11,0.67,4.2,1,0,0,0,0,0,0,0,1,0,1,0,0,0,0,1,0,1,0,1,0,0,0,0,0
48,27376,2,1,5,48,1,5,4,5,47.2,19,2023,9,0.5,24.0,2,0,2,0,1,0,1,0,0,0,0,0,1,1,0,0,0,1,0,0,0,0,0,0,0
52,22631,1,1,4,29,1,4,1,2,1.7,29,2024,4,1.0,29.0,3,0,0,0,0,0,1,0,0,0,0,0,0,0,0,0,0,0,1,0,0,0,0,0,1
54,98874,9,3,5,56,1,2,1,5,22.4,3,2016,2,0.33,6.2,3,2,1,0,1,0,0,0,0,0,0,1,0,1,0,0,0,0,1,0,0,0,0,1,0
40,33197,5,3,1,41,1,3,3,0,40.6,1,2020,3,0.6,8.2,1,0,2,0,0,1,0,0,0,0,0,0,1,0,1,0,0,0,1,0,0,0,0,0,1
46,59333,5,1,4,45,0,4,4,4,2.4,0,2020,7,0.2,9.0,2,1,0,0,0,0,0,1,0,0,0,0,1,0,0,0,0,1,0,1,0,0,0,0,0
47,16429,2,0,3,60,1,3,1,0,32.7,25,2023,5,0.0,30.0,2,0,2,0,0,1,0,0,0,0,0,0,0,1,0,0,0,0,0,1,0,0,0,0,0
49,116363,6,2,5,0,1,5,3,3,43.4,3,2019,9,0.33,0.0,2,3,2,0,1,1,0,0,0,0,0,0,1,0,0,0,1,0,0,0,0,0,0,0,1
33,101819,9,7,4,14,1,2,1,3,20.2,21,2016,2,0.78,1.6,1,3,1,1,0,0,1,0,0,0,0,0,0,0,0,0,1,0,1,1,0,0,0,0,0
28,25146,5,0,4,46,1,5,2,4,11.4,22,2020,5,0.0,9.2,0,0,1,1,0,0,0,0,0,1,0,0,0,0,0,1,0,0,1,0,0,0,0,0,1
51,36741,3,0,2,22,0,4,1,0,3.5,9,2022,2,0.0,7.3,3,0,0,1,0,0,1,0,0,0,0,1,0,0,0,1,0,0,0,0,0,0,0,0,0
51,39041,7,1,1,30,0,2,2,0,26.8,6,2018,12,0.14,4.3,3,0,2,0,1,1,0,0,0,0,0,1,0,0,0,0,0,0,1,0,1,0,0,0,0
31,67526,3,2,2,17,1,3,1,4,39.9,7,2022,7,0.67,5.7,1,1,2,1,0,0,0,0,0,0,0,0,0,0,0,0,0,1,0,0,1,0,0,0,0
27,111446,9,9,4,8,1,4,4,0,38.8,25,2016,5,1.0,0.9,0,3,2,0,1,0,0,0,0,0,0,1,0,0,1,0,0,0,1,0,0,0,0,0,1
59,69271,8,2,2,7,1,2,1,0,47.5,21,2017,6,0.25,0.9,3,1,2,0,0,0,0,0,0,0,0,1,0,0,1,0,0,0,1,0,0,0,0,0,0
29,52422,9,5,5,18,1,2,3,1,5.7,22,2016,4,0.56,2.0,0,1,0,0,0,0,1,0,0,0,0,0,1,0,1,0,0,0,0,0,0,0,0,0,1
34,78014,5,5,3,6,1,1,4,0,37.5,27,2020,3,1.0,1.2,1,2,2,0,0,1,0,0,0,0,0,1,0,0,1,0,0,0,1,0,0,0,0,0,1
45,47120,2,1,4,53,1,1,2,4,5.6,22,2023,6,0.5,26.5,2,1,0,0,0,0,0,0,1,0,0,0,0,0,0,1,0,0,0,1,0,0,0,0,0
51,88637,8,3,2,25,0,2,3,4,27.3,9,2017,5,0.38,3.1,3,2,2,0,0,0,0,0,0,1,0,0,0,0,0,0,0,0,1,0,0,0,1,0,0
59,15157,7,3,1,3,0,5,2,3,11.5,15,2018,12,0.43,0.4,3,0,1,1,0,0,0,0,1,1,0,0,0,0,0,0,0,0,1,0,0,0,0,0,0
29,41306,7,6,4,27,0,2,3,0,11.7,22,2018,8,0.86,3.9,0,1,1,1,0,0,0,1,0,0,1,0,0,0,0,1,0,0,0,0,0,0,0,0,0
56,24249,5,1,4,24,1,1,2,5,47.2,0,2020,1,0.2,4.8,3,0,2,1,0,0,0,0,1,0,0,0,0,0,1,0,0,0,1,0,0,1,0,0,0
57,105139,8,5,1,5,1,4,3,2,35.4,21,2017,8,0.62,0.6,3,3,2,0,0,0,1,0,0,0,0,1,0,0,0,1,0,0,1,0,1,0,0,0,0
43,100239,7,7,2,0,1,2,3,1,17.4,2,2018,2,1.0,0.0,2,3,1,0,1,0,0,0,0,1,0,0,0,1,0,0,0,0,0,0,0,0,1,0,0
34,74829,8,5,3,4,1,4,1,5,26.6,27,2017,10,0.62,0.5,1,2,2,0,1,1,0,0,0,0,0,0,1,0,0,1,0,1,0,0,0,0,0,1,0
36,94351,8,4,1,12,1,5,3,0,44.9,19,2017,10,0.5,1.5,1,2,2,0,1,0,0,0,1,0,0,0,1,1,0,0,0,0,0,0,0,0,0,0,0
34,16873,8,1,2,4,1,3,3,3,23.7,24,2017,3,0.12,0.5,1,0,1,0,1,0,0,0,1,0,0,1,0,1,0,0,0,1,0,1,0,0,0,0,0
56,82866,7,2,3,1,1,5,2,1,8.9,2,2018,3,0.29,0.1,3,2,0,0,0,0,0,0,0,0,0,0,1,1,0,0,0,1,0,0,0,0,0,1,0
25,53096,3,2,1,8,0,3,1,5,27.8,5,2022,9,0.67,2.7,0,1,2,1,0,0,0,0,1,0,0,1,0,0,1,0,0,1,0,0,0,0,0,0,0
51,85549,3,3,4,52,0,2,3,5,12.7,9,2022,2,1.0,17.3,3,2,1,1,0,1,0,0,0,0,1,0,0,1,0,0,0,0,1,0,0,0,0,1,0
27,81640,2,2,3,59,0,5,1,2,18.8,25,2023,5,1.0,29.5,0,2,1,1,0,0,0,1,0,1,0,0,0,0,1,0,0,0,0,1,0,0,0,0,0
44,23409,2,1,1,9,1,1,3,1,2.8,28,2023,12,0.5,4.5,2,0,0,0,1,0,0,0,1,0,1,0,0,0,0,0,1,0,0,1,0,0,0,0,0
44,59747,5,2,2,19,0,1,4,3,25.5,8,2020,4,0.4,3.8,2,1,2,0,1,0,0,0,1,0,0,0,1,1,0,0,0,0,1,0,0,0,1,0,0
46,25126,2,1,5,49,0,1,2,4,36.4,23,2023,11,0.5,24.5,2,0,2,0,0,0,0,1,0,0,1,0,0,0,0,1,0,0,1,0,0,0,0,0,0
40,92396,7,0,1,6,0,1,3,2,29.7,1,2018,11,0.0,0.9,1,2,2,1,0,1,0,0,0,0,0,0,1,0,0,0,1,1,0,0,0,0,0,1,0
59,53420,6,4,4,60,0,2,3,3,16.9,24,2019,3,0.67,10.0,3,1,1,0,1,0,1,0,0,1,0,0,0,0,0,0,1,0,0,0,0,0,0,1,0
54,25620,10,0,4,49,0,4,4,5,39.1,26,2015,12,0.0,4.9,3,0,2,1,0,0,0,0,0,0,1,0,0,0,0,0,0,0,1,1,0,0,0,0,0
30,118100,4,2,5,21,0,3,1,5,48.7,9,2021,9,0.5,5.2,0,3,2,0,0,0,1,0,0,0,1,0,0,0,0,1,0,0,1,0,0,0,0,1,0
45,29877,9,7,3,33,0,5,2,5,40.5,0,2016,12,0.78,3.7,2,0,2,0,1,0,1,0,0,0,0,1,0,0,0,0,1,0,1,1,0,0,0,0,0
43,99399,2,0,2,26,0,1,3,1,10.7,27,2023,2,0.0,13.0,2,2,1,1,0,1,0,0,0,1,0,0,0,0,1,0,0,1,0,0,1,0,0,0,0
23,80953,1,0,5,11,0,3,1,4,32.6,16,2024,3,0.0,11.0,0,2,2,0,1,0,1,0,0,0,0,1,0,0,1,0,0,1,0,0,0,0,1,0,0
33,52669,10,4,2,45,1,5,1,1,15.4,1,2015,9,0.4,4.5,1,1,1,0,0,0,0,1,0,0,1,0,0,0,0,0,1,0,0,0,0,1,0,0,0
27,33483,8,8,2,31,1,3,1,3,18.4,10,2017,10,1.0,3.9,0,0,1,0,1,0,0,1,0,0,0,0,1,0,1,0,0,0,0,0,0,1,0,0,0
26,41446,4,4,2,16,1,1,2,4,43.3,17,2021,7,1.0,4.0,0,1,2,0,0,0,0,0,1,1,0,0,0,0,0,0,0,0,1,0,0,0,0,0,0
54,112163,4,1,2,42,1,4,3,0,28.4,30,2021,4,0.25,10.5,3,3,2,0,1,1,0,0,0,0,1,0,0,0,0,0,1,0,1,0,1,0,0,0,0
28,33809,5,2,1,23,0,4,4,4,8.8,5,2020,8,0.4,4.6,0,0,0,0,0,1,0,0,0,0,0,1,0,0,0,1,0,1,0,0,0,0,1,0,0
59,40266,5,5,3,5,1,1,4,1,16.8,16,2020,6,1.0,1.0,3,1,1,0,0,1,0,0,0,1,0,0,0,0,0,1,0,0,1,0,0,0,0,0,1
50,102653,2,0,1,54,1,4,3,1,30.5,25,2023,3,0.0,27.0,2,3,2,0,0,0,0,0,0,1,0,0,0,1,0,0,0,0,0,1,0,0,0,0,0
50,84438,9,7,2,36,0,5,1,1,4.7,26,2016,5,0.78,4.0,2,2,0,0,1,0,0,1,0,0,1,0,0,0,0,0,0,0,1,0,1,0,0,0,0
57,44522,4,2,2,10,1,1,4,3,41.9,2,2021,11,0.5,2.5,3,1,2,0,0,0,0,0,0,0,1,0,0,0,1,0,0,0,0,0,0,0,0,0,0
33,78146,9,0,5,34,1,4,2,1,23.6,2,2016,7,0.0,3.8,1,2,1,1,0,0,0,0,1,0,1,0,0,1,0,0,0,1,0,0,0,1,0,0,0
24,50891,10,2,4,11,1,3,2,3,27.6,1,2015,6,0.2,1.1,0,1,2,1,0,0,0,1,0,0,1,0,0,0,0,0,1,0,0,1,0,0,0,0,0
59,32076,3,0,5,14,0,1,3,5,34.4,14,2022,12,0.0,4.7,3,0,2,0,1,0,0,1,0,1,0,0,0,0,1,0,0,1,0,0,0,0,1,0,0
22,60332,1,1,4,10,0,1,3,3,37.1,20,2024,6,1.0,10.0,0,1,2,0,1,0,0,0,0,0,1,0,0,0,0,0,0,0,0,0,0,0,1,0,0
22,44819,2,1,5,37,0,1,3,1,29.9,30,2023,10,0.5,18.5,0,1,2,0,1,1,0,0,0,1,0,0,0,1,0,0,0,0,0,1,0,0,0,0,0
43,39749,6,1,1,39,1,4,3,4,15.5,18,2019,6,0.17,6.5,2,0,1,0,1,0,0,0,1,0,0,0,1,0,0,0,1,0,0,0,1,0,0,0,0
43,105738,10,3,1,46,1,1,4,0,37.5,23,2015,10,0.3,4.6,2,3,2,0,0,0,0,0,1,0,1,0,0,0,0,0,0,0,1,1,0,0,0,0,0
59,106275,10,6,5,1,1,5,2,2,14.4,5,2015,8,0.6,0.1,3,3,1,0,1,1,0,0,0,0,0,0,1,1,0,0,0,0,0,0,0,0,0,1,0
40,30655,9,4,4,45,0,5,3,0,9.0,25,2016,11,0.44,5.0,1,0,0,0,1,0,1,0,0,0,1,0,0,0,0,0,1,0,1,0,0,0,0,1,0
37,15764,3,1,1,42,1,2,1,2,27.9,22,2022,6,0.33,14.0,1,0,2,0,0,1,0,0,0,1,0,0,0,1,0,0,0,1,0,0,1,0,0,0,0
60,81813,3,1,4,42,0,1,3,3,23.9,17,2022,2,0.33,14.0,3,2,1,1,0,1,0,0,0,0,1,0,0,0,0,0,0,0,0,0,0,0,0,0,1
38,51531,7,7,4,41,1,5,4,5,25.5,17,2018,10,1.0,5.9,1,1,2,0,1,0,0,1,0,0,1,0,0,0,1,0,0,1,0,0,0,1,0,0,0
60,34414,4,3,5,17,0,3,1,1,4.2,30,2021,2,0.75,4.2,3,0,0,0,1,1,0,0,0,0,0,1,0,0,0,0,1,0,0,0,0,0,0,0,1
28,106050,7,3,2,15,1,1,2,4,45.4,6,2018,4,0.43,2.1,0,3,2,0,0,0,0,0,0,1,0,0,0,0,0,1,0,1,0,0,0,0,0,0,1
57,116812,5,3,4,31,0,3,3,0,30.7,30,2020,7,0.6,6.2,3,3,2,0,1,1,0,0,0,0,0,0,0,0,1,0,0,0,1,0,0,1,0,0,0
44,114786,8,4,5,60,1,3,2,4,34.4,10,2017,1,0.5,7.5,2,3,2,1,0,0,0,0,0,0,0,0,0,1,0,0,0,0,0,0,0,0,0,1,0
32,33068,8,4,3,5,0,3,2,0,17.0,13,2017,7,0.5,0.6,1,0,1,0,1,0,0,0,1,0,0,0,1,0,0,1,0,0,1,1,0,0,0,0,0
33,106353,5,0,2,23,0,1,1,3,18.1,12,2020,3,0.0,4.6,1,3,1,0,1,0,1,0,0,0,0,0,1,0,0,0,1,0,0,0,0,0,0,1,0
30,81779,5,0,1,11,0,2,3,0,19.5,6,2020,1,0.0,2.2,0,2,1,0,1,0,0,0,1,0,0,0,0,0,1,0,0,1,0,0,0,0,0,0,1
52,25634,4,2,2,54,0,4,1,3,17.6,27,2021,1,0.5,13.5,3,0,1,0,1,0,0,0,1,1,0,0,0,0,1,0,0,0,1,1,0,0,0,0,0
33,48419,3,0,1,17,0,3,2,0,8.7,24,2022,5,0.0,5.7,1,1,0,1,0,0,1,0,0,0,0,0,1,0,0,0,1,0,1,0,0,0,1,0,0
24,44673,3,2,2,50,0,4,1,2,5.4,20,2022,4,0.67,16.7,0,1,0,0,0,0,0,0,1,0,0,0,0,1,0,0,0,1,0,0,1,0,0,0,0
42,104511,8,2,3,3,1,5,4,1,28.1,2,2017,9,0.25,0.4,2,3,2,0,0,0,1,0,0,0,0,1,0,0,0,0,0,1,0,0,0,0,0,1,0
25,70632,8,8,4,18,0,3,2,1,42.2,17,2017,11,1.0,2.2,0,2,2,0,0,1,0,0,0,1,0,0,0,0,0,1,0,0,0,0,0,1,0,0,0
51,102051,9,7,3,3,0,4,2,1,48.6,14,2016,7,0.78,0.3,3,3,2,0,1,0,0,1,0,0,0,0,0,0,0,0,1,0,1,0,0,0,1,0,0
42,59073,1,0,4,7,0,1,3,1,12.4,29,2024,2,0.0,7.0,2,1,1,1,0,0,0,0,0,0,0,1,0,1,0,0,0,0,0,0,0,0,0,0,1
54,87492,7,5,3,53,0,3,1,3,42.3,9,2018,5,0.71,7.6,3,2,2,0,1,0,1,0,0,0,0,0,0,1,0,0,0,0,0,0,0,0,0,0,0
37,54026,9,8,2,0,1,1,2,1,5.6,30,2016,11,0.89,0.0,1,1,0,0,0,0,0,0,1,0,0,1,0,1,0,0,0,0,1,0,1,0,0,0,0
29,89583,10,10,3,59,0,5,2,5,47.9,0,2015,9,1.0,5.9,0,2,2,1,0,1,0,0,0,1,0,0,0,0,0,0,1,0,0,0,0,0,1,0,0
57,58185,7,2,4,50,0,4,2,1,29.7,16,2018,2,0.29,7.1,3,1,2,1,0,1,0,0,0,0,0,1,0,1,0,0,0,0,0,0,0,0,0,0,1
23,30479,6,6,4,52,1,2,2,2,23.4,5,2019,3,1.0,8.7,0,0,1,1,0,1,0,0,0,0,1,0,0,0,0,1,0,0,0,0,0,0,1,0,0
54,76724,8,7,2,30,0,5,2,2,8.8,24,2017,12,0.88,3.8,3,2,0,0,1,0,1,0,0,1,0,0,0,0,1,0,0,0,1,0,0,1,0,0,0
59,106554,4,2,5,29,1,4,4,5,12.5,19,2021,10,0.5,7.2,3,3,1,0,0,0,0,0,1,0,0,0,0,0,0,1,0,0,1,0,0,0,0,1,0
24,118619,4,2,1,16,1,1,1,3,3.9,25,2021,5,0.5,4.0,0,3,0,0,0,0,1,0,0,0,1,0,0,1,0,0,0,0,1,0,0,0,1,0,0
43,106750,3,3,4,43,1,2,1,3,34.9,14,2022,11,1.0,14.3,2,3,2,1,0,0,0,1,0,0,0,1,0,0,0,1,0,0,0,1,0,0,0,0,0
59,108012,10,6,3,2,1,3,4,2,35.2,25,2015,9,0.6,0.2,3,3,2,0,0,1,0,0,0,0,0,0,0,0,0,1,0,1,0,0,0,1,0,0,0
23,82068,8,8,1,35,0,5,4,2,22.3,20,2017,6,1.0,4.4,0,2,1,1,0,0,1,0,0,0,0,1,0,0,0,1,0,1,0,0,0,0,1,0,0
31,105951,4,0,5,59,1,1,3,4,35.0,24,2021,8,0.0,14.8,1,3,2,0,1,0,1,0,0,0,0,0,1,0,0,0,0,0,0,0,0,0,1,0,0
48,89295,4,0,5,37,1,1,4,2,41.2,11,2021,11,0.0,9.2,2,2,2,1,0,0,0,0,1,0,0,1,0,0,0,1,0,0,1,0,0,0,0,0,0
23,39279,7,0,5,15,1,1,2,0,16.6,0,2018,5,0.0,2.1,0,0,1,0,0,0,0,0,1,0,1,0,0,1,0,0,0,1,0,1,0,0,0,0,0
41,50768,6,6,2,0,0,3,2,4,8.5,13,2019,11,1.0,0.0,2,1,0,1,0,0,1,0,0,0,0,0,1,0,0,0,0,0,0,0,0,0,0,1,0
26,53321,9,3,1,57,1,1,4,3,15.8,26,2016,4,0.33,6.3,0,1,1,0,0,0,0,0,0,1,0,0,0,0,0,1,0,0,1,0,1,0,0,0,0
48,31387,2,0,1,53,1,2,3,3,6.5,29,2023,9,0.0,26.5,2,0,0,0,0,0,0,0,0,0,0,0,0,0,1,0,0,1,0,0,0,1,0,0,0
42,48136,2,0,5,48,0,3,4,5,21.4,12,2023,9,0.0,24.0,2,1,1,0,1,0,0,1,0,0,0,0,0,0,1,0,0,0,0,0,0,1,0,0,0
50,22840,7,2,1,21,1,1,4,0,7.3,20,2018,7,0.29,3.0,2,0,0,0,1,0,0,0,0,0,0,0,0,0,0,0,1,0,0,0,0,0,0,0,0
26,37667,8,4,5,0,1,2,1,3,10.4,24,2017,6,0.5,0.0,0,0,1,1,0,0,0,1,0,1,0,0,0,0,0,0,1,0,1,0,0,0,0,1,0
57,73369,6,2,5,11,0,4,1,4,43.9,1,2019,9,0.33,1.8,3,2,2,0,1,0,1,0,0,1,0,0,0,0,1,0,0,0,1,0,1,0,0,0,0
23,21820,3,0,5,39,0,3,4,1,48.7,15,2022,5,0.0,13.0,0,0,2,1,0,0,1,0,0,0,1,0,0,1,0,0,0,1,0,1,0,0,0,0,0
46,73234,2,0,3,19,1,1,1,4,49.9,16,2023,10,0.0,9.5,2,2,2,0,1,0,0,1,0,1,0,0,0,0,0,1,0,0,0,0,1,0,0,0,0
57,25237,7,1,1,39,1,4,4,4,19.3,6,2018,10,0.14,5.6,3,0,1,1,0,0,0,0,0,0,0,0,1,0,0,1,0,1,0,0,1,0,0,0,0
26,74704,6,4,1,16,0,1,4,4,28.1,30,2019,8,0.67,2.7,0,2,2,1,0,1,0,0,0,0,0,0,1,0,0,0,0,0,1,0,0,0,0,0,0
33,77562,4,4,3,46,0,4,2,2,6.7,16,2021,4,1.0,11.5,1,2,0,0,0,0,0,0,0,0,0,1,0,0,0,1,0,1,0,0,1,0,0,0,0
51,62804,3,1,4,50,0,5,4,2,32.2,7,2022,8,0.33,16.7,3,1,2,0,1,1,0,0,0,0,0,0,1,1,0,0,0,1,0,1,0,0,0,0,0
48,80081,6,2,2,12,0,2,1,0,25.9,14,2019,8,0.33,2.0,2,2,2,0,1,1,0,0,0,0,0,1,0,0,1,0,0,1,0,0,0,0,0,0,0
38,42850,3,0,1,48,1,2,4,5,44.0,14,2022,9,0.0,16.0,1,1,2,0,1,0,0,0,0,0,0,1,0,0,1,0,0,0,0,0,0,0,0,0,1
41,103205,5,3,5,4,0,2,1,1,31.3,23,2020,11,0.6,0.8,2,3,2,0,0,0,0,0,1,0,0,1,0,0,0,1,0,0,0,0,1,0,0,0,0
56,27242,5,4,4,37,1,2,3,2,47.0,29,2020,2,0.8,7.4,3,0,2,1,0,0,0,0,1,0,0,0,0,1,0,0,0,1,0,0,1,0,0,0,0
56,38843,2,0,3,55,0,5,3,4,44.0,17,2023,7,0.0,27.5,3,0,2,0,0,1,0,0,0,0,0,0,1,0,1,0,0,1,0,0,0,0,1,0,0
31,71634,7,1,5,33,1,1,1,0,49.6,24,2018,7,0.14,4.7,1,2,2,0,1,0,0,0,1,0,0,0,0,0,0,1,0,1,0,1,0,0,0,0,0
59,87041,8,1,3,14,1,1,1,5,49.8,23,2017,4,0.12,1.8,3,2,2,0,1,0,0,0,1,0,0,0,0,0,1,0,0,0,1,0,1,0,0,0,0
48,51865,1,1,1,57,1,3,3,0,20.6,10,2024,4,1.0,57.0,2,1,1,0,0,0,0,0,1,1,0,0,0,0,0,0,0,1,0,0,0,1,0,0,0
55,72145,2,1,3,4,0,3,4,0,33.6,14,2023,9,0.5,2.0,3,2,2,1,0,0,0,0,1,0,0,0,0,0,0,0,1,1,0,0,0,1,0,0,0
47,44005,9,4,1,32,1,1,1,2,45.2,29,2016,9,0.44,3.6,2,1,2,0,0,0,0,0,1,0,0,0,0,1,0,0,0,0,1,1,0,0,0,0,0
41,33165,3,2,4,10,0,4,3,3,49.6,1,2022,11,0.67,3.3,2,0,2,0,1,0,0,1,0,0,1,0,0,0,0,0,0,0,1,0,0,0,1,0,0
45,28252,9,9,3,3,1,1,3,2,5.2,2,2016,4,1.0,0.3,2,0,0,1,0,0,1,0,0,0,0,0,1,1,0,0,0,0,1,0,0,0,0,1,0
57,98458,5,1,3,11,1,5,1,3,24.8,14,2020,2,0.2,2.2,3,2,1,1,0,1,0,0,0,0,0,0,0,0,0,0,0,0,0,0,0,0,1,0,0
29,64330,6,0,3,60,1,2,3,1,12.9,26,2019,2,0.0,10.0,0,1,1,0,0,0,0,0,1,0,1,0,0,0,0,0,0,0,0,0,0,1,0,0,0
39,32683,1,1,5,20,1,5,4,2,25.0,16,2024,4,1.0,20.0,1,0,1,0,0,0,0,1,0,0,0,0,0,0,0,1,0,0,1,0,0,0,0,0,1
22,17397,8,1,5,42,0,3,1,2,9.1,17,2017,7,0.12,5.2,0,0,0,0,0,0,0,0,0,0,0,0,1,0,0,0,0,0,1,0,0,0,0,1,0
32,111369,3,1,2,47,0,2,4,4,13.7,28,2022,7,0.33,15.7,1,3,1,1,0,0,0,0,1,0,0,0,1,0,0,0,1,1,0,0,0,1,0,0,0
58,75282,5,4,4,13,0,2,4,3,39.3,8,2020,4,0.8,2.6,3,2,2,0,0,0,0,0,0,0,0,0,1,0,0,1,0,0,0,0,0,0,1,0,0
51,45282,9,6,4,34,0,3,1,0,44.2,6,2016,10,0.67,3.8,3,1,2,1,0,0,0,0,1,0,0,1,0,0,1,0,0,0,0,0,0,0,1,0,0
49,104861,3,0,4,9,0,3,3,0,11.1,24,2022,8,0.0,3.0,2,3,1,0,1,0,1,0,0,0,0,0,0,1,0,0,0,0,0,0,0,0,0,0,1
41,38430,2,1,4,59,1,2,4,4,21.9,11,2023,4,0.5,29.5,2,0,1,0,1,0,0,0,0,1,0,0,0,0,0,0,0,0,0,0,0,0,0,0,0
48,74269,10,7,4,3,0,3,2,3,8.3,22,2015,7,0.7,0.3,2,2,0,0,0,1,0,0,0,0,1,0,0,0,1,0,0,0,1,0,0,0,1,0,0
23,62627,6,5,4,50,0,5,2,5,22.6,4,2019,1,0.83,8.3,0,1,1,0,1,0,0,0,0,0,0,0,1,0,0,0,1,1,0,0,0,0,0,0,1
42,35610,9,4,1,54,1,3,4,4,38.3,2,2016,6,0.44,6.0,2,0,2,1,0,0,1,0,0,1,0,0,0,0,1,0,0,0,0,0,0,0,1,0,0
30,119878,6,6,1,24,0,3,3,5,21.8,14,2019,9,1.0,4.0,0,3,1,0,0,1,0,0,0,0,0,0,0,1,0,0,0,1,0,0,0,0,0,0,0
34,108338,2,2,3,51,1,1,2,3,12.3,9,2023,1,1.0,25.5,1,3,1,0,0,1,0,0,0,0,0,0,0,0,0,1,0,1,0,0,0,0,0,0,0
29,114206,4,0,3,24,0,2,1,5,12.4,4,2021,10,0.0,6.0,0,3,1,0,0,0,0,0,1,0,0,0,1,0,1,0,0,0,1,0,0,0,0,1,0
39,18054,4,2,5,49,1,3,4,4,13.1,22,2021,2,0.5,12.2,1,0,1,0,1,0,1,0,0,1,0,0,0,1,0,0,0,1,0,1,0,0,0,0,0
59,22756,6,5,2,10,1,5,1,4,8.7,26,2019,11,0.83,1.7,3,0,0,0,1,1,0,0,0,0,1,0,0,0,1,0,0,1,0,0,0,0,0,1,0
53,25430,8,1,2,42,0,4,2,4,42.3,6,2017,8,0.12,5.2,3,0,2,1,0,1,0,0,0,1,0,0,0,0,0,1,0,0,0,0,0,0,0,0,1
25,110078,10,7,4,3,0,4,3,4,30.6,11,2015,10,0.7,0.3,0,3,2,0,0,0,1,0,0,0,0,1,0,0,1,0,0,0,0,0,0,0,0,0,1
49,81152,4,0,3,57,1,3,2,5,45.2,5,2021,9,0.0,14.2,2,2,2,1,0,1,0,0,0,0,0,0,1,0,0,0,0,0,0,0,0,0,0,0,0
53,99617,3,2,1,59,0,2,2,4,4.3,14,2022,12,0.67,19.7,3,2,0,1,0,0,1,0,0,0,0,1,0,0,0,0,1,0,1,0,0,1,0,0,0
51,111073,7,4,5,54,0,3,2,5,39.0,6,2018,9,0.57,7.7,3,3,2,0,0,1,0,0,0,0,1,0,0,0,0,1,0,0,0,0,0,0,0,0,1
25,74223,5,5,2,18,0,3,1,3,38.7,11,2020,3,1.0,3.6,0,2,2,1,0,0,1,0,0,0,1,0,0,0,0,1,0,0,1,0,0,1,0,0,0
31,117513,3,0,3,53,0,5,4,5,47.0,8,2022,7,0.0,17.7,1,3,2,0,1,0,0,1,0,1,0,0,0,0,0,1,0,0,0,0,0,0,1,0,0
50,39766,6,6,3,14,0,5,1,1,13.8,26,2019,3,1.0,2.3,2,0,1,1,0,0,1,0,0,0,0,0,1,0,0,0,0,0,1,0,0,0,0,1,0
31,69462,6,5,2,27,0,3,1,3,16.9,14,2019,4,0.83,4.5,1,1,1,0,1,1,0,0,0,0,1,0,0,0,0,0,0,1,0,0,0,0,1,0,0
38,69776,1,1,2,21,1,5,4,5,27.6,8,2024,1,1.0,21.0,1,1,2,1,0,0,1,0,0,1,0,0,0,1,0,0,0,0,1,1,0,0,0,0,0
33,68069,5,4,4,57,0,5,3,3,9.7,1,2020,12,0.8,11.4,1,1,0,0,1,0,0,0,1,0,1,0,0,0,0,1,0,0,1,0,0,0,1,0,0
54,52371,9,5,5,33,0,3,4,2,18.1,24,2016,1,0.56,3.7,3,1,1,0,0,0,0,0,1,0,0,0,1,1,0,0,0,0,1,0,0,0,1,0,0
33,68512,5,2,2,48,0,2,3,4,24.8,16,2020,1,0.4,9.6,1,1,1,0,0,1,0,0,0,0,0,0,0,0,1,0,0,1,0,0,0,1,0,0,0
53,49025,8,3,4,52,0,3,2,2,45.3,3,2017,4,0.38,6.5,3,1,2,1,0,0,0,1,0,0,1,0,0,1,0,0,0,0,0,0,0,0,0,0,0
39,88653,9,8,1,10,0,1,2,1,4.6,4,2016,11,0.89,1.1,1,2,0,0,1,0,0,0,0,1,0,0,0,0,1,0,0,0,1,0,0,0,0,1,0
44,47985,10,6,2,33,0,2,2,0,24.4,28,2015,7,0.6,3.3,2,1,1,1,0,0,0,0,1,0,1,0,0,0,0,1,0,1,0,1,0,0,0,0,0
26,30339,3,0,1,32,0,4,1,0,23.0,14,2022,4,0.0,10.7,0,0,1,0,1,0,0,0,0,0,0,0,0,0,0,1,0,0,0,0,0,1,0,0,0
49,105552,7,7,5,2,0,4,2,4,8.3,23,2018,5,1.0,0.3,2,3,0,0,0,0,0,0,1,0,0,1,0,0,0,0,1,1,0,0,0,0,0,0,0
30,96006,7,5,1,43,0,1,3,1,13.3,4,2018,10,0.71,6.1,0,2,1,0,0,0,0,0,1,1,0,0,0,0,0,1,0,0,0,0,0,0,1,0,0
54,24145,9,2,2,43,0,2,1,3,7.5,4,2016,6,0.22,4.8,3,0,0,1,0,0,0,1,0,0,0,0,1,1,0,0,0,0,0,0,0,0,0,0,1
22,87544,4,1,3,60,0,4,1,5,27.8,17,2021,10,0.25,15.0,0,2,2,0,1,0,0,0,0,0,1,0,0,0,0,1,0,0,0,1,0,0,0,0,0
52,41054,5,5,2,2,1,1,3,2,33.4,18,2020,2,1.0,0.4,3,1,2,1,0,1,0,0,0,0,0,0,1,0,0,1,0,0,0,0,0,0,0,0,1
51,103901,8,4,4,11,0,1,1,3,21.3,6,2017,6,0.5,1.4,3,3,1,0,0,1,0,0,0,1,0,0,0,0,0,1,0,0,0,1,0,0,0,0,0
32,31441,2,2,4,27,0,2,3,5,7.7,24,2023,5,1.0,13.5,1,0,0,0,1,0,0,0,1,0,0,0,0,0,1,0,0,1,0,0,0,1,0,0,0
50,30771,3,1,2,34,1,4,1,4,40.6,3,2022,12,0.33,11.3,2,0,2,0,0,0,0,0,1,0,0,0,1,0,0,0,0,0,1,0,1,0,0,0,0
57,71205,5,1,2,17,1,1,3,4,31.9,0,2020,5,0.2,3.4,3,2,2,0,0,0,0,1,0,0,1,0,0,0,0,1,0,1,0,1,0,0,0,0,0
28,118292,7,7,2,1,0,2,4,1,20.3,11,2018,6,1.0,0.1,0,3,1,1,0,0,0,0,1,0,0,0,0,0,0,0,0,1,0,0,0,1,0,0,0
59,88549,2,0,5,9,1,1,1,4,46.9,15,2023,3,0.0,4.5,3,2,2,0,1,1,0,0,0,0,0,0,1,0,0,0,0,0,1,0,0,0,0,1,0
55,58918,7,0,3,11,0,3,4,4,23.8,24,2018,2,0.0,1.6,3,1,1,0,1,0,0,0,0,0,0,0,0,0,0,1,0,0,1,0,0,0,0,0,0
25,85500,7,4,5,27,0,4,1,1,22.4,24,2018,3,0.57,3.9,0,2,1,0,1,0,0,1,0,0,1,0,0,0,1,0,0,1,0,0,0,0,0,0,1
28,25178,8,5,1,35,1,4,1,3,29.4,18,2017,3,0.62,4.4,0,0,2,0,1,0,0,0,1,0,0,1,0,0,0,0,1,1,0,0,0,0,0,0,0
29,87477,4,0,3,29,0,2,3,3,32.9,23,2021,10,0.0,7.2,0,2,2,0,0,0,0,0,1,0,0,0,0,0,0,0,1,0,1,0,0,0,1,0,0
37,62648,4,2,4,20,1,3,3,0,6.7,22,2021,3,0.5,5.0,1,1,0,0,0,0,0,0,0,0,0,1,0,1,0,0,0,0,0,0,0,1,0,0,0
29,21516,1,0,5,45,1,3,2,1,14.6,24,2024,2,0.0,45.0,0,0,1,1,0,0,0,0,1,1,0,0,0,0,0,1,0,1,0,0,0,0,0,1,0
50,110980,7,3,5,4,1,1,3,5,36.7,9,2018,1,0.43,0.6,2,3,2,1,0,1,0,0,0,0,1,0,0,1,0,0,0,1,0,0,0,0,0,0,1
29,75423,8,0,3,32,0,5,3,0,15.3,19,2017,6,0.0,4.0,0,2,1,1,0,1,0,0,0,1,0,0,0,0,1,0,0,0,0,0,1,0,0,0,0
49,71610,8,6,2,40,0,3,4,0,12.9,20,2017,7,0.75,5.0,2,2,1,0,1,0,0,0,0,0,1,0,0,0,0,0,0,1,0,0,0,0,0,0,1
36,96466,9,1,5,34,1,3,2,1,45.6,10,2016,9,0.11,3.8,1,2,2,1,0,0,0,0,0,0,1,0,0,0,0,0,0,0,1,0,0,0,1,0,0
55,75614,5,4,4,58,1,4,3,2,1.9,25,2020,2,0.8,11.6,3,2,0,0,0,0,0,0,0,0,0,0,1,1,0,0,0,1,0,0,0,0,0,1,0
45,85953,8,4,3,38,1,3,1,4,46.8,10,2017,8,0.5,4.8,2,2,2,0,0,1,0,0,0,0,0,0,0,0,0,0,1,0,0,0,0,0,0,1,0
57,61784,9,1,1,46,1,1,4,4,6.5,25,2016,10,0.11,5.1,3,1,0,0,1,0,0,0,1,0,0,0,1,1,0,0,0,0,0,0,0,0,0,0,1
32,97352,7,5,3,25,1,2,1,4,44.3,12,2018,2,0.71,3.6,1,2,2,1,0,0,0,0,0,0,0,1,0,0,0,1,0,0,1,1,0,0,0,0,0
49,97096,3,3,2,5,0,2,1,1,49.8,11,2022,11,1.0,1.7,2,2,2,0,1,1,0,0,0,0,0,0,0,0,1,0,0,1,0,0,1,0,0,0,0
58,38621,4,4,2,10,1,1,2,2,14.2,24,2021,11,1.0,2.5,3,0,1,1,0,0,1,0,0,1,0,0,0,0,1,0,0,0,1,0,0,0,1,0,0
31,42705,9,1,4,3,0,2,4,0,19.4,17,2016,5,0.11,0.3,1,1,1,1,0,0,0,1,0,1,0,0,0,0,1,0,0,0,0,0,0,0,0,1,0
32,17420,1,0,4,52,0,3,2,4,16.5,0,2024,3,0.0,52.0,1,0,1,0,0,0,1,0,0,0,0,0,1,0,1,0,0,1,0,0,0,0,0,1,0
37,107929,6,3,2,46,0,3,3,1,34.0,15,2019,9,0.5,7.7,1,3,2,0,1,0,0,0,1,0,0,0,0,0,0,0,0,1,0,0,0,0,0,1,0
23,74401,6,0,5,15,0,1,2,4,48.6,29,2019,11,0.0,2.5,0,2,2,0,0,0,0,1,0,0,1,0,0,0,0,0,1,1,0,0,0,0,1,0,0
39,71996,10,0,1,29,1,4,2,1,41.0,23,2015,6,0.0,2.9,1,2,2,0,0,0,0,1,0,0,0,0,1,1,0,0,0,0,1,0,1,0,0,0,0
47,99796,10,5,5,15,1,5,3,0,5.8,13,2015,12,0.5,1.5,2,2,0,1,0,0,0,1,0,0,1,0,0,0,0,0,1,0,1,0,0,0,0,0,0
33,38508,10,8,5,40,0,3,3,3,11.9,11,2015,11,0.8,4.0,1,0,1,0,0,0,0,0,0,0,0,0,0,0,1,0,0,0,1,0,0,0,0,0,1
47,49723,3,1,4,60,1,3,3,3,40.6,17,2022,7,0.33,20.0,2,1,2,0,0,0,0,0,0,0,1,0,0,0,0,0,0,0,1,0,1,0,0,0,0
42,79994,1,1,3,1,0,4,1,0,7.9,24,2024,5,1.0,1.0,2,2,0,1,0,1,0,0,0,0,0,0,1,0,1,0,0,1,0,0,0,0,0,0,1
45,101516,9,2,1,12,0,2,4,1,47.9,18,2016,9,0.22,1.3,2,3,2,0,0,0,1,0,0,0,1,0,0,0,0,0,0,1,0,0,0,0,1,0,0
47,30919,7,6,5,26,0,3,1,4,33.9,9,2018,7,0.86,3.7,2,0,2,0,1,0,1,0,0,0,1,0,0,0,0,1,0,0,1,0,0,1,0,0,0
60,21143,9,6,3,45,0,2,2,0,34.7,23,2016,3,0.67,5.0,3,0,2,1,0,0,0,0,1,0,0,1,0,0,0,1,0,0,1,0,1,0,0,0,0
23,43473,4,3,3,26,1,1,1,4,2.0,26,2021,4,0.75,6.5,0,1,0,0,0,0,1,0,0,0,0,0,1,1,0,0,0,0,0,0,0,0,1,0,0
48,74094,5,4,1,48,1,1,4,3,22.0,24,2020,9,0.8,9.6,2,2,1,0,1,0,1,0,0,0,0,0,1,0,0,0,1,0,1,0,0,0,0,0,1
51,56604,9,2,5,54,0,3,4,4,18.9,18,2016,11,0.22,6.0,3,1,1,0,1,0,0,0,0,0,0,0,0,1,0,0,0,1,0,0,1,0,0,0,0
39,66269,6,4,2,24,1,2,2,2,35.4,21,2019,12,0.67,4.0,1,1,2,0,0,0,1,0,0,0,0,1,0,1,0,0,0,0,1,0,0,0,0,0,0
29,82586,10,1,1,39,0,1,2,4,19.9,30,2015,9,0.1,3.9,0,2,1,1,0,0,0,0,1,0,0,0,0,0,0,1,0,0,1,0,0,0,0,1,0
60,40198,10,10,2,25,1,5,4,0,20.5,15,2015,12,1.0,2.5,3,1,1,0,1,0,0,0,0,0,0,0,0,0,0,0,1,0,0,0,0,0,0,0,0
55,68365,8,0,4,58,1,3,2,3,36.0,19,2017,6,0.0,7.2,3,1,2,1,0,0,0,1,0,0,0,1,0,0,0,0,0,1,0,0,0,0,0,0,1
45,41859,4,4,2,1,1,2,2,2,14.5,22,2021,7,1.0,0.2,2,1,1,0,1,0,0,0,0,1,0,0,0,1,0,0,0,1,0,0,0,0,0,0,1
40,27361,7,5,1,9,0,5,2,0,48.6,19,2018,4,0.71,1.3,1,0,2,1,0,0,1,0,0,0,0,0,0,0,1,0,0,1,0,1,0,0,0,0,0
23,22687,3,3,3,30,1,2,4,1,11.2,6,2022,2,1.0,10.0,0,0,1,0,0,0,0,0,0,0,1,0,0,0,0,0,0,0,1,0,0,1,0,0,0
31,57104,2,0,2,55,1,2,1,3,32.1,11,2023,4,0.0,27.5,1,1,2,1,0,0,0,0,0,0,0,0,0,0,1,0,0,0,1,0,0,0,0,0,0
23,20498,3,1,2,41,1,2,4,1,10.6,19,2022,8,0.33,13.7,0,0,1,0,0,0,0,0,0,0,0,0,0,0,0,0,0,1,0,0,0,1,0,0,0
23,83122,10,7,4,5,0,3,4,0,40.0,18,2015,6,0.7,0.5,0,2,2,0,1,0,0,0,0,0,0,1,0,0,0,0,1,0,0,0,0,0,0,0,0
27,78005,3,3,2,34,0,3,4,3,22.8,1,2022,8,1.0,11.3,0,2,1,0,0,0,1,0,0,0,0,0,0,1,0,0,0,0,1,0,0,1,0,0,0
31,93479,4,2,2,9,1,2,4,5,31.2,20,2021,9,0.5,2.2,1,2,2,0,0,0,0,1,0,1,0,0,0,1,0,0,0,0,0,1,0,0,0,0,0
38,114803,8,4,5,10,0,3,2,5,41.4,10,2017,11,0.5,1.2,1,3,2,0,0,0,0,0,1,0,0,0,0,0,0,0,0,1,0,0,0,1,0,0,0
51,100612,8,0,4,8,1,5,3,4,21.7,24,2017,6,0.0,1.0,3,3,1,1,0,0,0,0,0,0,1,0,0,0,1,0,0,0,0,0,1,0,0,0,0
57,70855,9,7,4,43,0,1,2,0,16.5,3,2016,4,0.78,4.8,3,2,1,0,0,0,0,1,0,0,0,1,0,1,0,0,0,0,1,1,0,0,0,0,0
44,118505,8,3,5,9,1,3,1,2,10.5,19,2017,3,0.38,1.1,2,3,1,0,1,1,0,0,0,0,0,0,1,0,0,0,0,1,0,0,0,1,0,0,0
25,93226,5,5,4,24,0,1,1,4,3.5,2,2020,10,1.0,4.8,0,2,0,0,1,1,0,0,0,0,0,0,1,0,0,1,0,0,0,0,0,0,0,1,0
54,118084,4,4,1,52,0,4,3,3,19.2,24,2021,11,1.0,13.0,3,3,1,0,1,1,0,0,0,0,0,1,0,1,0,0,0,0,1,0,0,0,0,0,0
25,55780,7,4,3,47,0,2,4,4,25.8,27,2018,3,0.57,6.7,0,1,2,0,1,0,0,0,0,1,0,0,0,0,0,0,1,1,0,1,0,0,0,0,0
36,70661,4,4,1,23,0,3,1,4,1.6,24,2021,10,1.0,5.8,1,2,0,0,1,0,0,0,1,1,0,0,0,0,1,0,0,1,0,1,0,0,0,0,0
24,40061,6,2,5,50,0,5,2,4,6.6,11,2019,5,0.33,8.3,0,1,0,0,1,1,0,0,0,0,1,0,0,0,0,0,1,1,0,0,1,0,0,0,0
50,102946,5,0,1,23,1,1,3,4,35.9,10,2020,9,0.0,4.6,2,3,2,0,0,0,0,0,0,1,0,0,0,0,1,0,0,1,0,0,0,1,0,0,0
33,91811,8,2,5,43,0,3,1,2,42.3,0,2017,1,0.25,5.4,1,2,2,0,0,0,0,0,0,0,0,0,1,0,0,0,0,0,1,0,1,0,0,0,0
48,74462,1,0,2,55,0,1,4,4,24.7,2,2024,1,0.0,55.0,2,2,1,0,0,0,0,1,0,1,0,0,0,0,0,0,0,0,0,0,0,0,1,0,0
49,15438,4,1,3,25,1,3,2,3,40.0,19,2021,9,0.25,6.2,2,0,2,0,1,0,0,1,0,0,0,0,1,0,0,0,1,0,0,0,0,1,0,0,0
32,107326,7,0,5,10,1,3,1,3,13.8,19,2018,6,0.0,1.4,1,3,1,0,1,0,0,0,0,1,0,0,0,0,0,0,1,0,0,0,0,0,1,0,0
51,23643,2,2,5,40,0,5,3,1,27.8,19,2023,10,1.0,20.0,3,0,2,0,0,0,0,0,1,0,1,0,0,0,0,0,1,0,1,0,0,0,1,0,0
51,62948,4,3,5,13,0,3,3,5,7.9,13,2021,10,0.75,3.2,3,1,0,1,0,0,0,0,0,1,0,0,0,0,0,0,1,0,0,0,0,0,0,0,1
49,43326,6,1,2,21,0,5,3,3,27.8,3,2019,8,0.17,3.5,2,1,2,1,0,0,1,0,0,0,1,0,0,0,0,0,1,0,0,0,0,0,1,0,0
37,31048,7,4,2,30,1,4,4,4,12.4,25,2018,3,0.57,4.3,1,0,1,0,0,0,1,0,0,0,0,0,0,0,0,0,1,1,0,0,0,0,0,0,1
35,71784,10,8,5,15,0,3,2,3,20.8,21,2015,6,0.8,1.5,1,2,1,1,0,0,0,0,1,1,0,0,0,1,0,0,0,0,0,0,0,0,0,1,0
36,65271,2,2,2,57,1,2,4,2,26.4,15,2023,8,1.0,28.5,1,1,2,1,0,0,0,0,1,0,0,0,1,0,0,1,0,0,1,0,0,0,0,0,1
41,66408,4,1,1,50,0,1,3,0,47.2,5,2021,9,0.25,12.5,2,1,2,0,1,0,0,1,0,0,1,0,0,1,0,0,0,0,0,0,1,0,0,0,0
53,27926,8,4,3,29,0,3,2,3,1.0,18,2017,8,0.5,3.6,3,0,0,1,0,0,1,0,0,0,0,1,0,0,0,0,0,1,0,0,0,0,1,0,0
49,109870,10,7,1,6,1,4,4,4,24.5,23,2015,10,0.7,0.6,2,3,1,0,1,0,1,0,0,1,0,0,0,0,1,0,0,0,1,0,0,1,0,0,0
39,110796,8,0,2,12,1,2,2,3,32.3,14,2017,11,0.0,1.5,1,3,2,0,0,0,0,0,0,0,0,0,0,0,0,0,1,0,1,1,0,0,0,0,0
45,116370,2,2,5,21,1,3,1,1,38.0,13,2023,12,1.0,10.5,2,3,2,1,0,0,0,0,0,0,0,0,0,0,0,1,0,0,0,0,0,0,0,0,0
50,32418,10,8,1,58,0,5,1,1,43.2,27,2015,8,0.8,5.8,2,0,2,1,0,0,0,1,0,0,1,0,0,0,0,0,0,1,0,0,0,1,0,0,0
36,47293,8,7,2,42,1,1,1,5,43.5,4,2017,5,0.88,5.2,1,1,2,0,0,0,0,0,1,0,0,0,1,0,0,0,0,0,0,0,0,0,0,1,0
55,21174,9,7,4,58,0,2,3,0,30.4,10,2016,9,0.78,6.4,3,0,2,1,0,1,0,0,0,0,0,0,0,0,0,1,0,0,1,0,0,1,0,0,0
38,34479,7,3,2,36,0,5,1,1,42.0,2,2018,12,0.43,5.1,1,0,2,0,0,1,0,0,0,0,0,1,0,0,1,0,0,0,0,0,0,1,0,0,0
23,74914,9,1,1,51,0,1,4,4,3.7,28,2016,9,0.11,5.7,0,2,0,1,0,0,1,0,0,0,0,0,0,0,0,1,0,0,0,0,0,0,0,0,0
31,47694,5,0,3,27,0,2,2,3,33.2,3,2020,11,0.0,5.4,1,1,2,0,1,0,0,0,0,0,0,0,1,0,0,1,0,1,0,0,0,0,0,0,1
22,107936,7,6,3,10,0,4,3,4,48.7,18,2018,12,0.86,1.4,0,3,2,0,1,0,0,0,0,0,0,0,1,0,0,1,0,0,0,0,1,0,0,0,0
58,61813,2,0,3,0,1,1,4,0,45.1,27,2023,11,0.0,0.0,3,1,2,1,0,1,0,0,0,0,0,1,0,1,0,0,0,0,0,1,0,0,0,0,0
26,19361,4,2,5,21,0,4,4,3,45.2,16,2021,3,0.5,5.2,0,0,2,1,0,0,0,1,0,0,0,1,0,0,1,0,0,0,0,0,0,1,0,0,0
43,16901,3,0,2,43,1,4,2,4,46.1,12,2022,3,0.0,14.3,2,0,2,0,1,0,0,0,1,0,0,0,1,0,0,0,1,0,1,1,0,0,0,0,0
33,26586,5,3,3,17,1,4,2,0,8.4,7,2020,5,0.6,3.4,1,0,0,1,0,0,0,0,0,0,0,0,1,1,0,0,0,1,0,0,0,0,0,1,0
25,40262,7,7,1,27,1,3,2,5,4.6,10,2018,5,1.0,3.9,0,1,0,0,1,0,0,0,0,1,0,0,0,0,0,0,1,1,0,1,0,0,0,0,0
26,38309,4,3,1,23,1,4,4,4,47.4,29,2021,4,0.75,5.8,0,0,2,0,0,0,1,0,0,0,0,0,0,1,0,0,0,0,1,0,1,0,0,0,0
25,71737,6,2,1,19,1,3,4,5,5.5,26,2019,12,0.33,3.2,0,2,0,0,0,0,0,1,0,1,0,0,0,0,1,0,0,0,0,0,1,0,0,0,0
31,107290,8,8,4,47,0,3,3,0,42.4,8,2017,10,1.0,5.9,1,3,2,1,0,1,0,0,0,0,0,0,1,0,0,0,0,0,1,0,0,0,0,0,0
39,53198,4,0,4,14,0,4,2,3,25.6,26,2021,1,0.0,3.5,1,1,2,0,0,1,0,0,0,0,1,0,0,1,0,0,0,0,0,0,0,0,0,1,0
47,68012,8,1,1,14,0,1,3,2,18.2,14,2017,7,0.12,1.8,2,1,1,1,0,0,0,1,0,0,0,0,1,0,0,0,1,0,0,0,0,0,0,0,1
47,32730,4,0,3,55,0,1,3,3,13.7,20,2021,7,0.0,13.8,2,0,1,1,0,0,0,0,1,0,1,0,0,0,0,0,0,0,1,0,0,0,0,1,0
43,92436,7,0,5,34,1,1,2,5,14.5,7,2018,7,0.0,4.9,2,2,1,1,0,0,0,1,0,0,1,0,0,0,0,0,1,1,0,0,0,1,0,0,0
25,106459,10,9,2,30,0,2,2,2,33.0,18,2015,12,0.9,3.0,0,3,2,0,1,0,0,0,0,0,0,0,0,0,0,0,1,0,0,0,0,0,0,1,0
36,26264,9,9,4,50,1,1,1,0,43.7,10,2016,6,1.0,5.6,1,0,2,1,0,0,0,0,0,0,1,0,0,0,0,1,0,0,1,0,1,0,0,0,0
30,49731,2,2,4,42,0,2,1,2,5.9,30,2023,9,1.0,21.0,0,1,0,1,0,0,0,0,1,0,0,1,0,1,0,0,0,0,1,0,0,0,0,0,1
34,15994,8,0,3,34,1,1,2,2,32.9,16,2017,1,0.0,4.2,1,0,2,0,1,0,1,0,0,1,0,0,0,0,0,0,0,0,1,0,1,0,0,0,0
52,34105,3,2,2,55,0,3,2,1,9.4,24,2022,4,0.67,18.3,3,0,0,1,0,1,0,0,0,0,0,0,0,0,0,0,1,0,0,0,0,0,0,1,0
34,52171,2,0,1,39,1,3,3,0,31.3,19,2023,8,0.0,19.5,1,1,2,0,1,0,0,0,1,0,0,1,0,1,0,0,0,0,1,0,0,0,0,1,0
60,93974,2,1,3,35,0,3,1,2,21.2,15,2023,9,0.5,17.5,3,2,1,0,0,0,1,0,0,0,0,1,0,0,0,0,0,1,0,0,0,0,1,0,0
48,48236,3,3,3,9,0,2,4,4,28.6,22,2022,2,1.0,3.0,2,1,2,1,0,0,1,0,0,0,0,0,1,0,0,0,0,0,1,0,1,0,0,0,0
60,107775,8,2,2,12,1,5,1,2,44.2,8,2017,11,0.25,1.5,3,3,2,0,0,0,0,1,0,0,1,0,0,0,0,0,1,0,0,0,0,0,0,0,1
28,66905,9,5,2,50,0,3,4,3,10.8,24,2016,9,0.56,5.6,0,1,1,0,1,0,1,0,0,0,0,0,0,0,0,0,0,1,0,0,0,0,0,1,0
38,108528,9,2,4,22,0,4,4,5,16.9,13,2016,10,0.22,2.4,1,3,1,0,1,0,1,0,0,0,0,0,1,0,0,0,0,0,0,1,0,0,0,0,0
30,79720,8,7,1,45,1,5,4,1,27.9,8,2017,9,0.88,5.6,0,2,2,0,1,1,0,0,0,0,1,0,0,0,1,0,0,0,0,1,0,0,0,0,0
30,79997,7,5,5,22,0,4,4,0,13.3,20,2018,10,0.71,3.1,0,2,1,1,0,1,0,0,0,0,0,0,0,0,0,0,0,0,1,0,0,1,0,0,0
39,101007,3,2,5,32,0,2,1,2,33.2,19,2022,1,0.67,10.7,1,3,2,0,0,1,0,0,0,0,0,0,0,0,0,1,0,1,0,0,0,0,1,0,0
52,17325,3,1,5,19,0,3,1,4,35.9,2,2022,8,0.33,6.3,3,0,2,0,1,1,0,0,0,0,0,0,0,0,1,0,0,0,1,0,0,0,0,1,0
29,43250,6,4,5,20,1,2,2,2,12.6,25,2019,5,0.67,3.3,0,1,1,0,0,0,0,0,1,1,0,0,0,0,1,0,0,1,0,0,0,0,0,1,0
32,57239,8,7,3,4,0,5,2,2,5.3,29,2017,12,0.88,0.5,1,1,0,0,0,0,0,1,0,0,0,0,0,1,0,0,0,0,0,0,1,0,0,0,0
44,39269,10,4,4,2,1,3,2,1,32.4,26,2015,10,0.4,0.2,2,0,2,1,0,1,0,0,0,0,1,0,0,1,0,0,0,0,0,0,1,0,0,0,0
29,31358,7,6,2,31,0,1,1,2,34.2,27,2018,10,0.86,4.4,0,0,2,0,0,0,0,1,0,0,1,0,0,0,1,0,0,1,0,0,1,0,0,0,0
56,87888,8,8,4,57,1,2,2,3,36.7,13,2017,6,1.0,7.1,3,2,2,0,1,0,0,1,0,0,0,0,1,1,0,0,0,0,1,0,0,0,1,0,0
24,62511,6,0,1,29,1,1,4,4,21.4,24,2019,11,0.0,4.8,0,1,1,0,0,0,0,1,0,0,0,0,0,0,1,0,0,0,0,0,0,0,0,0,1
53,109806,9,8,5,49,0,3,4,1,22.7,28,2016,12,0.89,5.4,3,3,1,0,1,1,0,0,0,0,1,0,0,1,0,0,0,1,0,0,0,0,0,0,0
42,78185,3,2,5,46,1,3,2,0,17.3,7,2022,9,0.67,15.3,2,2,1,0,0,1,0,0,0,0,0,0,0,0,0,0,1,1,0,0,0,0,0,0,1
44,117077,7,2,1,10,1,4,4,5,37.1,7,2018,9,0.29,1.4,2,3,2,0,0,0,0,0,1,0,0,0,0,1,0,0,0,0,1,0,1,0,0,0,0
51,66589,6,5,5,36,0,5,2,5,12.3,27,2019,12,0.83,6.0,3,1,1,0,1,0,0,1,0,0,0,0,1,1,0,0,0,0,1,0,0,0,0,0,1
34,75115,3,2,1,43,0,2,1,0,37.6,6,2022,11,0.67,14.3,1,2,2,1,0,0,0,0,1,0,0,1,0,1,0,0,0,1,0,0,0,1,0,0,0
24,31049,9,3,5,11,1,3,3,3,17.0,7,2016,7,0.33,1.2,0,0,1,0,1,0,1,0,0,0,0,0,1,0,0,1,0,0,0,0,0,1,0,0,0
40,39424,4,3,1,9,0,3,3,3,22.2,5,2021,10,0.75,2.2,1,0,1,0,0,0,0,1,0,0,1,0,0,0,0,0,1,0,1,0,0,0,1,0,0
51,103679,2,1,5,55,0,4,1,1,1.5,2,2023,5,0.5,27.5,3,3,0,1,0,0,0,0,0,1,0,0,0,0,1,0,0,0,1,1,0,0,0,0,0
29,19421,1,1,1,30,1,2,1,4,29.4,23,2024,1,1.0,30.0,0,0,2,0,0,0,0,1,0,0,0,1,0,0,0,1,0,0,0,1,0,0,0,0,0
42,46521,10,6,5,6,0,3,1,4,38.2,13,2015,7,0.6,0.6,2,1,2,0,0,0,0,1,0,0,0,1,0,0,1,0,0,0,1,0,0,0,1,0,0
39,21998,3,1,3,38,1,2,4,2,26.9,17,2022,10,0.33,12.7,1,0,2,0,0,0,0,0,1,0,0,1,0,0,0,0,0,0,0,0,0,0,0,0,0
40,48771,2,0,3,43,1,1,3,3,3.8,0,2023,1,0.0,21.5,1,1,0,1,0,0,0,0,1,0,0,0,1,0,0,0,1,0,1,0,0,0,0,0,1
31,93024,10,1,5,23,0,4,2,3,7.4,18,2015,11,0.1,2.3,1,2,0,1,0,0,0,0,0,1,0,0,0,0,0,0,1,0,0,0,0,0,0,0,1
42,47556,10,4,1,58,1,3,4,2,30.3,18,2015,12,0.4,5.8,2,1,2,1,0,0,1,0,0,0,1,0,0,0,0,1,0,0,1,0,0,0,0,0,1
48,60576,10,2,1,36,1,5,3,3,43.6,27,2015,10,0.2,3.6,2,1,2,0,0,0,0,0,0,0,1,0,0,0,0,1,0,1,0,0,0,0,1,0,0
43,47603,9,9,4,36,1,4,2,3,24.3,19,2016,8,1.0,4.0,2,1,1,1,0,1,0,0,0,0,1,0,0,0,0,1,0,0,1,0,1,0,0,0,0
31,25235,8,1,1,33,0,3,1,5,7.5,7,2017,4,0.12,4.1,1,0,0,1,0,1,0,0,0,0,1,0,0,0,0,1,0,0,0,0,0,0,0,0,0
44,105529,5,5,5,33,0,1,2,1,2.7,17,2020,11,1.0,6.6,2,3,0,1,0,0,0,0,0,0,0,0,0,1,0,0,0,1,0,0,0,0,0,0,0
60,117623,10,1,4,16,1,5,1,5,40.8,22,2015,8,0.1,1.6,3,3,2,0,1,0,0,0,1,0,0,0,1,0,0,0,1,0,0,0,0,0,0,0,1
58,36844,4,3,3,51,1,5,1,0,32.0,19,2021,3,0.75,12.8,3,0,2,0,0,1,0,0,0,0,0,0,1,0,0,0,1,1,0,1,0,0,0,0,0
24,108102,6,5,2,50,1,2,4,5,10.3,21,2019,4,0.83,8.3,0,3,1,0,0,0,1,0,0,0,1,0,0,0,0,0,0,0,0,0,0,0,0,0,0
48,15885,4,0,1,56,0,3,1,1,15.5,2,2021,4,0.0,14.0,2,0,1,0,0,0,1,0,0,0,0,0,0,1,0,0,0,1,0,0,0,1,0,0,0
31,41535,1,1,5,49,1,5,3,2,14.9,1,2024,6,1.0,49.0,1,1,1,0,0,0,0,0,0,0,0,0,1,1,0,0,0,0,1,0,0,0,1,0,0
59,86445,8,8,2,2,0,1,4,0,20.2,1,2017,7,1.0,0.2,3,2,1,1,0,1,0,0,0,0,0,1,0,0,0,0,1,0,1,0,0,0,0,0,0
26,43744,2,2,4,9,1,3,1,2,40.1,22,2023,1,1.0,4.5,0,1,2,1,0,0,0,0,1,0,1,0,0,0,0,1,0,0,1,1,0,0,0,0,0
37,55680,3,3,3,17,0,3,1,0,42.1,23,2022,12,1.0,5.7,1,1,2,1,0,0,0,0,0,0,0,0,0,0,0,0,1,1,0,0,0,0,0,0,1
41,64605,8,6,3,52,0,1,2,3,38.9,22,2017,2,0.75,6.5,2,1,2,1,0,0,0,0,0,0,0,0,1,0,0,0,1,0,0,0,0,1,0,0,0
38,51749,8,8,4,2,1,4,4,5,39.9,10,2017,6,1.0,0.2,1,1,2,0,0,0,1,0,0,0,0,0,1,0,1,0,0,1,0,1,0,0,0,0,0
44,84961,10,0,2,16,0,3,2,0,43.1,23,2015,12,0.0,1.6,2,2,2,1,0,0,0,1,0,0,1,0,0,0,0,1,0,0,1,0,1,0,0,0,0
33,104265,2,2,1,54,1,5,2,5,21.1,18,2023,10,1.0,27.0,1,3,1,0,0,0,0,0,0,0,1,0,0,0,0,0,0,0,0,0,0,0,0,0,0
29,18704,6,1,4,39,0,5,1,3,18.7,2,2019,9,0.17,6.5,0,0,1,1,0,0,0,1,0,0,1,0,0,0,0,1,0,1,0,0,0,0,0,0,1
47,21790,6,5,5,33,1,4,4,2,39.2,22,2019,3,0.83,5.5,2,0,2,0,1,1,0,0,0,0,1,0,0,1,0,0,0,0,0,1,0,0,0,0,0
33,91325,10,2,3,54,0,4,3,1,40.1,5,2015,12,0.2,5.4,1,2,2,0,1,0,0,0,0,0,0,1,0,0,0,0,1,1,0,0,0,0,1,0,0
31,116808,5,2,4,30,1,1,1,1,1.8,25,2020,7,0.4,6.0,1,3,0,0,0,1,0,0,0,0,0,1,0,0,0,0,1,0,1,0,0,0,1,0,0
58,19334,2,1,2,55,0,1,1,4,9.6,3,2023,3,0.5,27.5,3,0,0,0,1,0,0,1,0,1,0,0,0,0,1,0,0,0,0,0,0,0,0,1,0
59,16448,8,8,5,6,1,4,2,4,36.9,27,2017,4,1.0,0.8,3,0,2,0,1,1,0,0,0,1,0,0,0,0,0,0,0,1,0,0,0,0,0,0,1
38,56681,10,2,3,36,0,1,2,3,34.4,28,2015,9,0.2,3.6,1,1,2,0,1,0,0,0,0,0,1,0,0,1,0,0,0,1,0,0,0,1,0,0,0
58,23309,7,2,3,53,0,3,4,4,27.9,11,2018,6,0.29,7.6,3,0,2,0,1,0,1,0,0,0,0,0,1,1,0,0,0,1,0,1,0,0,0,0,0
45,73301,5,1,1,35,1,1,3,3,42.4,22,2020,10,0.2,7.0,2,2,2,0,1,0,0,0,0,1,0,0,0,0,0,0,0,0,1,0,0,0,0,0,1
32,83942,3,0,2,26,1,4,4,0,23.5,10,2022,1,0.0,8.7,1,2,1,0,1,0,0,1,0,0,0,1,0,0,0,0,1,0,0,0,1,0,0,0,0
50,104326,2,0,2,60,1,5,2,5,14.2,0,2023,4,0.0,30.0,2,3,1,0,1,1,0,0,0,0,0,1,0,0,1,0,0,0,1,0,0,0,0,1,0
27,45167,4,1,4,17,0,1,3,5,12.9,12,2021,10,0.25,4.2,0,1,1,0,1,0,0,0,1,0,1,0,0,0,1,0,0,0,1,0,0,0,0,1,0
53,49440,5,3,1,36,1,2,3,0,36.5,29,2020,10,0.6,7.2,3,1,2,1,0,0,0,0,0,0,0,1,0,0,0,0,0,1,0,0,0,0,0,0,0
25,76562,10,4,3,47,1,2,1,2,27.9,20,2015,7,0.4,4.7,0,2,2,0,0,0,0,0,1,1,0,0,0,1,0,0,0,0,0,0,0,0,0,0,0
33,18052,5,4,1,54,0,3,1,1,6.5,23,2020,8,0.8,10.8,1,0,0,0,1,0,0,1,0,0,0,0,1,0,0,0,0,0,1,0,0,0,0,1,0
59,96635,1,0,5,24,1,4,1,3,33.0,13,2024,1,0.0,24.0,3,2,2,1,0,0,0,0,1,0,0,0,1,0,0,0,0,0,1,0,0,0,1,0,0
46,77135,7,1,3,14,1,5,4,4,21.3,6,2018,11,0.14,2.0,2,2,1,0,1,0,0,1,0,0,0,1,0,1,0,0,0,0,1,0,0,0,1,0,0
24,57097,9,5,1,2,0,1,4,0,47.9,1,2016,10,0.56,0.2,0,1,2,0,1,1,0,0,0,1,0,0,0,0,0,0,0,0,1,0,0,0,0,0,1
40,119649,5,1,2,60,1,5,2,2,14.7,27,2020,4,0.2,12.0,1,3,1,1,0,0,0,0,1,1,0,0,0,0,1,0,0,1,0,0,0,1,0,0,0
40,117196,4,3,5,36,0,4,4,4,6.1,1,2021,4,0.75,9.0,1,3,0,0,0,0,0,0,0,0,0,1,0,0,0,1,0,0,0,0,0,0,0,0,0
29,95058,3,2,4,56,0,1,1,4,44.9,9,2022,9,0.67,18.7,0,2,2,0,1,0,0,0,0,0,0,0,0,0,0,0,0,0,1,0,0,0,0,0,1
30,80187,8,3,2,41,1,5,1,1,49.4,30,2017,12,0.38,5.1,0,2,2,0,0,0,1,0,0,0,0,0,1,0,0,1,0,0,1,0,0,1,0,0,0
32,93516,4,0,1,22,1,5,1,5,13.9,22,2021,5,0.0,5.5,1,2,1,1,0,0,0,0,1,0,0,0,1,0,1,0,0,1,0,0,0,0,0,1,0
44,35109,1,1,2,55,0,1,3,1,49.1,2,2024,1,1.0,55.0,2,0,2,0,1,0,0,1,0,0,0,1,0,0,0,0,1,1,0,1,0,0,0,0,0
24,19770,9,6,4,58,0,5,2,5,44.6,9,2016,3,0.67,6.4,0,0,2,1,0,0,0,0,0,0,0,1,0,0,0,0,1,1,0,0,0,0,0,1,0
25,67399,6,6,4,42,0,3,3,3,4.9,17,2019,6,1.0,7.0,0,1,0,1,0,1,0,0,0,0,0,0,1,0,1,0,0,1,0,0,1,0,0,0,0
37,69081,6,6,3,6,0,5,3,0,40.1,3,2019,10,1.0,1.0,1,1,2,1,0,0,1,0,0,0,0,0,1,0,0,1,0,1,0,0,0,0,0,0,0
53,94051,5,3,1,7,1,2,4,0,40.9,15,2020,10,0.6,1.4,3,2,2,1,0,1,0,0,0,1,0,0,0,0,0,0,1,0,0,0,0,0,0,0,1
39,100532,3,0,3,37,1,4,4,0,16.8,3,2022,9,0.0,12.3,1,3,1,0,0,0,0,1,0,1,0,0,0,0,0,1,0,0,1,0,0,1,0,0,0
42,25265,10,8,4,24,1,1,2,3,33.5,30,2015,10,0.8,2.4,2,0,2,0,1,0,1,0,0,0,1,0,0,0,0,1,0,0,1,0,0,0,0,0,1
50,87018,8,0,3,51,0,4,3,3,21.7,29,2017,10,0.0,6.4,2,2,1,1,0,1,0,0,0,1,0,0,0,1,0,0,0,0,0,0,0,0,0,1,0
27,104038,2,1,1,24,1,5,1,1,45.7,27,2023,1,0.5,12.0,0,3,2,0,0,0,1,0,0,1,0,0,0,0,0,0,0,0,1,1,0,0,0,0,0
32,30026,3,1,2,34,1,5,3,2,26.8,30,2022,1,0.33,11.3,1,0,2,0,0,0,0,1,0,1,0,0,0,0,1,0,0,0,1,0,0,0,1,0,0
42,71675,7,2,4,30,0,4,3,5,10.1,26,2018,2,0.29,4.3,2,2,1,1,0,0,0,0,1,1,0,0,0,0,0,1,0,0,0,0,0,0,0,1,0
43,40733,2,2,5,41,1,3,3,4,4.9,21,2023,2,1.0,20.5,2,1,0,0,1,1,0,0,0,0,0,0,1,0,0,0,1,0,0,0,0,0,0,0,1
29,24863,3,0,3,12,1,3,2,0,10.7,18,2022,4,0.0,4.0,0,0,1,0,0,0,0,1,0,0,0,0,0,0,0,0,1,0,0,0,0,0,0,0,1
29,68470,3,3,1,34,0,3,4,2,24.8,19,2022,7,1.0,11.3,0,1,1,0,1,0,0,0,0,0,0,1,0,1,0,0,0,0,0,1,0,0,0,0,0
46,75247,7,4,2,14,0,4,3,2,1.2,15,2018,2,0.57,2.0,2,2,0,0,1,1,0,0,0,0,0,0,0,0,1,0,0,1,0,0,0,1,0,0,0
59,20084,2,0,4,50,1,1,2,1,45.2,23,2023,4,0.0,25.0,3,0,2,1,0,0,0,0,0,0,0,0,0,1,0,0,0,0,0,0,0,0,1,0,0
33,58505,6,2,5,22,1,2,1,0,49.7,10,2019,7,0.33,3.7,1,1,2,0,1,0,0,1,0,0,0,1,0,0,0,0,1,0,0,0,0,0,0,1,0
25,96790,1,0,5,41,1,3,4,1,47.3,9,2024,1,0.0,41.0,0,2,2,1,0,1,0,0,0,0,1,0,0,1,0,0,0,0,1,0,0,0,0,0,1
33,72628,8,5,4,26,1,1,3,4,32.0,11,2017,8,0.62,3.2,1,2,2,0,1,0,0,0,1,0,0,0,1,0,0,0,0,0,1,0,0,1,0,0,0
35,34540,4,3,1,17,1,1,2,4,37.3,7,2021,1,0.75,4.2,1,0,2,1,0,0,0,1,0,0,1,0,0,0,0,0,1,1,0,0,0,0,0,0,1
44,19339,1,0,2,26,0,3,1,0,14.9,8,2024,2,0.0,26.0,2,0,1,1,0,0,0,0,1,0,0,0,0,0,0,0,0,0,0,0,0,0,0,1,0
44,81473,7,6,2,26,1,5,3,5,36.4,29,2018,7,0.86,3.7,2,2,2,0,1,0,1,0,0,0,0,1,0,0,0,1,0,0,1,0,0,1,0,0,0
60,116976,7,6,1,2,0,5,3,0,39.6,9,2018,11,0.86,0.3,3,3,2,1,0,0,0,1,0,0,0,0,1,0,1,0,0,0,1,0,0,1,0,0,0
41,88650,6,2,3,36,0,1,1,5,1.4,28,2019,12,0.33,6.0,2,2,0,1,0,0,0,1,0,0,0,0,1,1,0,0,0,1,0,0,0,0,0,0,1
38,89016,6,1,3,47,0,3,2,1,43.5,19,2019,4,0.17,7.8,1,2,2,0,0,1,0,0,0,0,0,0,0,0,1,0,0,0,1,0,0,0,0,0,0
56,43958,4,1,1,8,1,2,3,0,40.5,29,2021,11,0.25,2.0,3,1,2,0,1,0,1,0,0,0,1,0,0,1,0,0,0,0,1,0,1,0,0,0,0
30,66169,5,1,5,30,1,1,2,1,4.7,25,2020,11,0.2,6.0,0,1,0,0,1,0,0,0,0,1,0,0,0,0,0,0,1,0,0,1,0,0,0,0,0
37,32225,3,3,3,9,0,1,1,4,18.1,24,2022,3,1.0,3.0,1,0,1,1,0,0,0,0,1,0,0,0,0,0,0,0,0,1,0,0,0,0,0,0,0
39,106351,8,0,3,24,1,3,2,4,9.5,0,2017,2,0.0,3.0,1,3,0,0,0,0,0,1,0,0,0,0,0,0,0,1,0,0,0,0,0,0,0,0,0
56,57250,5,5,3,7,0,3,1,3,29.7,4,2020,12,1.0,1.4,3,1,2,0,1,0,1,0,0,0,0,1,0,1,0,0,0,0,1,0,0,0,0,0,1
48,35548,7,3,2,29,1,5,3,1,1.6,27,2018,7,0.43,4.1,2,0,0,1,0,0,1,0,0,0,0,0,0,0,0,1,0,0,0,0,1,0,0,0,0
56,34129,2,1,1,47,1,3,3,2,36.6,16,2023,6,0.5,23.5,3,0,2,1,0,0,0,1,0,1,0,0,0,0,1,0,0,0,0,0,0,0,0,1,0
60,72981,6,1,4,56,0,1,1,0,13.2,23,2019,12,0.17,9.3,3,2,1,0,1,0,0,0,0,1,0,0,0,0,0,0,0,0,0,0,0,0,0,0,1
44,71670,4,1,1,24,0,1,4,5,12.1,24,2021,6,0.25,6.0,2,2,1,1,0,0,0,0,1,0,0,1,0,1,0,0,0,0,0,0,0,0,0,0,1
27,96802,7,5,2,19,0,3,1,5,29.9,9,2018,5,0.71,2.7,0,2,2,0,1,0,0,1,0,1,0,0,0,1,0,0,0,0,0,0,0,0,0,0,1
23,49289,9,9,5,21,0,2,1,0,29.4,6,2016,1,1.0,2.3,0,1,2,0,1,0,0,0,1,1,0,0,0,0,0,0,0,1,0,0,0,0,0,0,0
48,25600,7,3,3,39,1,3,1,0,13.7,30,2018,5,0.43,5.6,2,0,1,0,0,0,0,0,0,0,0,1,0,0,0,0,0,1,0,0,0,0,0,0,0
36,91087,6,2,2,60,1,4,4,2,27.0,15,2019,4,0.33,10.0,1,2,2,0,0,0,0,1,0,0,1,0,0,0,0,1,0,0,0,0,0,0,1,0,0
60,99967,8,3,5,42,1,4,2,1,5.5,2,2017,9,0.38,5.2,3,2,0,1,0,0,0,1,0,0,1,0,0,0,0,0,1,0,1,0,1,0,0,0,0
59,94046,10,9,1,60,0,3,3,3,45.1,10,2015,7,0.9,6.0,3,2,2,0,0,1,0,0,0,1,0,0,0,0,0,1,0,1,0,0,1,0,0,0,0
49,73967,7,4,2,12,1,2,3,2,42.6,11,2018,4,0.57,1.7,2,2,2,0,0,1,0,0,0,0,1,0,0,1,0,0,0,0,0,0,0,0,0,1,0
51,16593,10,4,2,43,1,3,4,0,46.4,13,2015,12,0.4,4.3,3,0,2,0,1,0,0,0,1,0,1,0,0,0,0,1,0,1,0,0,0,0,0,0,0
47,27907,8,6,2,56,1,5,4,5,39.3,19,2017,4,0.75,7.0,2,0,2,0,1,1,0,0,0,0,1,0,0,0,1,0,0,0,1,0,0,0,1,0,0
38,83524,4,1,2,51,0,3,3,2,18.6,6,2021,4,0.25,12.8,1,2,1,0,1,1,0,0,0,0,0,0,1,0,0,0,0,0,0,0,0,0,0,0,0
40,74500,4,3,5,33,1,4,1,2,48.4,29,2021,9,0.75,8.2,1,2,2,1,0,1,0,0,0,0,0,0,0,0,0,1,0,1,0,0,0,0,0,0,1
29,87500,6,3,1,49,1,1,1,2,37.7,6,2019,6,0.5,8.2,0,2,2,1,0,1,0,0,0,0,0,0,1,0,0,0,0,1,0,0,0,0,1,0,0
31,49745,6,1,2,9,1,3,2,1,47.3,8,2019,9,0.17,1.5,1,1,2,0,1,0,0,1,0,0,0,0,1,1,0,0,0,1,0,0,0,1,0,0,0
23,59340,8,4,4,41,1,4,1,5,40.3,6,2017,3,0.5,5.1,0,1,2,0,0,0,0,0,1,1,0,0,0,0,1,0,0,0,1,0,0,0,0,0,0
30,45458,7,3,3,47,0,1,4,1,5.3,0,2018,6,0.43,6.7,0,1,0,1,0,0,0,0,0,0,0,0,1,0,1,0,0,0,0,0,0,0,0,0,0
23,17533,5,3,1,19,0,3,4,4,16.7,26,2020,2,0.6,3.8,0,0,1,0,1,0,0,0,1,0,0,0,0,0,0,0,0,0,0,0,0,0,0,0,0
27,71572,3,1,2,4,0,4,2,3,22.0,24,2022,1,0.33,1.3,0,2,1,1,0,0,0,1,0,0,1,0,0,0,0,0,0,1,0,0,0,0,0,0,1
50,81433,4,2,1,6,1,1,2,2,17.5,16,2021,2,0.5,1.5,2,2,1,0,1,0,0,1,0,0,0,1,0,0,0,1,0,0,1,0,0,0,0,0,1
27,36130,3,1,4,50,1,4,2,5,16.6,20,2022,6,0.33,16.7,0,0,1,0,1,0,1,0,0,1,0,0,0,0,1,0,0,0,0,0,0,1,0,0,0
60,58727,1,1,2,37,0,3,4,4,24.7,29,2024,3,1.0,37.0,3,1,1,0,1,0,1,0,0,0,0,1,0,0,0,0,1,0,1,0,1,0,0,0,0
53,45944,7,6,3,40,1,1,4,5,34.7,1,2018,10,0.86,5.7,3,1,2,0,0,1,0,0,0,0,0,0,0,0,0,0,1,0,0,1,0,0,0,0,0
39,68314,9,4,3,4,0,4,4,2,40.2,25,2016,7,0.44,0.4,1,1,2,0,0,0,0,0,0,0,0,0,1,0,0,0,0,1,0,1,0,0,0,0,0
32,55899,7,2,2,58,0,5,1,1,9.1,4,2018,6,0.29,8.3,1,1,0,0,0,0,0,0,1,0,0,0,0,1,0,0,0,0,1,1,0,0,0,0,0
37,39650,4,1,2,15,1,1,2,5,34.0,14,2021,5,0.25,3.8,1,0,2,1,0,0,0,1,0,0,0,0,0,0,1,0,0,0,1,0,0,0,0,0,0
41,64958,9,8,2,13,1,3,3,3,15.9,18,2016,3,0.89,1.4,2,1,1,1,0,1,0,0,0,0,0,0,0,1,0,0,0,0,1,0,0,0,0,1,0
50,48224,8,7,1,57,0,4,4,5,24.4,27,2017,1,0.88,7.1,2,1,1,1,0,0,0,0,1,0,0,1,0,1,0,0,0,0,1,0,1,0,0,0,0
27,61693,9,1,2,54,1,1,4,3,3.9,21,2016,3,0.11,6.0,0,1,0,1,0,0,0,0,0,0,0,0,1,1,0,0,0,1,0,0,1,0,0,0,0
35,80711,10,9,1,34,0,1,1,0,47.8,14,2015,11,0.9,3.4,1,2,2,1,0,0,0,0,0,1,0,0,0,0,1,0,0,1,0,0,1,0,0,0,0
29,44255,5,5,5,42,1,4,2,0,38.4,20,2020,6,1.0,8.4,0,1,2,0,1,0,0,1,0,0,1,0,0,0,0,0,0,1,0,0,1,0,0,0,0
37,58226,9,8,2,8,0,4,4,0,8.2,5,2016,7,0.89,0.9,1,1,0,1,0,0,0,0,1,0,0,0,0,0,0,0,1,1,0,0,0,1,0,0,0
39,117215,8,2,3,39,0,2,3,4,13.0,22,2017,11,0.25,4.9,1,3,1,1,0,0,0,1,0,0,0,0,0,0,0,1,0,0,0,0,0,0,0,1,0
42,68036,6,6,3,36,0,4,2,0,39.3,4,2019,1,1.0,6.0,2,1,2,1,0,0,0,1,0,0,1,0,0,0,0,0,1,1,0,0,0,0,0,1,0
46,52645,5,3,1,26,1,1,2,3,1.6,29,2020,12,0.6,5.2,2,1,0,0,1,0,0,0,1,0,0,0,1,0,1,0,0,0,0,0,0,0,0,1,0
37,100145,5,5,1,14,0,4,1,0,21.1,21,2020,5,1.0,2.8,1,3,1,1,0,0,0,1,0,0,0,0,1,0,0,0,0,0,0,0,0,1,0,0,0
52,109569,2,1,1,35,0,2,4,3,13.9,7,2023,1,0.5,17.5,3,3,1,0,0,1,0,0,0,0,0,0,1,0,0,0,1,0,1,0,0,0,1,0,0
22,72060,2,2,4,20,1,4,1,2,3.1,9,2023,11,1.0,10.0,0,2,0,1,0,0,0,1,0,0,1,0,0,0,0,0,0,1,0,0,0,0,0,1,0
51,34898,2,0,1,58,0,2,2,3,39.1,16,2023,4,0.0,29.0,3,0,2,1,0,0,0,1,0,1,0,0,0,0,0,0,1,1,0,0,1,0,0,0,0
52,54776,9,5,1,32,1,3,2,2,21.7,15,2016,10,0.56,3.6,3,1,1,0,0,1,0,0,0,0,1,0,0,1,0,0,0,0,1,0,0,0,1,0,0
37,48074,1,1,2,33,1,4,2,5,27.4,25,2024,1,1.0,33.0,1,1,2,0,1,0,1,0,0,0,0,1,0,0,0,1,0,0,1,0,0,1,0,0,0
48,76321,3,2,4,46,0,2,1,5,44.5,19,2022,8,0.67,15.3,2,2,2,0,1,0,0,0,0,0,1,0,0,0,0,1,0,0,0,0,0,0,0,0,1
35,87071,9,9,2,7,1,1,1,2,27.8,17,2016,8,1.0,0.8,1,2,2,0,1,0,1,0,0,1,0,0,0,0,0,1,0,0,0,0,0,0,1,0,0
31,79380,5,5,3,38,0,3,2,0,42.5,3,2020,11,1.0,7.6,1,2,2,1,0,0,1,0,0,0,1,0,0,1,0,0,0,0,0,0,0,0,0,0,0
30,111829,2,1,3,28,1,1,1,3,40.1,6,2023,3,0.5,14.0,0,3,2,0,1,0,1,0,0,0,1,0,0,0,0,0,1,0,0,1,0,0,0,0,0
48,32542,5,5,5,57,1,4,2,4,26.7,1,2020,11,1.0,11.4,2,0,2,0,1,0,0,1,0,0,0,0,0,0,0,0,0,1,0,0,0,0,0,0,0
43,49452,9,6,5,42,1,2,1,1,32.7,30,2016,6,0.67,4.7,2,1,2,0,1,1,0,0,0,0,0,0,0,0,0,0,1,0,1,0,0,0,0,0,1
57,22999,5,5,1,49,0,1,4,0,34.0,4,2020,12,1.0,9.8,3,0,2,0,1,0,0,1,0,0,0,0,1,0,0,0,0,1,0,0,1,0,0,0,0
51,68964,4,2,2,44,1,2,3,1,1.6,30,2021,10,0.5,11.0,3,1,0,0,1,0,1,0,0,0,1,0,0,0,1,0,0,0,1,0,0,0,0,0,0
36,93074,7,5,3,10,0,3,2,2,5.2,3,2018,10,0.71,1.4,1,2,0,0,1,0,0,1,0,0,1,0,0,0,0,0,1,0,0,0,0,0,0,1,0
54,42715,7,1,1,60,0,2,3,3,46.9,15,2018,5,0.14,8.6,3,1,2,1,0,0,1,0,0,0,0,0,1,0,0,1,0,0,1,0,0,0,1,0,0
28,108294,3,0,1,22,0,3,2,0,12.0,12,2022,9,0.0,7.3,0,3,1,0,0,0,0,0,0,0,0,0,1,0,0,0,1,0,1,0,0,0,0,1,0
53,42186,4,1,4,46,0,3,4,2,12.4,18,2021,3,0.25,11.5,3,1,1,0,1,0,1,0,0,0,0,1,0,1,0,0,0,0,1,0,0,0,1,0,0
42,78735,10,3,5,55,1,2,3,1,5.7,30,2015,8,0.3,5.5,2,2,0,0,0,0,0,1,0,0,0,0,1,0,0,0,1,1,0,0,0,1,0,0,0
46,41580,3,2,3,53,0,4,1,2,29.9,18,2022,4,0.67,17.7,2,1,2,0,0,0,1,0,0,0,0,0,0,0,0,1,0,1,0,0,0,1,0,0,0
34,80943,9,3,2,40,1,3,4,0,26.1,11,2016,7,0.33,4.4,1,2,2,0,0,0,1,0,0,0,0,0,1,0,1,0,0,1,0,0,0,0,0,0,1
32,54882,7,4,5,8,1,3,3,2,8.6,26,2018,6,0.57,1.1,1,1,0,1,0,1,0,0,0,0,0,0,1,1,0,0,0,1,0,0,0,0,0,1,0
48,21643,6,1,4,28,1,2,2,3,24.6,23,2019,8,0.17,4.7,2,0,1,0,1,0,1,0,0,0,1,0,0,0,0,0,0,0,1,0,0,1,0,0,0
26,98984,5,2,4,54,0,3,2,2,19.8,12,2020,10,0.4,10.8,0,2,1,0,0,1,0,0,0,0,0,0,0,0,0,0,0,0,1,1,0,0,0,0,0
27,84537,5,4,5,33,0,1,2,2,42.5,26,2020,7,0.8,6.6,0,2,2,0,0,1,0,0,0,0,1,0,0,0,0,0,0,1,0,1,0,0,0,0,0
27,104666,9,6,4,55,1,1,4,4,49.6,2,2016,1,0.67,6.1,0,3,2,0,0,0,0,0,1,0,1,0,0,1,0,0,0,0,1,0,0,0,0,1,0
32,103658,2,2,4,24,0,5,2,3,28.8,28,2023,7,1.0,12.0,1,3,2,1,0,0,0,0,1,0,1,0,0,0,0,0,1,1,0,0,0,0,1,0,0
29,34237,6,0,5,36,0,5,4,4,7.2,9,2019,10,0.0,6.0,0,0,0,0,0,0,0,0,0,0,1,0,0,1,0,0,0,0,0,0,1,0,0,0,0
22,113230,10,1,2,34,0,3,3,2,46.2,8,2015,11,0.1,3.4,0,3,2,0,1,0,0,0,1,0,0,0,0,0,1,0,0,0,0,0,0,0,1,0,0
31,78774,3,2,5,18,0,3,2,4,2.3,7,2022,6,0.67,6.0,1,2,0,1,0,0,1,0,0,1,0,0,0,0,1,0,0,1,0,0,0,0,0,0,1
24,36844,3,2,5,56,1,2,3,0,4.4,24,2022,11,0.67,18.7,0,0,0,1,0,0,0,0,1,0,0,0,0,0,0,1,0,1,0,0,0,0,0,1,0
24,95169,8,5,5,33,0,4,4,1,46.3,11,2017,4,0.62,4.1,0,2,2,1,0,0,0,0,1,0,0,1,0,0,0,1,0,1,0,1,0,0,0,0,0
60,115264,2,1,4,13,0,5,2,4,7.8,10,2023,10,0.5,6.5,3,3,0,1,0,0,1,0,0,0,0,0,0,0,0,1,0,0,1,0,0,0,0,0,1
47,24513,9,9,2,19,1,3,1,4,2.9,5,2016,3,1.0,2.1,2,0,0,1,0,0,0,0,0,0,0,0,0,1,0,0,0,0,0,0,0,1,0,0,0
46,46484,4,3,2,2,1,2,1,5,14.7,23,2021,5,0.75,0.5,2,1,1,1,0,0,0,1,0,0,1,0,0,0,0,0,1,0,0,0,0,0,0,0,1
40,55003,3,2,1,7,0,5,1,0,5.4,30,2022,6,0.67,2.3,1,1,0,1,0,0,0,1,0,0,1,0,0,0,0,1,0,1,0,0,0,0,0,1,0
35,45375,4,4,3,7,1,1,2,3,34.0,15,2021,11,1.0,1.8,1,1,2,0,0,0,0,0,1,1,0,0,0,0,1,0,0,1,0,0,0,0,0,0,0
50,48872,6,5,3,41,0,4,2,5,30.8,1,2019,12,0.83,6.8,2,1,2,0,1,0,0,1,0,0,1,0,0,0,0,1,0,0,1,0,0,1,0,0,0
23,23652,10,1,2,45,1,2,3,3,38.7,7,2015,8,0.1,4.5,0,0,2,1,0,1,0,0,0,1,0,0,0,1,0,0,0,1,0,0,0,0,0,0,0
43,105819,8,0,1,42,0,3,4,3,24.2,20,2017,11,0.0,5.2,2,3,1,1,0,0,0,0,0,0,0,0,0,0,0,0,0,0,1,0,0,0,0,1,0
38,85854,7,6,1,17,0,5,1,1,1.3,27,2018,4,0.86,2.4,1,2,0,0,1,1,0,0,0,0,0,0,1,0,0,0,0,1,0,0,0,0,0,0,0
52,58286,2,2,4,25,0,5,2,4,8.6,27,2023,3,1.0,12.5,3,1,0,0,0,0,1,0,0,0,0,1,0,0,1,0,0,1,0,0,1,0,0,0,0
46,86094,2,1,3,29,0,4,1,2,48.7,12,2023,1,0.5,14.5,2,2,2,1,0,1,0,0,0,0,0,0,1,1,0,0,0,0,1,1,0,0,0,0,0
33,34721,4,0,4,25,1,5,2,1,18.9,23,2021,6,0.0,6.2,1,0,1,0,0,1,0,0,0,0,0,1,0,0,0,1,0,0,1,0,0,0,0,1,0
56,29296,7,7,1,46,1,5,3,5,6.2,12,2018,8,1.0,6.6,3,0,0,0,0,0,0,1,0,0,0,0,0,0,0,1,0,0,1,0,0,0,0,1,0
38,93858,9,0,1,34,1,1,1,3,9.4,23,2016,4,0.0,3.8,1,2,0,0,1,0,1,0,0,0,0,0,0,0,1,0,0,0,1,0,1,0,0,0,0
37,69162,8,3,3,50,0,1,4,1,15.2,0,2017,2,0.38,6.2,1,1,1,0,1,1,0,0,0,0,0,1,0,1,0,0,0,0,0,0,0,0,0,1,0
37,104913,6,1,5,5,1,4,4,5,15.8,10,2019,12,0.17,0.8,1,3,1,0,1,0,0,0,0,0,1,0,0,0,1,0,0,0,0,0,0,0,0,0,1
36,94240,9,6,5,8,0,2,4,1,4.1,17,2016,12,0.67,0.9,1,2,0,0,0,0,0,1,0,1,0,0,0,0,0,0,0,1,0,0,0,1,0,0,0
36,34260,2,1,1,34,0,2,2,3,43.5,4,2023,6,0.5,17.0,1,0,2,1,0,0,0,1,0,0,0,0,0,0,0,1,0,1,0,0,0,0,1,0,0
60,19564,7,2,2,19,0,1,3,5,21.8,5,2018,9,0.29,2.7,3,0,1,1,0,0,0,0,0,1,0,0,0,1,0,0,0,0,1,0,0,0,0,1,0
34,39400,2,1,3,16,0,1,1,5,38.4,17,2023,7,0.5,8.0,1,0,2,0,0,0,0,0,1,0,0,1,0,0,0,0,1,1,0,0,1,0,0,0,0
51,80003,10,10,3,27,1,3,3,4,6.3,27,2015,11,1.0,2.7,3,2,0,0,1,0,0,0,1,0,0,0,1,1,0,0,0,0,1,1,0,0,0,0,0
52,17510,1,1,1,32,0,1,3,4,7.8,25,2024,4,1.0,32.0,3,0,0,0,0,0,0,1,0,0,0,1,0,0,0,0,1,0,1,0,0,0,0,0,0
43,105637,3,0,3,48,0,5,1,5,5.7,1,2022,11,0.0,16.0,2,3,0,1,0,1,0,0,0,0,0,0,0,0,0,0,0,0,0,0,0,0,0,0,0
43,64628,8,6,2,60,0,5,4,3,18.3,19,2017,10,0.75,7.5,2,1,1,0,0,0,1,0,0,1,0,0,0,0,1,0,0,1,0,0,0,0,0,0,1
23,18042,9,6,4,47,1,3,3,5,41.2,23,2016,10,0.67,5.2,0,0,2,0,1,0,0,0,1,0,1,0,0,1,0,0,0,1,0,1,0,0,0,0,0
50,30618,2,1,5,11,1,1,1,2,12.2,26,2023,12,0.5,5.5,2,0,1,0,0,0,0,1,0,0,1,0,0,0,1,0,0,0,0,0,0,1,0,0,0
29,41188,2,1,2,11,0,5,2,2,13.6,29,2023,6,0.5,5.5,0,1,1,1,0,0,0,0,1,1,0,0,0,0,0,0,1,0,1,0,0,0,0,0,1
58,85881,4,3,4,49,0,2,1,5,38.2,8,2021,3,0.75,12.2,3,2,2,0,0,0,0,0,1,1,0,0,0,0,0,1,0,0,0,0,0,0,0,0,0
30,114769,1,0,5,47,0,1,2,1,33.1,28,2024,5,0.0,47.0,0,3,2,1,0,0,0,0,1,0,0,0,0,0,0,0,0,1,0,0,1,0,0,0,0
43,111950,8,2,1,13,0,2,2,4,36.3,14,2017,1,0.25,1.6,2,3,2,1,0,0,1,0,0,1,0,0,0,1,0,0,0,0,1,0,0,0,0,0,0
54,64057,9,4,5,11,1,3,3,1,28.7,23,2016,2,0.44,1.2,3,1,2,1,0,0,0,0,1,0,0,0,0,0,0,0,1,0,0,1,0,0,0,0,0
48,52729,8,8,4,33,1,4,4,1,49.2,28,2017,4,1.0,4.1,2,1,2,1,0,0,0,0,0,1,0,0,0,1,0,0,0,0,1,0,0,0,0,0,1
39,15202,8,3,2,31,1,3,2,4,5.5,23,2017,9,0.38,3.9,1,0,0,1,0,1,0,0,0,0,0,0,0,0,0,0,1,1,0,0,0,0,0,1,0
36,119703,9,9,5,38,0,1,1,5,23.5,4,2016,4,1.0,4.2,1,3,1,1,0,1,0,0,0,0,0,0,1,0,0,0,1,1,0,0,0,0,1,0,0
29,95950,6,3,1,53,1,3,3,0,14.9,0,2019,11,0.5,8.8,0,2,1,1,0,1,0,0,0,1,0,0,0,0,0,1,0,0,1,1,0,0,0,0,0
44,24960,7,6,5,40,0,4,1,4,27.0,9,2018,1,0.86,5.7,2,0,2,0,0,0,0,0,0,0,1,0,0,1,0,0,0,1,0,0,0,0,1,0,0
39,65891,8,5,4,38,0,4,2,3,5.2,28,2017,1,0.62,4.8,1,1,0,0,0,0,0,0,1,0,0,0,1,0,0,1,0,0,0,1,0,0,0,0,0
49,39785,2,1,3,35,0,3,2,2,36.6,13,2023,5,0.5,17.5,2,0,2,1,0,0,0,0,1,0,0,0,1,0,0,1,0,1,0,1,0,0,0,0,0
47,83625,9,7,1,28,0,5,2,4,26.0,1,2016,1,0.78,3.1,2,2,2,0,1,1,0,0,0,0,1,0,0,0,0,1,0,0,0,0,0,1,0,0,0
25,49261,3,3,3,15,0,3,4,2,28.1,13,2022,6,1.0,5.0,0,1,2,0,0,0,0,0,1,0,0,1,0,0,0,1,0,0,1,0,0,1,0,0,0
58,52925,8,7,2,43,1,5,1,0,47.1,11,2017,4,0.88,5.4,3,1,2,1,0,1,0,0,0,0,1,0,0,0,0,0,1,0,1,0,0,0,0,1,0
45,47245,3,3,5,59,0,1,3,5,46.6,18,2022,12,1.0,19.7,2,1,2,1,0,1,0,0,0,0,0,0,0,1,0,0,0,0,0,0,0,0,0,1,0
43,40120,4,0,4,2,1,4,1,0,33.2,30,2021,1,0.0,0.5,2,1,2,0,0,0,0,0,0,0,0,0,0,0,1,0,0,0,1,0,0,0,0,0,1
27,71739,6,3,2,1,0,3,2,5,35.0,22,2019,5,0.5,0.2,0,2,2,0,1,0,0,1,0,0,0,0,1,0,1,0,0,0,1,0,0,0,1,0,0
50,88127,7,5,1,35,1,5,3,3,31.2,12,2018,4,0.71,5.0,2,2,2,0,1,0,0,1,0,0,0,0,0,0,1,0,0,0,1,0,0,0,0,0,1
39,100138,2,0,4,39,1,4,3,5,28.6,26,2023,11,0.0,19.5,1,3,2,0,0,0,0,0,1,1,0,0,0,0,0,0,0,1,0,0,0,0,1,0,0
42,26120,6,5,4,23,0,5,4,0,1.3,30,2019,1,0.83,3.8,2,0,0,1,0,0,0,0,1,0,0,0,1,0,1,0,0,0,0,0,0,1,0,0,0
41,86322,7,0,4,50,1,3,2,1,3.2,2,2018,8,0.0,7.1,2,2,0,0,1,1,0,0,0,0,0,1,0,0,1,0,0,1,0,0,0,0,1,0,0
27,27997,4,1,5,58,0,5,2,2,12.5,11,2021,9,0.25,14.5,0,0,1,0,1,0,0,0,1,0,0,1,0,0,0,1,0,0,0,0,0,0,0,1,0
28,119184,4,4,5,20,1,5,1,1,11.7,3,2021,7,1.0,5.0,0,3,1,0,0,0,0,0,1,0,0,0,0,0,0,0,1,0,0,0,0,0,0,0,0
36,117071,2,0,1,54,1,1,2,4,17.6,12,2023,10,0.0,27.0,1,3,1,0,1,0,1,0,0,0,0,1,0,0,0,1,0,0,1,1,0,0,0,0,0
58,111015,2,2,3,57,1,5,2,4,12.7,20,2023,3,1.0,28.5,3,3,1,0,0,0,0,1,0,0,0,0,0,1,0,0,0,1,0,0,0,0,0,0,1
37,118339,4,4,5,11,1,2,4,3,36.6,15,2021,4,1.0,2.8,1,3,2,0,0,0,1,0,0,0,0,0,0,0,0,0,0,0,1,0,0,0,1,0,0
40,109393,4,1,4,50,1,3,4,0,29.8,1,2021,9,0.25,12.5,1,3,2,1,0,0,0,1,0,0,0,0,0,0,0,1,0,1,0,0,0,1,0,0,0
35,37685,3,2,2,27,0,2,2,3,4.6,9,2022,7,0.67,9.0,1,0,0,1,0,0,0,0,1,0,0,0,1,0,0,0,0,0,0,0,0,0,0,0,1
37,30057,8,0,2,57,1,3,1,2,35.3,27,2017,3,0.0,7.1,1,0,2,1,0,1,0,0,0,0,0,0,0,0,0,0,0,0,1,0,1,0,0,0,0
47,41771,3,1,4,39,1,4,3,0,14.2,19,2022,12,0.33,13.0,2,1,1,0,0,0,0,0,1,0,0,0,0,0,0,0,0,1,0,0,0,1,0,0,0
23,109397,9,9,4,51,1,1,2,3,46.3,30,2016,8,1.0,5.7,0,3,2,0,0,0,1,0,0,0,0,1,0,0,0,0,0,1,0,0,0,0,0,0,1
22,43361,7,6,5,37,1,5,3,1,32.4,15,2018,11,0.86,5.3,0,1,2,0,1,0,0,0,0,0,0,0,0,1,0,0,0,0,1,1,0,0,0,0,0
33,33636,7,2,5,23,0,5,4,0,6.9,21,2018,6,0.29,3.3,1,0,0,0,0,0,0,0,0,1,0,0,0,0,0,0,0,0,0,0,0,0,0,1,0
48,116173,6,2,2,58,0,2,1,1,11.8,15,2019,6,0.33,9.7,2,3,1,0,0,0,1,0,0,0,0,0,0,0,0,0,1,1,0,0,0,0,1,0,0
25,17629,5,1,2,8,1,5,2,5,5.1,21,2020,9,0.2,1.6,0,0,0,0,1,0,0,1,0,0,0,0,1,0,0,1,0,0,1,0,0,0,1,0,0
40,27972,3,0,4,4,0,2,2,0,2.1,30,2022,1,0.0,1.3,1,0,0,0,1,0,0,1,0,0,0,0,1,0,1,0,0,1,0,0,0,1,0,0,0
50,54379,5,1,1,21,0,2,4,2,47.5,10,2020,8,0.2,4.2,2,1,2,0,0,0,0,0,1,0,0,0,1,0,0,1,0,0,0,1,0,0,0,0,0
32,91684,3,0,4,7,1,3,4,4,28.2,1,2022,8,0.0,2.3,1,2,2,0,1,0,0,0,1,0,0,0,0,0,0,0,1,0,0,0,0,0,0,0,1
33,62079,6,4,2,1,0,2,3,0,2.7,28,2019,7,0.67,0.2,1,1,0,0,0,0,0,0,1,0,0,1,0,0,0,0,0,1,0,0,0,0,0,0,0
50,118503,6,4,4,8,0,1,2,0,45.7,2,2019,5,0.67,1.3,2,3,2,1,0,0,0,0,1,0,0,1,0,0,0,0,0,0,0,0,0,0,0,1,0
27,62732,9,8,2,5,1,2,1,1,35.9,26,2016,10,0.89,0.6,0,1,2,0,0,0,0,0,1,0,0,0,0,0,0,0,1,0,1,1,0,0,0,0,0
55,104461,5,1,2,13,1,1,3,0,4.0,22,2020,9,0.2,2.6,3,3,0,1,0,0,1,0,0,1,0,0,0,0,0,0,1,0,0,1,0,0,0,0,0
25,39782,10,3,3,41,0,4,4,3,7.5,13,2015,7,0.3,4.1,0,0,0,1,0,1,0,0,0,0,0,1,0,0,0,1,0,0,0,0,0,0,1,0,0
52,115742,3,0,1,43,1,2,1,5,14.7,20,2022,3,0.0,14.3,3,3,1,1,0,0,0,0,1,0,0,0,1,0,0,0,1,0,0,0,0,1,0,0,0
35,90577,2,2,1,6,1,3,3,5,38.8,20,2023,6,1.0,3.0,1,2,2,1,0,0,0,1,0,0,0,0,0,1,0,0,0,1,0,0,1,0,0,0,0
42,81683,8,0,4,39,0,1,2,4,45.3,19,2017,5,0.0,4.9,2,2,2,0,1,0,1,0,0,0,0,0,0,0,0,1,0,1,0,1,0,0,0,0,0
48,56954,6,2,5,44,0,3,2,5,43.8,7,2019,5,0.33,7.3,2,1,2,0,0,0,1,0,0,0,0,0,0,1,0,0,0,1,0,1,0,0,0,0,0
40,21569,7,2,4,10,1,3,1,0,13.3,24,2018,11,0.29,1.4,1,0,1,0,0,0,1,0,0,0,1,0,0,0,0,1,0,1,0,0,0,0,0,1,0
30,67482,2,1,4,1,0,3,3,5,8.5,4,2023,11,0.5,0.5,0,1,0,1,0,0,0,0,0,0,0,0,1,0,1,0,0,0,1,0,0,0,0,0,0
26,52668,2,2,4,57,1,2,2,0,38.2,7,2023,5,1.0,28.5,0,1,2,1,0,1,0,0,0,0,0,0,1,0,0,0,1,0,0,0,0,0,1,0,0
40,108512,4,1,5,37,0,3,1,0,21.1,11,2021,9,0.25,9.2,1,3,1,0,1,1,0,0,0,0,0,0,1,0,0,0,0,1,0,0,0,1,0,0,0
51,25923,9,6,5,20,1,2,4,1,9.8,19,2016,9,0.67,2.2,3,0,0,0,0,0,0,1,0,0,1,0,0,0,0,0,1,1,0,0,0,0,1,0,0
33,108186,5,1,5,55,1,1,3,0,11.2,0,2020,9,0.2,11.0,1,3,1,0,1,0,0,0,0,0,0,1,0,0,1,0,0,0,0,0,0,0,0,0,1
41,40080,8,8,3,60,0,3,1,1,16.8,19,2017,2,1.0,7.5,2,1,1,0,0,0,0,0,1,0,0,0,1,0,0,0,1,0,0,0,0,0,0,0,1
57,79116,5,3,3,25,0,3,2,2,22.4,21,2020,1,0.6,5.0,3,2,1,1,0,0,0,0,0,0,0,0,0,0,0,1,0,0,1,1,0,0,0,0,0
57,44126,8,8,3,53,1,2,4,5,21.2,2,2017,10,1.0,6.6,3,1,1,0,1,0,0,0,1,1,0,0,0,0,0,1,0,0,1,0,0,1,0,0,0
51,100240,7,2,2,21,0,1,1,3,13.9,10,2018,10,0.29,3.0,3,3,1,0,0,0,0,0,0,0,0,1,0,0,0,0,1,0,1,0,0,1,0,0,0
37,43036,2,2,2,48,1,3,4,4,16.7,20,2023,6,1.0,24.0,1,1,1,0,0,0,1,0,0,0,0,1,0,0,0,0,1,1,0,1,0,0,0,0,0
41,38951,8,2,1,30,1,5,4,4,16.9,12,2017,6,0.25,3.8,2,0,1,0,0,0,0,1,0,0,0,0,1,0,0,0,1,0,1,0,0,1,0,0,0
25,94752,2,1,3,30,0,3,2,3,15.4,6,2023,6,0.5,15.0,0,2,1,1,0,1,0,0,0,0,0,1,0,0,1,0,0,1,0,0,0,0,0,0,0
60,38570,6,2,5,49,0,2,4,1,36.0,8,2019,4,0.33,8.2,3,0,2,0,0,0,1,0,0,1,0,0,0,0,0,0,0,1,0,0,1,0,0,0,0
57,19194,8,1,2,20,1,1,3,2,43.1,4,2017,1,0.12,2.5,3,0,2,0,0,0,1,0,0,0,0,1,0,0,0,1,0,1,0,0,0,1,0,0,0
55,48540,9,7,5,16,0,4,2,0,42.5,3,2016,10,0.78,1.8,3,1,2,0,0,0,1,0,0,0,0,0,1,0,0,1,0,1,0,0,0,0,0,0,0
48,47202,2,0,4,31,0,5,3,2,43.4,5,2023,2,0.0,15.5,2,1,2,1,0,1,0,0,0,0,0,0,1,0,0,1,0,0,0,0,0,0,0,0,0
53,41063,8,3,2,18,1,2,1,1,1.7,10,2017,11,0.38,2.2,3,1,0,0,1,0,0,0,1,0,0,0,0,1,0,0,0,1,0,0,0,0,0,0,0
59,82642,3,1,2,40,0,3,4,5,49.6,13,2022,5,0.33,13.3,3,2,2,1,0,0,1,0,0,0,1,0,0,0,0,0,1,0,0,0,0,1,0,0,0
42,84844,1,1,5,18,0,1,3,0,24.5,30,2024,3,1.0,18.0,2,2,1,0,0,0,0,0,0,1,0,0,0,0,0,0,0,1,0,0,0,0,0,0,1
32,108096,3,3,5,35,0,1,1,2,41.9,5,2022,11,1.0,11.7,1,3,2,0,0,0,0,0,1,0,0,1,0,1,0,0,0,0,0,0,1,0,0,0,0
29,78549,2,1,5,26,1,4,1,5,44.7,6,2023,10,0.5,13.0,0,2,2,0,1,1,0,0,0,0,1,0,0,0,0,0,1,0,1,0,0,0,0,0,1
39,15946,7,0,1,4,1,1,1,1,14.8,8,2018,5,0.0,0.6,1,0,1,0,1,0,0,1,0,0,1,0,0,0,0,0,0,1,0,0,0,0,1,0,0
39,26995,8,6,3,4,1,3,4,1,1.9,13,2017,2,0.75,0.5,1,0,0,0,0,1,0,0,0,0,0,1,0,0,0,1,0,1,0,0,0,0,0,1,0
56,71815,1,1,1,23,1,3,3,0,3.3,19,2024,3,1.0,23.0,3,2,0,0,0,0,1,0,0,0,0,0,0,0,0,1,0,1,0,0,0,0,0,1,0
50,63628,2,2,4,50,1,5,4,2,7.0,3,2023,5,1.0,25.0,2,1,0,0,1,1,0,0,0,0,1,0,0,0,0,0,1,0,0,0,1,0,0,0,0
35,80240,4,0,1,37,1,2,2,0,43.1,13,2021,9,0.0,9.2,1,2,2,0,0,0,1,0,0,0,0,0,1,0,1,0,0,1,0,0,1,0,0,0,0
42,25736,4,4,3,21,1,4,3,4,37.2,5,2021,5,1.0,5.2,2,0,2,0,1,1,0,0,0,1,0,0,0,0,0,1,0,0,1,0,0,1,0,0,0
30,47773,4,0,4,3,1,3,2,2,41.0,0,2021,12,0.0,0.8,0,1,2,0,0,0,0,0,1,0,0,0,0,0,1,0,0,0,1,0,0,0,0,1,0
31,98512,9,8,2,29,0,4,3,0,20.7,28,2016,9,0.89,3.2,1,2,1,0,1,0,0,0,1,1,0,0,0,0,0,0,0,0,1,0,0,0,0,0,0
47,93798,7,5,1,38,1,2,1,5,43.3,3,2018,5,0.71,5.4,2,2,2,0,0,0,0,1,0,0,1,0,0,1,0,0,0,0,0,1,0,0,0,0,0
43,61751,7,0,5,28,0,2,3,1,38.4,20,2018,5,0.0,4.0,2,1,2,0,0,1,0,0,0,0,0,0,1,0,0,0,0,0,1,0,0,1,0,0,0
56,68370,6,3,4,43,1,3,2,1,6.2,25,2019,10,0.5,7.2,3,1,0,0,1,0,0,0,1,0,0,1,0,0,0,0,1,1,0,0,0,0,1,0,0
29,66217,5,2,2,54,1,3,3,4,28.4,9,2020,10,0.4,10.8,0,1,2,0,1,0,0,0,0,0,1,0,0,0,0,0,1,0,1,0,0,1,0,0,0
32,104267,10,1,2,14,0,1,1,1,39.9,19,2015,11,0.1,1.4,1,3,2,0,1,0,0,1,0,1,0,0,0,0,0,0,0,1,0,1,0,0,0,0,0
54,66311,1,0,3,10,0,4,1,1,46.2,6,2024,5,0.0,10.0,3,1,2,0,0,1,0,0,0,1,0,0,0,0,1,0,0,0,0,0,1,0,0,0,0
44,34839,6,3,3,50,1,5,4,4,45.8,27,2019,2,0.5,8.3,2,0,2,0,1,0,0,1,0,0,0,1,0,0,0,1,0,0,0,0,0,0,0,1,0
35,28593,5,5,5,11,1,2,1,0,19.6,26,2020,12,1.0,2.2,1,0,1,0,1,0,1,0,0,0,0,0,1,1,0,0,0,0,1,1,0,0,0,0,0
60,104963,2,0,1,42,1,3,1,3,46.1,20,2023,6,0.0,21.0,3,3,2,0,0,0,0,0,1,0,0,0,0,0,0,0,1,1,0,0,0,0,0,0,0
54,114133,5,5,2,48,1,3,1,2,43.4,9,2020,12,1.0,9.6,3,3,2,1,0,0,0,0,0,0,1,0,0,0,1,0,0,0,1,0,0,0,0,0,1
52,115892,2,2,5,13,1,1,3,3,10.1,7,2023,9,1.0,6.5,3,3,1,0,1,0,1,0,0,1,0,0,0,0,1,0,0,0,0,0,0,0,1,0,0
38,60040,5,5,2,51,0,2,1,0,16.3,30,2020,2,1.0,10.2,1,1,1,0,0,0,0,0,1,0,0,0,0,0,0,0,0,0,0,0,0,0,0,1,0
37,87207,9,0,2,9,0,5,2,3,35.1,21,2016,3,0.0,1.0,1,2,2,0,1,1,0,0,0,1,0,0,0,0,1,0,0,0,0,0,0,1,0,0,0
27,110346,10,4,5,33,0,2,3,1,8.8,21,2015,11,0.4,3.3,0,3,0,1,0,0,1,0,0,0,0,1,0,0,0,1,0,1,0,0,0,0,0,0,0
47,43654,3,2,2,35,0,3,4,5,3.8,11,2022,6,0.67,11.7,2,1,0,1,0,0,0,0,0,0,0,0,1,0,0,0,0,0,1,0,0,1,0,0,0
31,71890,10,4,5,34,1,3,4,1,45.2,13,2015,8,0.4,3.4,1,2,2,1,0,1,0,0,0,0,0,1,0,0,0,0,1,0,1,0,0,0,0,0,1
26,33809,6,4,5,27,0,4,3,2,3.9,5,2019,1,0.67,4.5,0,0,0,0,0,0,0,0,1,0,1,0,0,0,0,0,1,1,0,0,0,0,0,1,0
37,53082,4,1,1,19,0,3,2,3,26.8,19,2021,11,0.25,4.8,1,1,2,0,1,0,1,0,0,1,0,0,0,0,0,0,0,0,1,0,0,0,1,0,0
59,19631,6,5,3,7,1,3,3,2,36.6,30,2019,12,0.83,1.2,3,0,2,0,0,0,1,0,0,0,0,0,0,1,0,0,0,0,1,0,0,1,0,0,0
37,83768,4,0,1,19,1,2,1,5,47.3,21,2021,4,0.0,4.8,1,2,2,0,1,0,0,0,0,0,0,0,1,0,0,1,0,1,0,0,0,0,1,0,0
24,90772,4,4,3,29,1,2,2,5,45.0,9,2021,12,1.0,7.2,0,2,2,0,1,0,0,0,1,0,0,1,0,1,0,0,0,0,0,0,0,1,0,0,0
44,36358,7,1,1,43,1,2,1,4,43.8,27,2018,12,0.14,6.1,2,0,2,0,0,0,1,0,0,0,0,0,1,1,0,0,0,0,0,0,1,0,0,0,0
27,52685,7,2,1,22,0,4,1,4,2.4,7,2018,5,0.29,3.1,0,1,0,0,0,0,1,0,0,0,1,0,0,0,1,0,0,0,0,0,0,0,1,0,0
23,114219,8,3,4,58,1,3,4,4,20.5,26,2017,7,0.38,7.2,0,3,1,0,1,0,1,0,0,0,0,1,0,0,0,1,0,0,1,0,0,0,1,0,0
51,29162,10,10,4,9,1,2,2,1,18.4,21,2015,9,1.0,0.9,3,0,1,0,0,1,0,0,0,0,0,0,0,0,1,0,0,0,0,0,0,0,0,0,0
27,99109,6,4,5,38,0,5,4,0,5.8,24,2019,5,0.67,6.3,0,2,0,0,1,0,0,0,0,0,0,0,1,0,0,1,0,1,0,0,0,0,1,0,0
41,97129,1,0,3,57,0,1,3,5,45.1,28,2024,2,0.0,57.0,2,2,2,0,1,0,0,0,0,0,1,0,0,0,0,1,0,0,1,1,0,0,0,0,0
25,37907,8,0,4,26,0,4,4,2,13.2,18,2017,4,0.0,3.2,0,0,1,0,0,0,0,0,1,0,0,0,1,1,0,0,0,1,0,0,0,0,0,0,0
30,90680,7,7,4,57,0,2,2,0,4.3,17,2018,10,1.0,8.1,0,2,0,0,1,1,0,0,0,1,0,0,0,1,0,0,0,1,0,0,1,0,0,0,0
34,80684,3,3,1,33,0,5,4,1,44.2,15,2022,9,1.0,11.0,1,2,2,0,1,0,1,0,0,0,1,0,0,0,0,1,0,0,1,0,0,1,0,0,0
29,87786,6,2,4,2,1,5,4,5,28.0,3,2019,1,0.33,0.3,0,2,2,0,0,0,0,0,1,0,0,1,0,1,0,0,0,1,0,1,0,0,0,0,0
43,57370,7,6,1,16,0,4,3,2,14.3,23,2018,8,0.86,2.3,2,1,1,0,0,0,0,0,1,0,0,0,1,1,0,0,0,1,0,0,1,0,0,0,0
33,87046,8,8,4,25,1,5,3,1,11.4,14,2017,11,1.0,3.1,1,2,1,1,0,0,0,0,0,0,0,1,0,0,0,1,0,1,0,0,0,0,0,1,0
56,84232,6,2,1,56,1,2,1,2,22.1,10,2019,8,0.33,9.3,3,2,1,0,1,0,0,0,0,1,0,0,0,1,0,0,0,0,0,0,0,0,0,1,0
39,20481,2,2,1,21,0,4,4,1,9.4,0,2023,5,1.0,10.5,1,0,0,0,1,0,0,0,1,0,0,1,0,0,1,0,0,0,0,0,0,0,0,1,0
60,15092,9,0,4,38,1,1,2,4,3.5,5,2016,2,0.0,4.2,3,0,0,0,0,0,0,0,0,0,0,0,1,0,1,0,0,1,0,0,0,0,1,0,0
51,39354,6,1,1,21,0,4,4,4,32.1,11,2019,9,0.17,3.5,3,0,2,1,0,0,1,0,0,0,0,0,1,0,0,1,0,1,0,0,1,0,0,0,0
59,119783,7,1,5,60,0,4,2,0,24.0,1,2018,8,0.14,8.6,3,3,1,0,0,0,0,1,0,1,0,0,0,0,0,0,0,0,0,0,0,0,0,0,1
22,39770,2,1,1,50,1,4,3,5,41.9,13,2023,2,0.5,25.0,0,0,2,1,0,0,0,0,1,0,0,1,0,0,0,0,1,0,1,1,0,0,0,0,0
36,109577,3,3,3,47,1,5,1,2,36.6,30,2022,2,1.0,15.7,1,3,2,0,1,0,0,0,1,0,0,1,0,1,0,0,0,0,1,0,0,0,0,0,0
29,97015,1,1,4,54,0,1,1,1,12.1,29,2024,3,1.0,54.0,0,2,1,0,1,0,1,0,0,0,1,0,0,1,0,0,0,0,0,0,0,0,1,0,0
37,66858,7,7,1,58,0,3,3,3,14.6,23,2018,2,1.0,8.3,1,1,1,0,0,0,1,0,0,0,1,0,0,0,0,0,1,0,0,1,0,0,0,0,0
56,94166,3,1,4,14,0,4,2,3,26.5,26,2022,7,0.33,4.7,3,2,2,1,0,0,0,1,0,0,0,0,1,0,0,0,1,1,0,0,0,0,0,0,0
54,88120,2,2,1,43,0,5,3,2,20.3,14,2023,10,1.0,21.5,3,2,1,1,0,1,0,0,0,0,0,1,0,0,0,0,1,0,1,0,0,0,0,1,0
40,73289,7,1,2,5,1,5,2,3,14.6,24,2018,12,0.14,0.7,1,2,1,0,1,1,0,0,0,0,0,0,0,1,0,0,0,0,1,0,0,0,1,0,0
26,80115,6,5,3,3,0,4,1,2,34.3,28,2019,3,0.83,0.5,0,2,2,1,0,0,0,0,0,1,0,0,0,0,0,0,0,0,1,0,0,0,1,0,0
53,80249,9,5,2,40,0,2,2,0,11.1,4,2016,7,0.56,4.4,3,2,1,0,1,0,0,0,0,0,1,0,0,0,0,0,0,0,1,0,0,0,1,0,0
56,60418,5,0,3,31,0,4,3,3,24.0,16,2020,9,0.0,6.2,3,1,1,1,0,0,1,0,0,0,0,0,1,0,0,1,0,1,0,1,0,0,0,0,0
22,69869,6,5,5,39,0,2,4,5,31.5,0,2019,8,0.83,6.5,0,1,2,0,1,0,0,1,0,0,0,0,1,0,0,0,0,0,1,0,0,1,0,0,0
37,45494,3,1,4,25,1,3,3,2,44.9,12,2022,1,0.33,8.3,1,1,2,1,0,0,0,0,1,0,0,0,0,0,0,0,1,1,0,0,0,0,0,1,0
56,78967,4,3,4,23,0,3,2,2,19.2,19,2021,6,0.75,5.8,3,2,1,0,0,0,0,0,1,1,0,0,0,0,1,0,0,0,1,0,0,0,0,1,0
54,75935,7,1,2,54,0,1,3,0,7.6,3,2018,9,0.14,7.7,3,2,0,0,1,0,0,1,0,0,0,0,0,0,0,1,0,0,0,0,0,0,0,1,0
50,102928,5,1,3,15,0,4,4,5,13.1,1,2020,2,0.2,3.0,2,3,1,1,0,0,1,0,0,0,0,0,0,1,0,0,0,1,0,0,0,1,0,0,0
25,24910,3,1,1,22,0,5,3,1,2.8,4,2022,6,0.33,7.3,0,0,0,1,0,1,0,0,0,0,0,0,0,0,1,0,0,0,0,0,0,0,0,0,0
25,43491,7,3,4,48,1,4,1,2,15.7,9,2018,4,0.43,6.9,0,1,1,0,0,1,0,0,0,0,0,1,0,1,0,0,0,1,0,0,0,0,0,0,1
49,34521,3,1,3,48,0,4,4,4,31.1,3,2022,12,0.33,16.0,2,0,2,1,0,0,0,1,0,0,0,0,1,0,0,0,1,1,0,0,0,1,0,0,0
25,94158,10,2,5,11,1,3,2,1,14.9,9,2015,7,0.2,1.1,0,2,1,1,0,0,1,0,0,0,1,0,0,0,0,0,0,1,0,0,0,0,0,0,1
24,84905,2,0,4,1,1,2,3,5,13.9,14,2023,8,0.0,0.5,0,2,1,0,1,1,0,0,0,0,0,0,1,0,0,1,0,0,0,0,1,0,0,0,0
31,113313,2,1,5,11,0,2,4,3,15.0,23,2023,3,0.5,5.5,1,3,1,1,0,1,0,0,0,0,1,0,0,0,1,0,0,0,0,1,0,0,0,0,0
41,88359,6,3,2,39,0,1,3,4,4.9,30,2019,10,0.5,6.5,2,2,0,1,0,0,0,0,1,0,1,0,0,0,0,1,0,0,0,0,0,0,0,0,0
45,72155,5,0,4,58,1,1,3,0,45.5,1,2020,3,0.0,11.6,2,2,2,1,0,0,0,0,0,1,0,0,0,0,0,0,0,1,0,0,0,0,0,0,0
48,88337,5,3,1,39,1,5,1,4,29.5,26,2020,3,0.6,7.8,2,2,2,0,1,0,0,0,0,1,0,0,0,0,0,0,1,0,1,0,0,0,0,1,0
49,65253,4,2,4,56,1,3,4,5,16.5,20,2021,5,0.5,14.0,2,1,1,0,0,0,0,0,1,0,0,1,0,1,0,0,0,1,0,0,0,0,0,0,1
40,96396,2,1,3,33,0,3,1,0,18.1,28,2023,5,0.5,16.5,1,2,1,1,0,0,1,0,0,0,0,1,0,0,1,0,0,0,0,0,0,1,0,0,0
58,22284,6,4,3,41,0,2,1,4,45.8,21,2019,9,0.67,6.8,3,0,2,0,1,0,1,0,0,0,0,1,0,1,0,0,0,0,1,0,0,1,0,0,0
50,26997,2,1,2,38,0,5,4,3,4.1,21,2023,3,0.5,19.0,2,0,0,1,0,1,0,0,0,0,1,0,0,0,0,1,0,0,0,0,0,0,0,0,0
24,112398,5,0,5,30,0,2,4,1,26.1,6,2020,9,0.0,6.0,0,3,2,0,0,0,0,1,0,1,0,0,0,0,1,0,0,0,1,1,0,0,0,0,0
53,28200,6,6,1,37,1,4,3,2,31.0,4,2019,1,1.0,6.2,3,0,2,0,1,0,0,1,0,0,0,0,1,0,0,0,1,1,0,0,1,0,0,0,0
38,32508,9,3,2,31,1,2,1,5,8.3,5,2016,7,0.33,3.4,1,0,0,1,0,0,0,0,1,0,1,0,0,0,0,0,0,1,0,0,0,0,1,0,0
29,17801,8,1,2,17,1,5,2,5,20.9,19,2017,6,0.12,2.1,0,0,1,0,1,0,0,0,0,0,0,0,0,0,0,0,1,1,0,0,0,1,0,0,0
40,88671,8,5,5,20,1,2,1,4,40.0,28,2017,1,0.62,2.5,1,2,2,1,0,0,0,1,0,0,1,0,0,0,0,0,0,0,0,0,0,0,0,0,0
53,97830,6,1,3,60,1,4,4,2,36.9,20,2019,7,0.17,10.0,3,2,2,0,0,0,0,0,0,0,0,1,0,1,0,0,0,1,0,0,0,0,0,0,1
24,30173,5,4,3,16,0,4,3,1,8.0,19,2020,10,0.8,3.2,0,0,0,1,0,0,1,0,0,0,0,1,0,1,0,0,0,1,0,1,0,0,0,0,0
57,61610,7,0,1,56,0,5,4,1,33.3,25,2018,7,0.0,8.0,3,1,2,0,0,1,0,0,0,1,0,0,0,0,1,0,0,1,0,0,0,0,0,0,0
33,16237,8,1,1,50,1,2,4,0,45.2,25,2017,3,0.12,6.2,1,0,2,0,1,0,0,1,0,0,0,0,0,0,0,0,1,0,1,1,0,0,0,0,0
53,119062,8,2,2,8,1,5,3,0,21.1,3,2017,11,0.25,1.0,3,3,1,0,0,0,0,0,0,0,0,0,0,0,0,0,1,1,0,0,0,0,0,0,1
47,72571,10,5,2,0,1,4,4,5,14.0,23,2015,12,0.5,0.0,2,2,1,0,0,0,0,0,1,0,0,0,1,0,0,0,1,1,0,1,0,0,0,0,0
52,105079,1,0,2,8,0,4,4,1,17.2,11,2024,2,0.0,8.0,3,3,1,0,1,0,0,0,0,0,1,0,0,0,0,0,0,0,1,0,0,0,0,1,0
53,22379,7,4,3,41,1,5,3,1,36.6,18,2018,5,0.57,5.9,3,0,2,0,0,1,0,0,0,0,0,0,0,1,0,0,0,1,0,0,0,1,0,0,0
25,81310,8,4,5,38,1,1,1,2,1.6,26,2017,12,0.5,4.8,0,2,0,1,0,0,1,0,0,0,1,0,0,0,0,1,0,0,0,0,0,0,0,1,0
55,26270,6,5,4,57,1,4,4,5,37.1,2,2019,8,0.83,9.5,3,0,2,0,0,0,0,0,1,0,1,0,0,0,0,1,0,0,1,0,1,0,0,0,0
60,81406,2,1,3,30,1,1,3,3,19.9,18,2023,2,0.5,15.0,3,2,1,0,1,0,0,1,0,0,0,1,0,0,1,0,0,0,1,0,0,0,0,0,1
51,32298,2,1,1,38,1,3,3,4,25.0,15,2023,7,0.5,19.0,3,0,1,0,1,1,0,0,0,0,1,0,0,1,0,0,0,0,1,0,0,0,1,0,0
41,95847,9,2,5,25,0,4,1,5,38.4,15,2016,4,0.22,2.8,2,2,2,0,1,0,1,0,0,0,1,0,0,0,0,1,0,0,1,0,0,0,0,1,0
38,110402,9,2,4,25,0,5,3,0,11.7,1,2016,11,0.22,2.8,1,3,1,0,1,1,0,0,0,0,0,0,0,0,0,0,0,0,1,1,0,0,0,0,0
31,100447,3,0,3,7,0,1,3,3,14.9,13,2022,8,0.0,2.3,1,3,1,0,0,0,1,0,0,0,0,1,0,1,0,0,0,0,0,0,1,0,0,0,0
22,79431,8,8,4,52,1,1,2,5,23.6,19,2017,7,1.0,6.5,0,2,1,0,0,0,0,1,0,0,0,1,0,1,0,0,0,1,0,0,1,0,0,0,0
26,76995,10,5,3,22,0,2,4,5,13.2,6,2015,9,0.5,2.2,0,2,1,0,1,1,0,0,0,0,0,0,0,0,0,1,0,1,0,0,1,0,0,0,0
30,83205,3,3,1,15,0,2,4,2,48.0,8,2022,7,1.0,5.0,0,2,2,1,0,0,0,0,0,0,0,0,0,0,0,1,0,1,0,0,1,0,0,0,0
55,103237,3,3,5,14,1,1,2,0,17.8,23,2022,4,1.0,4.7,3,3,1,1,0,0,0,0,0,0,0,0,1,0,0,0,1,0,1,0,0,1,0,0,0
28,82476,7,1,1,36,1,4,4,0,27.4,1,2018,4,0.14,5.1,0,2,2,1,0,1,0,0,0,0,1,0,0,0,1,0,0,0,0,0,1,0,0,0,0
34,34638,7,3,2,15,0,3,4,1,15.6,21,2018,11,0.43,2.1,1,0,1,0,0,0,0,0,1,0,1,0,0,0,1,0,0,0,1,0,0,1,0,0,0
44,39400,7,5,3,60,1,4,1,3,4.0,22,2018,7,0.71,8.6,2,0,0,1,0,0,1,0,0,1,0,0,0,0,0,0,1,0,1,0,0,0,1,0,0
34,29112,4,3,1,0,0,4,2,5,19.9,16,2021,10,0.75,0.0,1,0,1,0,1,0,0,0,0,0,0,0,1,0,0,0,0,1,0,0,0,0,1,0,0
44,54993,3,1,4,17,1,1,3,3,21.4,24,2022,4,0.33,5.7,2,1,1,1,0,0,0,1,0,0,0,0,0,1,0,0,0,1,0,0,0,1,0,0,0
25,103772,5,3,3,46,1,3,4,1,14.2,5,2020,3,0.6,9.2,0,3,1,1,0,0,0,0,0,0,0,0,0,1,0,0,0,1,0,1,0,0,0,0,0
31,71648,4,1,3,2,1,2,2,5,2.6,2,2021,6,0.25,0.5,1,2,0,1,0,0,0,0,0,0,1,0,0,0,0,0,1,0,0,0,0,0,0,0,0
26,49537,2,1,3,15,0,4,2,5,14.6,26,2023,11,0.5,7.5,0,1,1,1,0,0,0,0,0,0,0,0,1,0,1,0,0,1,0,0,0,0,0,0,0
54,21479,3,2,4,12,1,3,4,5,33.9,12,2022,3,0.67,4.0,3,0,2,0,1,0,0,0,0,0,1,0,0,0,0,0,0,1,0,0,0,0,0,0,1
42,92672,9,7,3,12,1,1,3,2,3.2,14,2016,7,0.78,1.3,2,2,0,0,1,0,0,0,1,0,1,0,0,0,0,1,0,1,0,0,1,0,0,0,0
46,88676,3,1,1,14,0,1,2,4,1.8,11,2022,10,0.33,4.7,2,2,0,0,1,0,0,0,1,0,0,0,0,0,1,0,0,0,1,0,1,0,0,0,0
60,113454,3,3,3,6,1,1,3,4,14.7,17,2022,1,1.0,2.0,3,3,1,0,1,1,0,0,0,0,0,0,1,0,0,0,0,1,0,0,0,0,0,0,1
48,104331,10,8,2,54,0,4,4,5,26.5,21,2015,9,0.8,5.4,2,3,2,0,1,1,0,0,0,0,0,1,0,0,1,0,0,0,1,1,0,0,0,0,0
30,102499,8,3,2,22,1,3,1,0,35.1,14,2017,1,0.38,2.8,0,3,2,1,0,0,0,1,0,0,0,0,1,0,0,0,0,1,0,0,0,1,0,0,0
34,55189,1,1,1,16,0,5,3,0,24.2,16,2024,3,1.0,16.0,1,1,1,1,0,1,0,0,0,1,0,0,0,0,1,0,0,1,0,0,0,0,1,0,0
29,31193,5,0,4,44,0,3,2,3,7.1,14,2020,1,0.0,8.8,0,0,0,0,1,0,0,1,0,0,1,0,0,1,0,0,0,0,0,0,1,0,0,0,0
46,47579,5,1,4,26,1,5,1,0,32.4,26,2020,11,0.2,5.2,2,1,2,0,0,0,0,1,0,0,0,0,1,0,1,0,0,1,0,0,0,0,0,0,1
52,72485,2,2,3,14,0,2,2,5,25.5,15,2023,12,1.0,7.0,3,2,2,1,0,0,0,1,0,0,1,0,0,0,0,0,1,0,1,0,0,0,1,0,0
44,31465,4,4,2,45,1,1,4,0,26.5,0,2021,12,1.0,11.2,2,0,2,1,0,0,0,0,1,1,0,0,0,1,0,0,0,1,0,0,1,0,0,0,0
42,85388,9,7,1,60,1,5,4,4,24.8,23,2016,5,0.78,6.7,2,2,1,0,1,0,1,0,0,0,0,0,1,0,1,0,0,1,0,0,0,0,0,0,1
51,115869,6,2,3,32,1,1,3,0,27.4,22,2019,3,0.33,5.3,3,3,2,0,0,0,0,0,1,0,0,0,1,0,1,0,0,1,0,0,0,0,1,0,0
31,44088,3,3,2,35,1,5,3,2,26.1,4,2022,11,1.0,11.7,1,1,2,0,1,0,0,0,0,0,1,0,0,0,0,0,0,0,0,0,0,0,0,0,1
53,90511,3,0,5,34,1,1,2,1,34.7,23,2022,2,0.0,11.3,3,2,2,1,0,0,0,0,1,1,0,0,0,0,0,0,1,0,0,0,0,0,0,0,0
56,88858,2,2,1,40,0,3,2,4,30.7,20,2023,1,1.0,20.0,3,2,2,0,1,0,0,1,0,0,1,0,0,1,0,0,0,1,0,0,0,0,0,0,0
29,15995,7,3,4,52,0,1,3,1,33.9,5,2018,5,0.43,7.4,0,0,2,1,0,0,1,0,0,0,1,0,0,0,0,1,0,1,0,0,0,0,1,0,0
53,45805,8,0,5,53,1,4,2,1,15.2,19,2017,4,0.0,6.6,3,1,1,0,0,0,0,1,0,1,0,0,0,1,0,0,0,0,1,0,0,1,0,0,0
55,108469,4,3,2,29,0,3,1,5,7.3,0,2021,9,0.75,7.2,3,3,0,1,0,0,0,1,0,0,0,0,0,1,0,0,0,0,0,0,0,0,0,1,0
38,53617,2,2,2,26,0,5,3,3,43.2,17,2023,3,1.0,13.0,1,1,2,0,1,1,0,0,0,0,0,0,0,0,0,0,1,1,0,0,0,0,0,1,0
44,96419,4,4,5,15,0,4,4,5,26.6,24,2021,1,1.0,3.8,2,2,2,0,1,0,0,0,1,0,1,0,0,0,0,1,0,1,0,1,0,0,0,0,0
58,81007,6,2,5,49,0,2,2,2,6.3,26,2019,1,0.33,8.2,3,2,0,1,0,0,0,0,0,1,0,0,0,0,0,1,0,0,1,0,0,0,0,0,0
47,65633,2,2,4,13,1,4,2,4,11.8,24,2023,1,1.0,6.5,2,1,1,1,0,0,0,0,0,0,0,0,1,0,0,0,1,1,0,0,0,0,0,0,1
25,95949,6,0,2,18,1,2,3,3,18.1,19,2019,10,0.0,3.0,0,2,1,0,0,0,0,1,0,0,0,0,0,1,0,0,0,0,0,0,1,0,0,0,0
53,72903,5,1,2,11,1,3,4,1,35.8,25,2020,1,0.2,2.2,3,2,2,0,0,0,0,0,0,1,0,0,0,0,0,0,0,1,0,1,0,0,0,0,0
30,82839,6,1,3,53,1,5,4,0,17.7,12,2019,2,0.17,8.8,0,2,1,0,1,0,0,0,0,1,0,0,0,0,0,0,1,1,0,0,0,0,0,1,0
42,74602,7,6,4,56,1,3,3,3,12.7,20,2018,10,0.86,8.0,2,2,1,0,1,0,0,1,0,0,1,0,0,0,0,0,0,0,0,0,0,0,0,1,0
53,49309,9,0,5,7,0,1,1,0,32.0,18,2016,2,0.0,0.8,3,1,2,0,0,0,0,0,1,0,1,0,0,0,0,0,1,0,0,0,0,1,0,0,0
54,105597,3,2,5,33,0,3,2,4,38.4,22,2022,1,0.67,11.0,3,3,2,0,0,0,0,0,0,1,0,0,0,0,0,0,0,1,0,0,1,0,0,0,0
52,90941,6,1,5,11,1,5,2,0,14.4,3,2019,3,0.17,1.8,3,2,1,0,0,0,0,0,1,0,0,1,0,0,0,0,1,0,1,0,0,1,0,0,0
57,116183,4,2,2,27,1,3,3,0,4.7,23,2021,1,0.5,6.8,3,3,0,0,1,0,0,1,0,0,0,0,0,1,0,0,0,0,0,0,0,0,0,0,1
49,82023,10,8,4,26,0,5,1,3,37.6,17,2015,12,0.8,2.6,2,2,2,1,0,1,0,0,0,0,1,0,0,1,0,0,0,0,1,1,0,0,0,0,0
22,86787,6,5,5,8,0,1,2,1,47.3,23,2019,10,0.83,1.3,0,2,2,0,0,0,0,0,1,0,0,0,1,1,0,0,0,0,1,0,0,0,0,0,0
56,46561,2,0,3,8,1,3,3,4,20.9,1,2023,7,0.0,4.0,3,1,1,0,1,0,0,1,0,0,1,0,0,0,1,0,0,1,0,0,0,0,1,0,0
28,75912,4,0,1,12,1,5,3,0,35.8,19,2021,9,0.0,3.0,0,2,2,1,0,0,1,0,0,0,0,0,0,0,1,0,0,0,1,0,1,0,0,0,0
53,116642,10,0,2,14,1,1,1,5,40.3,10,2015,10,0.0,1.4,3,3,2,0,1,0,0,0,0,0,1,0,0,0,0,0,0,0,0,0,0,1,0,0,0
59,59801,9,0,2,11,1,2,2,0,3.7,21,2016,8,0.0,1.2,3,1,0,0,0,0,0,0,1,1,0,0,0,0,0,0,1,1,0,0,0,1,0,0,0
46,110180,9,4,4,29,1,2,4,1,26.1,9,2016,12,0.44,3.2,2,3,2,0,0,0,0,0,1,0,0,1,0,0,1,0,0,0,1,0,0,0,0,1,0
39,94941,3,1,1,56,1,5,3,5,44.1,1,2022,6,0.33,18.7,1,2,2,0,1,0,0,0,1,0,0,0,1,0,0,1,0,1,0,0,0,0,0,1,0
25,99988,2,2,5,42,1,3,4,3,13.5,4,2023,6,1.0,21.0,0,2,1,0,1,0,0,1,0,0,0,0,0,0,0,0,1,1,0,0,0,0,0,0,0
32,83505,2,1,1,44,0,4,3,5,47.4,3,2023,9,0.5,22.0,1,2,2,0,0,0,0,1,0,0,0,1,0,0,0,0,0,0,0,0,0,0,0,0,0
48,114719,2,1,4,53,0,4,1,0,38.3,4,2023,6,0.5,26.5,2,3,2,0,0,1,0,0,0,0,0,1,0,0,0,0,1,0,1,0,1,0,0,0,0
55,70214,4,0,1,20,1,1,4,0,32.0,11,2021,2,0.0,5.0,3,2,2,1,0,1,0,0,0,0,1,0,0,0,0,1,0,1,0,0,0,0,0,0,1
51,39510,1,0,1,33,1,4,4,3,4.7,1,2024,5,0.0,33.0,3,0,0,0,0,0,0,0,0,0,0,1,0,1,0,0,0,0,1,0,0,0,0,1,0
22,110285,3,1,1,13,0,5,1,0,15.6,13,2022,1,0.33,4.3,0,3,1,0,1,0,1,0,0,0,0,0,0,0,0,1,0,0,1,1,0,0,0,0,0
51,61379,7,3,1,25,0,3,3,3,25.0,13,2018,8,0.43,3.6,3,1,1,1,0,0,0,0,1,0,0,1,0,1,0,0,0,1,0,0,1,0,0,0,0
42,38760,2,2,4,59,0,4,1,0,32.3,24,2023,11,1.0,29.5,2,0,2,0,1,0,0,0,1,0,1,0,0,0,0,0,1,0,0,0,0,0,0,0,0
31,103939,5,1,3,7,1,1,2,0,12.0,0,2020,11,0.2,1.4,1,3,1,0,1,0,0,1,0,0,0,1,0,1,0,0,0,1,0,0,0,1,0,0,0
51,69856,3,3,3,13,1,5,1,5,49.0,24,2022,7,1.0,4.3,3,1,2,1,0,0,0,1,0,0,0,0,1,0,0,0,0,0,1,0,1,0,0,0,0
24,104236,4,1,3,33,1,1,4,2,31.7,11,2021,4,0.25,8.2,0,3,2,0,0,0,1,0,0,1,0,0,0,1,0,0,0,0,0,0,1,0,0,0,0
38,65212,8,0,1,9,1,1,2,1,20.2,1,2017,11,0.0,1.1,1,1,1,0,0,0,1,0,0,0,0,0,1,1,0,0,0,0,1,1,0,0,0,0,0
48,35662,9,9,2,6,0,1,2,5,46.1,13,2016,10,1.0,0.7,2,0,2,1,0,0,0,0,0,0,0,0,1,0,0,1,0,0,0,0,1,0,0,0,0
46,49790,10,10,4,45,0,2,4,5,27.6,27,2015,11,1.0,4.5,2,1,2,0,1,0,0,1,0,1,0,0,0,0,0,0,1,0,1,0,0,0,0,1,0
50,73288,2,1,4,40,1,5,4,3,28.3,16,2023,5,0.5,20.0,2,2,2,0,0,0,0,1,0,0,0,0,1,0,0,0,0,0,1,1,0,0,0,0,0
49,89668,8,2,3,26,0,4,1,4,16.6,3,2017,6,0.25,3.2,2,2,1,0,0,1,0,0,0,0,0,0,0,0,0,0,0,1,0,0,0,0,1,0,0
24,60807,2,1,5,14,1,4,1,5,21.3,11,2023,2,0.5,7.0,0,1,1,0,1,0,0,0,0,0,0,1,0,0,0,0,1,0,1,0,0,0,0,1,0
38,19710,1,1,5,47,0,1,1,1,18.9,8,2024,5,1.0,47.0,1,0,1,0,0,0,0,0,0,0,0,0,0,0,0,0,0,1,0,0,0,0,0,0,0
57,108992,3,3,2,43,1,3,3,5,15.4,29,2022,3,1.0,14.3,3,3,1,1,0,1,0,0,0,0,0,0,0,0,0,1,0,1,0,0,0,1,0,0,0
40,20140,3,2,5,30,1,5,1,5,27.1,29,2022,11,0.67,10.0,1,0,2,0,0,0,0,0,1,0,1,0,0,0,0,1,0,0,1,1,0,0,0,0,0
24,104427,2,0,3,23,0,5,3,5,36.7,29,2023,10,0.0,11.5,0,3,2,0,0,0,1,0,0,1,0,0,0,1,0,0,0,1,0,0,0,0,0,0,1
60,42735,9,9,1,41,1,2,1,0,12.8,1,2016,5,1.0,4.6,3,1,1,1,0,0,0,1,0,1,0,0,0,1,0,0,0,0,0,0,1,0,0,0,0
42,99637,8,3,5,49,1,4,2,3,8.6,21,2017,9,0.38,6.1,2,2,0,0,0,1,0,0,0,0,0,1,0,1,0,0,0,1,0,1,0,0,0,0,0
32,106853,3,0,2,56,0,1,3,4,47.3,9,2022,1,0.0,18.7,1,3,2,0,0,1,0,0,0,1,0,0,0,0,1,0,0,1,0,0,0,0,0,1,0
36,71573,8,5,3,33,1,3,3,5,45.9,30,2017,2,0.62,4.1,1,2,2,0,0,0,0,0,1,0,0,0,0,0,0,1,0,1,0,0,0,1,0,0,0
54,60081,6,6,5,22,0,2,4,2,49.6,29,2019,10,1.0,3.7,3,1,2,0,1,0,1,0,0,0,0,0,0,1,0,0,0,1,0,0,0,0,0,1,0
40,55725,6,5,3,27,1,2,4,0,47.5,7,2019,8,0.83,4.5,1,1,2,0,0,0,0,0,0,0,0,0,1,0,1,0,0,1,0,0,0,0,0,0,0
54,40926,2,2,4,10,0,1,3,5,45.4,0,2023,7,1.0,5.0,3,1,2,0,0,0,0,1,0,0,0,0,1,0,0,0,1,0,0,0,0,0,0,0,0
37,73425,4,2,1,44,1,2,2,2,49.6,7,2021,3,0.5,11.0,1,2,2,0,0,0,0,0,1,0,0,0,0,0,0,0,0,1,0,0,1,0,0,0,0
56,110637,8,8,2,15,1,3,2,5,43.8,19,2017,6,1.0,1.9,3,3,2,0,0,0,1,0,0,0,0,0,0,0,1,0,0,0,0,0,1,0,0,0,0
44,98369,9,4,5,12,0,3,3,4,35.8,13,2016,8,0.44,1.3,2,2,2,1,0,1,0,0,0,0,0,1,0,0,1,0,0,0,0,1,0,0,0,0,0
54,33890,1,0,2,16,1,1,2,4,20.2,30,2024,5,0.0,16.0,3,0,1,0,0,0,0,1,0,1,0,0,0,0,0,0,1,0,0,0,0,0,0,0,1
25,29917,2,1,2,54,1,5,1,2,38.8,26,2023,1,0.5,27.0,0,0,2,0,1,0,1,0,0,0,1,0,0,0,1,0,0,1,0,0,0,1,0,0,0
46,82330,3,3,2,10,1,5,2,5,28.5,4,2022,8,1.0,3.3,2,2,2,1,0,0,0,0,1,0,0,0,1,0,1,0,0,0,1,0,0,0,0,0,0
36,62836,3,3,3,23,0,5,1,4,44.1,6,2022,11,1.0,7.7,1,1,2,0,1,0,0,1,0,1,0,0,0,0,0,0,0,1,0,0,0,0,0,1,0
43,43664,6,2,1,37,0,4,1,3,2.6,20,2019,9,0.33,6.2,2,1,0,0,1,0,0,0,1,0,1,0,0,0,0,1,0,1,0,0,0,0,0,0,1
49,79181,8,2,1,18,0,1,3,4,6.9,21,2017,5,0.25,2.2,2,2,0,0,1,1,0,0,0,0,0,0,0,1,0,0,0,0,1,0,1,0,0,0,0
23,38937,9,1,2,12,0,2,4,4,6.8,3,2016,7,0.11,1.3,0,0,0,0,0,0,0,0,1,0,0,0,0,0,0,0,1,0,1,0,0,0,0,1,0
44,46504,7,3,5,15,0,1,4,1,23.0,16,2018,2,0.43,2.1,2,1,1,0,0,0,0,1,0,1,0,0,0,0,0,0,1,0,0,0,0,0,1,0,0
51,30953,8,4,3,5,1,4,3,3,32.5,11,2017,5,0.5,0.6,3,0,2,1,0,0,0,0,1,0,0,0,1,1,0,0,0,0,0,0,0,1,0,0,0
22,104990,5,3,2,22,0,3,3,5,14.7,30,2020,1,0.6,4.4,0,3,1,0,1,1,0,0,0,0,0,1,0,0,0,0,1,0,1,1,0,0,0,0,0
27,97747,2,0,5,55,0,2,2,0,18.8,2,2023,6,0.0,27.5,0,2,1,0,0,0,0,0,1,0,0,0,1,0,1,0,0,0,0,0,0,0,0,0,0
26,33384,4,3,4,53,0,2,3,5,48.4,7,2021,10,0.75,13.2,0,0,2,0,0,1,0,0,0,1,0,0,0,0,0,0,0,0,1,0,0,1,0,0,0
41,76101,9,8,2,20,0,2,1,3,21.6,18,2016,11,0.89,2.2,2,2,1,0,0,1,0,0,0,0,0,1,0,0,0,0,0,1,0,1,0,0,0,0,0
56,105323,7,3,5,46,1,1,1,3,1.1,14,2018,1,0.43,6.6,3,3,0,0,1,0,0,1,0,0,1,0,0,0,1,0,0,0,0,0,1,0,0,0,0
50,50788,7,7,1,50,1,5,4,5,37.8,6,2018,10,1.0,7.1,2,1,2,0,1,0,0,0,0,0,0,0,0,0,1,0,0,1,0,0,1,0,0,0,0
29,60203,2,0,1,35,0,5,2,1,12.8,16,2023,4,0.0,17.5,0,1,1,0,1,0,0,1,0,0,1,0,0,0,0,0,1,0,1,0,1,0,0,0,0
28,34910,10,6,4,59,0,4,1,0,17.9,2,2015,7,0.6,5.9,0,0,1,0,1,0,1,0,0,0,1,0,0,0,1,0,0,0,0,0,0,0,0,0,1
59,25836,1,1,1,3,1,2,4,4,4.3,0,2024,3,1.0,3.0,3,0,0,0,1,0,1,0,0,0,0,1,0,0,0,1,0,0,0,0,0,0,0,0,1
34,64090,2,2,1,44,1,5,3,4,5.7,20,2023,3,1.0,22.0,1,1,0,1,0,0,0,0,0,0,1,0,0,0,1,0,0,1,0,0,1,0,0,0,0
36,94555,9,1,2,15,1,1,1,4,2.9,8,2016,9,0.11,1.7,1,2,0,0,1,0,0,0,0,0,0,0,1,0,0,1,0,0,0,0,0,0,0,0,0
55,61640,3,1,5,53,0,1,1,5,22.1,18,2022,3,0.33,17.7,3,1,1,0,1,1,0,0,0,0,0,1,0,0,0,0,1,0,1,0,1,0,0,0,0
45,79133,1,1,1,39,0,4,4,1,46.9,29,2024,5,1.0,39.0,2,2,2,0,1,0,1,0,0,1,0,0,0,1,0,0,0,0,0,0,0,0,0,1,0
41,52538,8,5,5,49,0,3,2,4,4.3,1,2017,12,0.62,6.1,2,1,0,0,1,0,0,1,0,0,0,1,0,0,1,0,0,1,0,1,0,0,0,0,0
23,29638,3,1,1,3,1,5,2,0,18.1,22,2022,12,0.33,1.0,0,0,1,0,1,0,0,0,1,0,1,0,0,0,0,1,0,1,0,0,0,1,0,0,0
55,31479,3,3,1,5,0,4,3,1,34.8,2,2022,4,1.0,1.7,3,0,2,0,0,1,0,0,0,0,1,0,0,0,1,0,0,1,0,1,0,0,0,0,0
52,49779,8,8,3,40,0,3,1,0,9.7,23,2017,3,1.0,5.0,3,1,0,1,0,0,0,0,0,0,0,0,1,0,0,0,1,0,1,1,0,0,0,0,0
50,113059,5,2,1,45,1,5,4,1,39.7,5,2020,10,0.4,9.0,2,3,2,0,1,0,0,0,1,0,0,0,0,0,1,0,0,1,0,0,0,1,0,0,0
56,26249,6,6,1,0,0,1,2,5,22.9,22,2019,12,1.0,0.0,3,0,1,0,0,0,0,0,1,0,0,0,1,0,1,0,0,0,0,0,1,0,0,0,0
40,107149,1,1,1,31,0,4,4,0,23.8,28,2024,6,1.0,31.0,1,3,1,0,0,0,1,0,0,0,1,0,0,0,0,0,1,0,0,0,0,0,0,1,0
59,44642,2,1,3,37,1,1,2,5,24.9,4,2023,8,0.5,18.5,3,1,1,1,0,1,0,0,0,0,0,0,0,0,0,0,0,1,0,0,0,0,0,0,0
54,16390,6,6,1,13,0,5,3,2,4.9,12,2019,1,1.0,2.2,3,0,0,1,0,0,0,1,0,0,0,0,1,0,0,0,0,1,0,0,1,0,0,0,0
29,69941,9,9,5,45,1,1,2,5,7.1,3,2016,12,1.0,5.0,0,1,0,0,1,1,0,0,0,0,0,0,1,0,0,1,0,0,1,0,1,0,0,0,0
33,21906,9,2,2,29,1,1,1,3,11.6,9,2016,10,0.22,3.2,1,0,1,0,1,0,1,0,0,1,0,0,0,0,0,0,1,0,0,1,0,0,0,0,0
46,106275,6,0,4,33,0,2,1,3,46.1,9,2019,10,0.0,5.5,2,3,2,0,1,0,0,0,1,0,1,0,0,0,0,0,0,0,0,0,1,0,0,0,0
46,82015,9,7,2,0,0,5,2,4,8.1,5,2016,8,0.78,0.0,2,2,0,0,0,1,0,0,0,0,0,1,0,1,0,0,0,0,0,0,0,0,0,1,0
42,102676,8,4,2,12,1,4,2,3,37.2,26,2017,9,0.5,1.5,2,3,2,1,0,1,0,0,0,0,0,0,0,0,0,0,1,0,1,0,0,0,1,0,0
35,104099,1,1,3,5,0,5,3,0,39.3,11,2024,4,1.0,5.0,1,3,2,1,0,0,0,1,0,0,0,1,0,0,0,1,0,1,0,0,0,0,0,1,0
39,108437,7,5,2,43,1,2,2,5,36.4,12,2018,6,0.71,6.1,1,3,2,1,0,0,0,0,1,0,0,0,0,0,0,0,1,1,0,0,0,0,0,1,0
54,109928,5,3,3,19,0,1,2,4,26.3,25,2020,5,0.6,3.8,3,3,2,0,1,0,1,0,0,0,0,0,1,1,0,0,0,1,0,1,0,0,0,0,0
37,46333,5,4,1,55,0,2,3,0,3.6,1,2020,6,0.8,11.0,1,1,0,1,0,0,0,0,0,0,0,0,0,0,0,0,1,1,0,0,0,0,0,0,1
31,72184,5,4,2,55,1,2,3,1,17.4,4,2020,7,0.8,11.0,1,2,1,1,0,1,0,0,0,1,0,0,0,0,0,0,1,0,1,0,0,0,1,0,0
42,37415,3,3,2,25,1,3,4,3,2.9,13,2022,10,1.0,8.3,2,0,0,0,1,0,0,0,0,0,0,0,0,1,0,0,0,1,0,0,1,0,0,0,0
38,68089,2,0,2,2,1,2,3,4,14.7,25,2023,5,0.0,1.0,1,1,1,0,0,0,1,0,0,0,0,0,1,1,0,0,0,0,1,0,0,0,0,1,0
58,33949,6,1,1,55,0,1,1,2,9.3,0,2019,1,0.17,9.2,3,0,0,1,0,0,0,0,0,1,0,0,0,0,0,0,1,0,1,0,0,0,0,1,0
31,52107,6,2,2,15,0,3,4,0,12.3,28,2019,10,0.33,2.5,1,1,1,0,1,0,0,0,1,0,0,0,1,0,1,0,0,0,1,0,1,0,0,0,0
44,103894,6,2,4,21,0,1,1,0,46.4,17,2019,5,0.33,3.5,2,3,2,0,0,0,0,0,0,1,0,0,0,0,0,1,0,0,0,0,0,0,1,0,0
51,100952,8,8,5,0,1,3,1,0,46.0,22,2017,8,1.0,0.0,3,3,2,0,1,0,0,0,0,0,0,1,0,0,0,0,0,0,1,1,0,0,0,0,0
30,36102,8,6,2,34,0,3,1,4,12.2,17,2017,1,0.75,4.2,0,0,1,0,1,1,0,0,0,0,0,1,0,0,0,0,0,0,1,0,1,0,0,0,0
48,61535,2,0,2,59,1,4,4,4,2.7,3,2023,8,0.0,29.5,2,1,0,1,0,1,0,0,0,0,0,1,0,0,0,0,0,0,1,0,0,0,0,0,1
34,43232,2,2,2,41,0,4,4,0,28.1,23,2023,10,1.0,20.5,1,1,2,0,0,0,1,0,0,0,0,0,1,0,0,1,0,1,0,0,0,0,0,0,0
53,18003,2,2,5,45,1,2,1,0,18.5,29,2023,3,1.0,22.5,3,0,1,0,1,0,0,0,1,0,1,0,0,0,1,0,0,0,0,0,0,0,1,0,0
45,113830,8,6,4,32,0,3,2,4,38.8,10,2017,8,0.75,4.0,2,3,2,1,0,0,0,1,0,0,0,1,0,0,0,0,0,0,0,1,0,0,0,0,0
32,69048,5,5,5,30,1,4,2,0,45.6,23,2020,7,1.0,6.0,1,1,2,0,0,1,0,0,0,1,0,0,0,0,0,0,1,1,0,0,0,0,0,1,0
39,55193,9,9,2,60,0,5,3,1,31.3,26,2016,4,1.0,6.7,1,1,2,0,0,1,0,0,0,1,0,0,0,0,1,0,0,1,0,0,0,0,0,1,0
55,43305,5,1,3,18,1,5,4,5,5.8,9,2020,12,0.2,3.6,3,1,0,1,0,1,0,0,0,0,0,1,0,0,0,0,1,0,0,0,0,1,0,0,0
58,23654,4,3,2,14,0,1,3,1,32.4,19,2021,12,0.75,3.5,3,0,2,0,1,0,1,0,0,0,0,1,0,1,0,0,0,1,0,0,0,0,1,0,0
28,88897,8,3,4,42,1,1,3,2,38.6,1,2017,9,0.38,5.2,0,2,2,1,0,0,1,0,0,0,0,1,0,1,0,0,0,0,1,1,0,0,0,0,0
38,49305,7,1,1,2,0,5,3,3,44.3,7,2018,8,0.14,0.3,1,1,2,1,0,0,0,0,0,0,0,1,0,0,0,1,0,0,0,1,0,0,0,0,0
52,73932,10,7,5,6,0,4,1,3,29.8,12,2015,8,0.7,0.6,3,2,2,0,0,1,0,0,0,0,0,0,1,0,0,0,1,1,0,0,0,0,0,0,0
60,60905,5,0,5,15,1,5,3,5,35.2,2,2020,11,0.0,3.0,3,1,2,0,1,0,0,0,1,0,0,1,0,0,0,0,0,0,1,1,0,0,0,0,0
47,21883,8,2,4,39,0,5,4,4,9.5,9,2017,7,0.25,4.9,2,0,0,0,0,1,0,0,0,0,1,0,0,0,0,0,0,0,1,0,0,0,0,0,1
36,67282,8,5,4,51,0,4,1,5,11.5,20,2017,1,0.62,6.4,1,1,1,1,0,0,0,0,1,1,0,0,0,0,0,1,0,0,1,0,0,0,0,1,0
35,64567,3,3,3,38,0,1,1,4,30.6,14,2022,11,1.0,12.7,1,1,2,1,0,0,0,0,1,0,1,0,0,1,0,0,0,1,0,0,0,0,0,0,0
28,91858,3,2,1,22,1,1,4,0,26.4,20,2022,1,0.67,7.3,0,2,2,0,1,0,0,0,1,0,0,1,0,0,0,0,1,0,0,1,0,0,0,0,0
33,107539,2,2,4,47,0,2,1,2,19.8,12,2023,1,1.0,23.5,1,3,1,0,0,1,0,0,0,0,0,1,0,1,0,0,0,1,0,0,0,0,0,0,0
55,88607,4,2,4,35,0,4,1,0,19.3,7,2021,11,0.5,8.8,3,2,1,0,1,0,0,0,0,0,0,0,0,0,0,0,0,1,0,0,0,0,0,0,0
23,41689,3,2,4,47,0,1,4,5,7.1,24,2022,5,0.67,15.7,0,1,0,0,0,1,0,0,0,0,0,0,0,0,0,0,0,0,0,0,0,0,0,0,0
32,83268,8,4,1,4,1,4,2,3,26.3,18,2017,8,0.5,0.5,1,2,2,0,0,0,0,0,1,1,0,0,0,0,0,1,0,0,0,0,0,0,1,0,0
33,58406,4,3,1,16,0,4,2,1,23.8,19,2021,12,0.75,4.0,1,1,1,0,1,0,0,0,0,0,1,0,0,1,0,0,0,1,0,0,0,1,0,0,0
27,64833,5,5,3,16,1,4,2,1,44.2,27,2020,3,1.0,3.2,0,1,2,0,1,0,0,0,0,0,0,1,0,0,0,0,0,1,0,0,0,0,0,1,0
41,48814,6,4,3,39,0,5,2,5,28.2,24,2019,10,0.67,6.5,2,1,2,0,0,0,0,0,1,0,1,0,0,1,0,0,0,0,1,0,0,0,1,0,0
60,80686,7,0,3,30,1,1,2,0,5.3,25,2018,10,0.0,4.3,3,2,0,0,0,1,0,0,0,0,1,0,0,0,0,1,0,1,0,0,0,0,0,0,1
60,106100,10,2,5,16,1,2,1,3,21.4,7,2015,6,0.2,1.6,3,3,1,0,0,1,0,0,0,1,0,0,0,0,0,0,0,0,1,0,0,0,0,0,0
41,58440,7,5,3,1,1,1,2,1,43.1,27,2018,10,0.71,0.1,2,1,2,1,0,0,0,1,0,0,0,0,1,0,0,0,1,0,1,1,0,0,0,0,0
25,77557,8,8,4,41,1,2,4,4,49.2,7,2017,2,1.0,5.1,0,2,2,0,0,0,0,1,0,0,0,0,1,0,0,0,1,0,1,0,0,1,0,0,0
57,74829,2,0,3,34,1,1,2,0,42.6,25,2023,12,0.0,17.0,3,2,2,0,0,0,0,0,0,0,0,0,1,1,0,0,0,0,0,0,0,0,1,0,0
40,54229,10,10,2,31,0,1,1,5,7.4,10,2015,11,1.0,3.1,1,1,0,1,0,0,0,0,1,1,0,0,0,0,1,0,0,0,0,0,0,0,0,0,0
45,61343,1,0,3,56,0,2,4,3,10.7,16,2024,3,0.0,56.0,2,1,1,0,0,0,0,1,0,0,0,0,0,0,1,0,0,0,1,0,0,0,0,0,0
33,109882,8,1,4,37,0,5,2,4,13.4,20,2017,12,0.12,4.6,1,3,1,0,0,1,0,0,0,0,0,0,0,0,0,0,1,0,1,0,0,0,0,1,0
43,62251,9,9,4,47,1,4,3,3,32.2,8,2016,5,1.0,5.2,2,1,2,1,0,0,0,0,0,0,0,1,0,0,1,0,0,1,0,0,0,0,0,0,0
52,30547,7,6,2,51,0,5,2,4,2.0,29,2018,12,0.86,7.3,3,0,0,0,0,0,0,0,1,0,1,0,0,0,0,0,1,1,0,0,0,0,0,1,0
39,20866,10,3,5,48,1,1,3,1,46.6,14,2015,12,0.3,4.8,1,0,2,1,0,0,1,0,0,0,0,0,1,0,0,0,1,0,0,0,1,0,0,0,0
34,39959,7,2,5,60,1,5,2,4,5.3,6,2018,2,0.29,8.6,1,0,0,1,0,0,0,1,0,0,0,1,0,0,0,0,1,0,1,0,0,0,0,1,0
57,116963,4,2,3,32,1,4,2,3,25.9,20,2021,12,0.5,8.0,3,3,2,1,0,0,0,0,1,0,1,0,0,0,0,0,1,1,0,0,0,0,0,0,1
48,93786,7,0,1,42,0,4,2,3,38.0,23,2018,11,0.0,6.0,2,2,2,1,0,0,0,0,1,0,0,1,0,0,1,0,0,0,1,0,1,0,0,0,0
30,71311,4,1,2,55,1,3,1,5,27.9,3,2021,10,0.25,13.8,0,2,2,0,0,0,1,0,0,0,0,0,1,0,0,1,0,1,0,1,0,0,0,0,0
50,19572,6,3,3,7,0,3,4,4,41.6,25,2019,5,0.5,1.2,2,0,2,1,0,0,0,1,0,0,0,1,0,0,0,0,0,0,1,0,0,0,0,0,0
46,81568,9,1,5,15,1,4,4,2,43.6,27,2016,7,0.11,1.7,2,2,2,0,0,0,0,0,1,1,0,0,0,0,0,0,1,0,0,0,0,1,0,0,0
26,71539,1,0,4,17,1,2,4,5,7.4,0,2024,2,0.0,17.0,0,2,0,0,1,0,1,0,0,0,0,0,0,0,1,0,0,0,0,0,0,0,0,0,1
22,42980,5,1,3,19,0,4,3,0,8.7,3,2020,2,0.2,3.8,0,1,0,0,1,1,0,0,0,0,0,0,1,1,0,0,0,1,0,1,0,0,0,0,0
38,80733,7,6,1,13,0,5,3,2,6.5,17,2018,5,0.86,1.9,1,2,0,0,0,0,0,0,1,1,0,0,0,0,0,0,0,0,1,0,0,0,0,0,0
60,52308,2,1,2,15,0,3,1,4,48.3,25,2023,12,0.5,7.5,3,1,2,0,1,0,0,1,0,0,1,0,0,0,0,1,0,1,0,0,0,0,1,0,0
22,90428,1,0,1,53,0,2,1,4,29.6,30,2024,3,0.0,53.0,0,2,2,0,0,1,0,0,0,0,1,0,0,0,0,0,1,0,0,0,0,1,0,0,0
25,42481,3,0,2,42,1,5,4,5,49.6,25,2022,2,0.0,14.0,0,1,2,0,0,0,0,0,1,0,1,0,0,0,0,1,0,0,1,0,0,0,0,0,1
52,101496,7,0,2,58,0,2,2,1,47.3,0,2018,3,0.0,8.3,3,3,2,1,0,0,0,1,0,1,0,0,0,0,0,0,1,0,1,0,0,1,0,0,0
34,47881,8,4,5,8,1,1,2,2,16.1,15,2017,9,0.5,1.0,1,1,1,0,1,0,0,0,1,0,0,0,1,1,0,0,0,0,0,0,0,0,1,0,0
27,74462,6,6,3,38,1,1,3,4,22.3,4,2019,4,1.0,6.3,0,2,1,0,0,0,0,0,0,1,0,0,0,1,0,0,0,0,0,0,0,0,0,0,1
55,77668,2,2,4,44,0,2,4,5,25.3,23,2023,1,1.0,22.0,3,2,2,0,0,0,0,1,0,1,0,0,0,0,1,0,0,0,0,0,1,0,0,0,0
25,96232,1,1,2,33,0,2,1,1,1.6,2,2024,3,1.0,33.0,0,2,0,1,0,0,0,0,0,1,0,0,0,0,0,0,1,0,0,0,0,0,0,1,0
33,51564,2,0,1,43,0,4,2,3,12.6,5,2023,12,0.0,21.5,1,1,1,0,0,1,0,0,0,0,1,0,0,0,0,0,1,1,0,0,0,0,1,0,0
27,97476,1,0,3,41,0,3,3,2,26.5,6,2024,3,0.0,41.0,0,2,2,1,0,0,0,0,0,0,0,1,0,0,1,0,0,0,1,0,0,0,0,0,0
48,25423,6,3,4,37,1,1,3,5,18.5,28,2019,2,0.5,6.2,2,0,1,0,1,0,0,0,0,0,0,0,0,0,0,0,1,0,0,1,0,0,0,0,0
22,91098,9,7,4,59,0,2,4,1,7.7,9,2016,8,0.78,6.6,0,2,0,0,0,0,1,0,0,0,0,0,0,0,0,1,0,0,0,1,0,0,0,0,0
52,106203,10,2,2,42,0,4,4,1,9.6,11,2015,7,0.2,4.2,3,3,0,1,0,0,0,1,0,0,0,0,1,0,0,0,0,0,0,0,1,0,0,0,0
37,34361,5,1,1,2,1,5,3,2,36.9,22,2020,4,0.2,0.4,1,0,2,1,0,0,0,1,0,0,0,1,0,0,0,0,1,1,0,0,0,1,0,0,0
41,16871,6,6,1,55,1,4,1,5,10.9,11,2019,11,1.0,9.2,2,0,1,1,0,0,0,0,1,0,0,0,0,1,0,0,0,0,1,0,0,0,0,0,0
60,22141,9,9,3,12,0,4,2,4,33.6,14,2016,7,1.0,1.3,3,0,2,0,1,0,0,0,1,0,1,0,0,0,0,1,0,1,0,0,0,0,1,0,0
56,39832,7,5,2,26,0,4,3,2,33.9,25,2018,9,0.71,3.7,3,0,2,1,0,0,0,0,1,0,0,0,1,1,0,0,0,1,0,0,0,0,1,0,0
44,28995,4,2,2,10,0,3,1,0,14.1,24,2021,5,0.5,2.5,2,0,1,1,0,0,0,0,1,0,0,0,1,0,1,0,0,0,1,0,1,0,0,0,0
53,77493,8,1,2,53,0,2,1,3,36.6,5,2017,4,0.12,6.6,3,2,2,0,1,0,0,1,0,0,1,0,0,0,0,0,0,0,1,0,0,0,0,0,1
58,71307,6,0,3,28,0,1,3,3,11.4,23,2019,7,0.0,4.7,3,2,1,1,0,1,0,0,0,0,0,0,0,0,1,0,0,1,0,0,0,0,0,0,1
59,64320,4,0,1,39,0,1,4,5,2.4,17,2021,1,0.0,9.8,3,1,0,0,0,1,0,0,0,0,0,0,0,0,0,1,0,0,1,0,0,0,0,1,0
48,91409,8,0,1,25,0,2,1,5,29.4,8,2017,10,0.0,3.1,2,2,2,0,0,0,1,0,0,1,0,0,0,0,0,0,0,0,0,0,0,0,0,0,0
51,29368,5,3,2,20,0,5,2,0,46.3,2,2020,2,0.6,4.0,3,0,2,1,0,0,0,0,1,0,0,0,0,0,1,0,0,0,0,0,0,0,0,1,0
22,58946,2,2,2,9,1,1,4,4,44.9,4,2023,6,1.0,4.5,0,1,2,1,0,0,0,0,1,0,0,0,0,0,0,0,1,1,0,0,1,0,0,0,0
33,47614,6,1,2,40,0,5,1,4,45.0,0,2019,3,0.17,6.7,1,1,2,0,0,1,0,0,0,0,1,0,0,0,0,0,1,0,1,1,0,0,0,0,0
35,98632,2,2,1,54,0,2,3,5,24.3,27,2023,2,1.0,27.0,1,2,1,0,0,0,0,0,0,0,0,0,0,1,0,0,0,1,0,0,1,0,0,0,0
55,60586,2,1,3,36,1,2,4,2,25.7,2,2023,7,0.5,18.0,3,1,2,1,0,0,1,0,0,1,0,0,0,0,1,0,0,0,0,0,0,0,1,0,0
59,117737,1,0,3,17,0,5,3,1,31.4,28,2024,3,0.0,17.0,3,3,2,0,1,0,0,0,1,0,0,1,0,1,0,0,0,0,0,0,0,0,1,0,0
33,38871,7,6,2,24,1,1,1,2,4.4,26,2018,1,0.86,3.4,1,0,0,1,0,0,0,0,1,0,0,0,0,0,0,0,1,0,0,1,0,0,0,0,0
24,43453,8,8,4,2,1,4,4,2,32.5,6,2017,9,1.0,0.2,0,1,2,0,0,0,0,0,0,0,0,0,0,0,0,0,0,1,0,0,0,0,0,1,0
30,17013,2,0,4,49,0,1,4,5,7.6,4,2023,4,0.0,24.5,0,0,0,1,0,0,0,0,1,0,0,0,1,0,0,0,1,0,1,0,0,0,0,0,1
57,50410,8,8,3,43,1,3,3,0,6.1,13,2017,11,1.0,5.4,3,1,0,0,1,0,0,1,0,0,0,0,0,0,0,0,1,0,0,0,1,0,0,0,0
26,20043,4,2,2,23,1,5,1,1,7.8,5,2021,2,0.5,5.8,0,0,0,0,1,0,0,1,0,0,1,0,0,1,0,0,0,0,1,0,1,0,0,0,0
26,72362,2,2,5,47,1,2,2,5,42.6,18,2023,12,1.0,23.5,0,2,2,0,0,0,0,0,1,0,0,1,0,0,0,0,0,1,0,0,0,0,1,0,0
23,118579,5,2,3,32,0,5,3,2,40.9,22,2020,9,0.4,6.4,0,3,2,0,1,0,0,0,0,0,1,0,0,0,1,0,0,0,1,0,0,0,0,1,0
25,51091,7,1,3,32,0,5,3,5,26.8,3,2018,9,0.14,4.6,0,1,2,0,1,1,0,0,0,0,0,0,0,0,0,0,0,0,1,0,0,0,0,0,0
40,46277,5,3,5,39,0,2,1,2,2.1,6,2020,2,0.6,7.8,1,1,0,0,0,0,0,0,1,0,0,1,0,1,0,0,0,0,1,1,0,0,0,0,0
53,38170,7,6,1,27,1,5,2,1,33.5,26,2018,2,0.86,3.9,3,0,2,0,0,0,0,1,0,0,0,1,0,0,1,0,0,0,0,0,0,0,0,0,1
30,85135,10,5,2,30,0,2,4,3,43.8,14,2015,10,0.5,3.0,0,2,2,1,0,1,0,0,0,0,0,1,0,0,1,0,0,1,0,0,0,0,0,1,0
53,46099,9,6,1,20,1,2,1,1,7.4,7,2016,11,0.67,2.2,3,1,0,0,0,0,1,0,0,1,0,0,0,0,0,0,0,0,0,0,0,0,0,0,0
51,27926,6,6,4,24,0,5,3,3,4.3,22,2019,11,1.0,4.0,3,0,0,1,0,0,0,0,1,0,1,0,0,0,0,1,0,0,1,0,0,1,0,0,0
59,112128,9,6,2,41,0,4,3,5,19.8,26,2016,3,0.67,4.6,3,3,1,0,1,0,1,0,0,0,0,0,1,1,0,0,0,0,1,0,0,0,0,0,1
38,98980,10,6,4,43,0,2,4,0,37.2,30,2015,6,0.6,4.3,1,2,2,0,1,1,0,0,0,0,0,1,0,0,0,0,0,0,0,0,0,0,1,0,0
45,56392,3,1,2,4,0,3,4,4,14.4,11,2022,10,0.33,1.3,2,1,1,0,0,0,0,0,1,0,0,0,1,0,0,0,1,0,1,0,0,0,1,0,0
42,68506,8,2,2,4,0,3,2,3,3.5,28,2017,3,0.25,0.5,2,1,0,0,0,0,0,0,0,0,1,0,0,0,0,0,1,0,0,0,0,0,1,0,0
44,45752,7,2,2,7,0,2,2,3,20.1,3,2018,4,0.29,1.0,2,1,1,0,0,0,0,0,0,1,0,0,0,0,0,0,1,0,1,0,0,1,0,0,0
29,31751,3,3,2,60,1,3,2,5,39.7,15,2022,6,1.0,20.0,0,0,2,0,0,1,0,0,0,0,1,0,0,1,0,0,0,0,1,0,0,0,0,1,0
24,102548,3,1,1,24,1,5,2,2,7.6,1,2022,5,0.33,8.0,0,3,0,0,1,0,1,0,0,0,0,0,0,0,0,0,1,0,1,0,0,0,0,0,0
31,109338,6,5,4,35,0,5,1,3,14.2,24,2019,1,0.83,5.8,1,3,1,0,1,1,0,0,0,0,0,1,0,0,0,1,0,0,1,0,0,0,0,0,1
28,87476,4,3,2,59,0,1,1,5,9.0,2,2021,10,0.75,14.8,0,2,0,0,0,1,0,0,0,0,0,0,1,0,0,1,0,0,0,0,0,0,0,0,1
32,19374,8,8,2,49,0,1,1,4,7.1,12,2017,5,1.0,6.1,1,0,0,0,1,0,1,0,0,0,0,0,0,0,0,0,0,0,0,0,0,1,0,0,0
51,64339,4,2,1,44,0,4,1,4,24.3,16,2021,9,0.5,11.0,3,1,1,0,1,0,1,0,0,0,0,0,0,0,1,0,0,1,0,0,0,1,0,0,0
25,94594,10,10,4,10,1,3,2,2,47.2,25,2015,7,1.0,1.0,0,2,2,0,1,0,0,0,1,0,1,0,0,1,0,0,0,1,0,0,1,0,0,0,0
28,88970,8,3,2,45,0,1,4,1,18.5,4,2017,11,0.38,5.6,0,2,1,1,0,0,1,0,0,0,0,0,1,0,0,1,0,0,1,0,0,0,0,0,0
50,117858,7,6,1,42,1,2,2,3,8.9,22,2018,7,0.86,6.0,2,3,0,0,1,0,0,1,0,1,0,0,0,1,0,0,0,0,1,0,0,0,0,1,0
52,77367,2,0,5,24,1,3,2,1,37.3,13,2023,12,0.0,12.0,3,2,2,1,0,0,0,0,0,0,0,0,0,0,1,0,0,1,0,0,1,0,0,0,0
32,16446,10,9,4,24,0,5,3,3,1.1,17,2015,6,0.9,2.4,1,0,0,0,1,0,0,0,0,0,0,0,1,0,0,0,1,1,0,0,0,0,1,0,0
22,46877,8,0,2,56,0,5,1,3,41.6,6,2017,5,0.0,7.0,0,1,2,0,1,0,0,1,0,0,0,0,0,0,0,0,0,0,1,0,0,1,0,0,0
59,34365,2,2,5,45,0,2,1,5,38.8,26,2023,5,1.0,22.5,3,0,2,0,0,0,1,0,0,1,0,0,0,0,0,0,0,0,1,0,0,0,0,1,0
42,74503,7,6,5,39,1,5,3,5,12.5,9,2018,7,0.86,5.6,2,2,1,1,0,1,0,0,0,0,0,0,1,0,1,0,0,0,1,0,0,0,1,0,0
48,76546,5,1,1,25,0,5,3,0,9.3,7,2020,6,0.2,5.0,2,2,0,0,0,0,1,0,0,0,1,0,0,0,0,0,1,1,0,1,0,0,0,0,0
47,65073,9,2,3,23,1,3,2,3,35.7,20,2016,12,0.22,2.6,2,1,2,0,0,1,0,0,0,0,0,0,0,0,0,0,1,0,1,0,1,0,0,0,0
46,80457,8,4,1,49,0,3,3,3,16.9,15,2017,3,0.5,6.1,2,2,1,0,1,1,0,0,0,1,0,0,0,0,0,0,1,0,1,0,0,0,1,0,0
31,49809,10,6,4,47,0,4,1,0,36.5,9,2015,6,0.6,4.7,1,1,2,0,1,0,0,1,0,0,1,0,0,0,0,0,1,0,0,0,0,0,0,0,0
33,34708,10,5,2,20,1,2,1,5,30.0,7,2015,6,0.5,2.0,1,0,2,0,0,0,1,0,0,1,0,0,0,0,0,0,0,0,1,1,0,0,0,0,0
40,110788,4,4,4,10,1,5,2,4,37.7,25,2021,12,1.0,2.5,1,3,2,1,0,0,0,0,1,0,0,0,0,0,0,1,0,1,0,1,0,0,0,0,0
40,85978,2,2,2,10,1,4,3,1,27.2,21,2023,1,1.0,5.0,1,2,2,0,1,0,1,0,0,0,1,0,0,1,0,0,0,0,1,0,0,0,0,0,0
25,75235,2,0,2,55,1,2,4,2,12.1,13,2023,5,0.0,27.5,0,2,1,1,0,1,0,0,0,0,0,1,0,0,0,0,1,0,1,0,0,1,0,0,0
41,82096,6,1,2,34,1,3,2,2,25.2,19,2019,4,0.17,5.7,2,2,2,0,1,0,0,0,0,0,1,0,0,0,0,1,0,0,1,0,0,0,0,0,1
39,33865,2,2,5,38,0,5,1,2,18.6,29,2023,11,1.0,19.0,1,0,1,0,1,0,0,0,0,0,1,0,0,0,0,1,0,0,1,0,1,0,0,0,0
54,64697,4,4,5,24,1,2,1,0,28.3,26,2021,1,1.0,6.0,3,1,2,1,0,0,0,0,0,0,1,0,0,0,1,0,0,0,1,0,0,0,0,1,0
48,25405,3,2,5,9,0,4,1,2,4.4,13,2022,1,0.67,3.0,2,0,0,0,0,0,0,0,1,0,0,0,1,1,0,0,0,1,0,0,0,0,0,0,1
42,43505,5,5,4,7,0,4,4,2,34.2,9,2020,7,1.0,1.4,2,1,2,0,0,1,0,0,0,1,0,0,0,0,1,0,0,1,0,0,0,0,0,0,0
22,30103,8,7,5,12,0,5,1,5,26.2,9,2017,12,0.88,1.5,0,0,2,0,0,1,0,0,0,0,0,0,0,1,0,0,0,0,1,0,0,0,0,0,0
36,86882,2,2,4,39,0,3,4,0,3.5,1,2023,12,1.0,19.5,1,2,0,0,1,0,0,0,0,0,1,0,0,0,0,0,1,1,0,0,0,0,1,0,0
43,98129,6,4,2,38,1,3,3,5,5.8,18,2019,1,0.67,6.3,2,2,0,0,1,0,0,0,0,0,1,0,0,0,1,0,0,0,1,0,1,0,0,0,0
53,54281,7,7,5,57,0,2,3,4,13.1,19,2018,4,1.0,8.1,3,1,1,1,0,1,0,0,0,1,0,0,0,1,0,0,0,0,0,0,1,0,0,0,0
40,112060,3,1,3,33,1,3,4,4,37.6,14,2022,9,0.33,11.0,1,3,2,0,1,0,1,0,0,0,0,1,0,0,1,0,0,1,0,0,0,0,1,0,0
46,61304,2,2,1,2,0,2,1,4,49.6,19,2023,8,1.0,1.0,2,1,2,1,0,1,0,0,0,1,0,0,0,0,1,0,0,1,0,0,1,0,0,0,0
25,67029,2,0,2,47,0,5,4,1,48.6,11,2023,2,0.0,23.5,0,1,2,0,1,0,0,0,1,0,1,0,0,0,0,0,0,0,0,0,0,0,0,0,0
37,110539,10,8,5,12,0,1,4,3,14.3,6,2015,11,0.8,1.2,1,3,1,1,0,1,0,0,0,1,0,0,0,0,0,0,0,0,1,0,0,0,1,0,0
51,101778,9,8,2,7,1,3,1,3,37.6,8,2016,4,0.89,0.8,3,3,2,0,1,0,0,0,1,1,0,0,0,0,0,0,0,0,0,0,0,0,0,0,0
39,83735,4,1,5,4,0,5,4,3,19.9,0,2021,7,0.25,1.0,1,2,1,1,0,0,0,0,1,1,0,0,0,0,0,1,0,1,0,0,0,0,0,0,0
60,46555,6,0,1,43,1,1,3,0,42.4,21,2019,10,0.0,7.2,3,1,2,1,0,0,0,1,0,0,0,1,0,1,0,0,0,1,0,0,0,1,0,0,0
31,73836,6,0,4,10,1,1,3,2,46.3,3,2019,12,0.0,1.7,1,2,2,0,1,0,0,0,1,1,0,0,0,0,1,0,0,0,1,0,0,0,0,1,0
26,81575,6,6,4,9,0,4,4,0,25.4,25,2019,3,1.0,1.5,0,2,2,0,0,0,0,1,0,0,1,0,0,0,0,1,0,0,1,0,0,1,0,0,0
25,58843,6,1,4,52,0,3,3,1,22.6,16,2019,4,0.17,8.7,0,1,1,0,1,0,0,1,0,0,0,0,0,0,0,1,0,0,1,0,0,1,0,0,0
55,44677,5,3,5,18,1,2,4,0,31.9,29,2020,11,0.6,3.6,3,1,2,1,0,0,0,0,0,0,0,0,1,1,0,0,0,1,0,0,1,0,0,0,0
47,114032,8,8,5,53,1,2,1,5,37.1,8,2017,11,1.0,6.6,2,3,2,0,0,0,1,0,0,0,0,0,1,0,0,0,1,0,1,0,0,0,0,1,0
50,76044,4,3,1,33,1,1,4,4,14.6,0,2021,12,0.75,8.2,2,2,1,0,1,0,0,0,1,0,1,0,0,0,0,1,0,0,0,0,0,0,0,0,0
52,28436,5,0,1,58,1,2,1,4,27.0,13,2020,3,0.0,11.6,3,0,2,1,0,0,0,1,0,1,0,0,0,1,0,0,0,0,1,0,0,0,1,0,0
30,35334,2,0,2,59,0,4,3,4,37.1,29,2023,2,0.0,29.5,0,0,2,0,1,1,0,0,0,0,0,0,0,1,0,0,0,1,0,0,1,0,0,0,0
33,89241,5,4,2,58,1,4,2,3,48.6,0,2020,10,0.8,11.6,1,2,2,0,1,0,0,1,0,0,0,1,0,0,0,0,1,1,0,0,0,0,0,0,0
46,90535,3,1,1,16,1,2,1,4,44.4,14,2022,10,0.33,5.3,2,2,2,0,0,1,0,0,0,0,0,1,0,1,0,0,0,1,0,0,0,0,0,1,0
22,49077,8,2,4,2,1,5,3,0,43.3,12,2017,9,0.25,0.2,0,1,2,0,1,0,0,1,0,0,0,0,0,0,0,0,0,1,0,0,0,0,0,0,0
22,49738,7,6,4,40,1,1,3,3,26.6,9,2018,5,0.86,5.7,0,1,2,0,1,1,0,0,0,1,0,0,0,0,0,0,0,0,1,0,0,0,0,1,0
34,24751,1,0,5,17,1,4,3,1,31.6,15,2024,2,0.0,17.0,1,0,2,0,1,0,0,0,1,1,0,0,0,0,0,0,0,0,1,1,0,0,0,0,0
